#VRML V2.0 utf8
# 3D model generated by easyeda2kicad.py (https://github.com/uPesy/easyeda2kicad.py)

Shape{
    appearance Appearance {
        material  Material 	{
            diffuseColor 0.6666666666666666 0.6666666666666666 0.6666666666666666
            specularColor 0.4666666666666667 0.4666666666666667 0.4666666666666667
            ambientIntensity 0.6667
            transparency 0.0
            shininess 0.5
        }
    }
    geometry IndexedFaceSet {
        ccw TRUE
        solid FALSE
        coord DEF co Coordinate {
            point [
                -0.9449 0.4721 0.2362, -0.9449 0.4721 0.0, -0.9449 0.2555 0.2362, -0.9449 0.2161 0.0, -0.9449 0.2161 0.1969, -0.9449 0.2175 0.207, -0.9449 0.2214 0.2165, -0.9449 0.2453 0.2349, -0.9449 0.2277 0.2247, -0.9449 0.2358 0.2309, -0.8661 0.2161 0.0, -0.8661 0.2161 0.1969, -0.8661 0.4721 0.0, -0.8661 0.4721 0.2362, -0.8661 0.2555 0.2362, -0.8661 0.2175 0.207, -0.8661 0.2358 0.2309, -0.8661 0.2277 0.2247, -0.8661 0.2214 0.2165, -0.8661 0.2453 0.2349, -0.9422 0.4924 0.0, -0.6496 0.5508 0.0, -0.6496 0.4721 0.0, -0.8661 0.5508 0.0, -0.8865 0.5481 0.0, -0.9055 0.5402 0.0, -0.9343 0.5114 0.0, -0.9218 0.5277 0.0, -0.8018 0.5508 0.5413, -0.8465 0.5508 0.5315, -0.7956 0.5508 0.5495, -0.7874 0.5508 0.5557, 0.8465 0.5508 0.2362, 0.7956 0.5508 0.1789, 0.8018 0.5508 0.187, 0.9449 0.5508 0.7283, 0.9449 0.5508 0.5315, 0.8465 0.5508 0.5315, -0.7874 0.5508 0.1726, -0.7779 0.5508 0.1687, -0.3961 0.5508 0.5634, -0.4055 0.5508 0.5512, -0.9449 0.5508 0.7283, 0.8057 0.5508 0.5318, 0.8018 0.5508 0.5413, 0.7956 0.5508 0.5495, -0.7956 0.5508 0.1789, 0.3961 0.5508 0.5634, 0.3839 0.5508 0.5728, 0.5722 0.5508 0.5318, 0.3696 0.5508 0.5787, 0.5761 0.5508 0.5413, 0.5824 0.5508 0.5495, 0.4134 0.5508 0.5217, 0.4114 0.5508 0.5369, 0.4055 0.5508 0.5512, 0.7677 0.5508 0.561, 0.7779 0.5508 0.5597, 0.7874 0.5508 0.5557, -0.8057 0.5508 0.5318, -0.8071 0.5508 0.5217, -0.8465 0.5508 0.2362, -0.8071 0.5508 0.2067, -0.8661 0.5508 0.2362, -0.8057 0.5508 0.1965, -0.8018 0.5508 0.187, -0.4055 0.5508 0.1772, -0.3961 0.5508 0.1649, -0.5722 0.5508 0.1965, 0.6102 0.5508 0.561, 0.6 0.5508 0.5597, 0.5709 0.5508 0.5217, 0.4055 0.5508 0.1772, 0.4114 0.5508 0.1914, -0.6456 0.5508 0.0306, 0.6 0.5508 0.1687, 0.6102 0.5508 0.1673, 0.5906 0.5508 0.1023, 0.4134 0.5508 0.2067, 0.8661 0.5508 0.2362, 0.8661 0.5508 0.0, 0.7874 0.5508 0.1726, 0.7779 0.5508 0.1687, -0.3543 0.5508 0.5807, -0.3696 0.5508 0.5787, -0.3839 0.5508 0.5728, -0.9449 0.5508 0.5315, -0.7779 0.5508 0.5597, -0.7677 0.5508 0.561, 0.8057 0.5508 0.1965, 0.8071 0.5508 0.2067, 0.8071 0.5508 0.5217, 0.4134 0.5508 0.0, -0.4134 0.5508 0.0, 0.4174 0.5508 0.0306, -0.4174 0.5508 0.0306, -0.5761 0.5508 0.187, 0.5722 0.5508 0.1965, 0.5761 0.5508 0.187, 0.4724 0.5508 0.1023, 0.3543 0.5508 0.5807, 0.5906 0.5508 0.5557, -0.5824 0.5508 0.5495, -0.5906 0.5508 0.5557, -0.6 0.5508 0.5597, -0.6102 0.5508 0.561, -0.6338 0.5508 0.0591, -0.615 0.5508 0.0835, -0.5621 0.5508 0.1141, -0.5824 0.5508 0.1789, -0.5315 0.5508 0.1181, -0.5009 0.5508 0.1141, -0.7677 0.5508 0.1673, -0.6102 0.5508 0.1673, -0.5906 0.5508 0.1023, -0.6 0.5508 0.1687, -0.5906 0.5508 0.1726, -0.5761 0.5508 0.5413, -0.4114 0.5508 0.5369, -0.5722 0.5508 0.5318, -0.4134 0.5508 0.5217, -0.5709 0.5508 0.5217, 0.3543 0.5508 0.1476, 0.3696 0.5508 0.1497, -0.4724 0.5508 0.1023, -0.448 0.5508 0.0835, -0.3839 0.5508 0.1555, -0.4292 0.5508 0.0591, -0.3696 0.5508 0.1497, -0.3543 0.5508 0.1476, 0.5709 0.5508 0.2067, 0.3961 0.5508 0.1649, 0.3839 0.5508 0.1555, 0.448 0.5508 0.0835, 0.4292 0.5508 0.0591, 0.615 0.5508 0.0835, 0.7677 0.5508 0.1673, 0.6338 0.5508 0.0591, 0.6456 0.5508 0.0306, 0.6496 0.5508 0.0, -0.5709 0.5508 0.2067, -0.4134 0.5508 0.2067, -0.4114 0.5508 0.1914, 0.5906 0.5508 0.1726, 0.5621 0.5508 0.1141, 0.5824 0.5508 0.1789, 0.5315 0.5508 0.1181, 0.5009 0.5508 0.1141, -0.8465 0.4721 0.2362, -0.8465 0.4721 0.5315, 0.4134 0.4721 0.0, -0.4134 0.4721 0.0, 0.9449 0.2161 0.0, 0.8661 0.2161 0.0, 0.9449 0.4721 0.0, 0.8661 0.4721 0.0, 0.6496 0.4721 0.0, 0.9218 0.5277 0.0, 0.9343 0.5114 0.0, 0.9422 0.4924 0.0, 0.8865 0.5481 0.0, 0.9055 0.5402 0.0, 0.8465 0.4721 0.5315, 0.8465 0.4721 0.2362, 0.9449 0.4721 0.7283, -0.9449 0.4721 0.7283, 0.8661 0.4721 0.2362, -0.9449 0.4721 0.5315, 0.9449 0.4721 0.5315, 0.6338 0.4721 0.0591, 0.6456 0.4721 0.0306, -0.6456 0.4721 0.0306, -0.3961 0.4721 0.5634, -0.3839 0.4721 0.5728, -0.4292 0.4721 0.0591, -0.4174 0.4721 0.0306, 0.3543 0.4721 0.1476, 0.3696 0.4721 0.1497, -0.6338 0.4721 0.0591, -0.615 0.4721 0.0835, -0.5906 0.4721 0.1023, -0.5621 0.4721 0.1141, -0.5315 0.4721 0.1181, 0.3696 0.4721 0.5787, 0.3839 0.4721 0.5728, 0.3961 0.4721 0.5634, 0.4055 0.4721 0.5512, 0.5315 0.4721 0.1181, 0.4134 0.4721 0.5217, 0.5009 0.4721 0.1141, 0.4134 0.4721 0.2067, 0.4114 0.4721 0.5369, 0.4114 0.4721 0.1914, 0.4055 0.4721 0.1772, 0.4724 0.4721 0.1023, 0.3961 0.4721 0.1649, 0.448 0.4721 0.0835, 0.3839 0.4721 0.1555, 0.4292 0.4721 0.0591, 0.4174 0.4721 0.0306, -0.3543 0.4721 0.1476, -0.3696 0.4721 0.1497, -0.448 0.4721 0.0835, -0.3839 0.4721 0.1555, -0.4724 0.4721 0.1023, -0.3961 0.4721 0.1649, -0.5009 0.4721 0.1141, -0.4055 0.4721 0.1772, -0.4114 0.4721 0.1914, 0.5621 0.4721 0.1141, 0.5906 0.4721 0.1023, 0.615 0.4721 0.0835, -0.4134 0.4721 0.2067, -0.4134 0.4721 0.5217, -0.4114 0.4721 0.5369, -0.4055 0.4721 0.5512, -0.3696 0.4721 0.5787, -0.3543 0.4721 0.5807, 0.3543 0.4721 0.5807, 0.9449 0.4721 0.2362, 0.9449 0.2555 0.2362, 0.9449 0.2161 0.1969, 0.9449 0.2175 0.207, 0.9449 0.2358 0.2309, 0.9449 0.2277 0.2247, 0.9449 0.2214 0.2165, 0.9449 0.2453 0.2349, 0.9422 0.4924 0.2362, 0.9343 0.5114 0.2362, 0.9218 0.5277 0.2362, 0.9055 0.5402 0.2362, 0.8865 0.5481 0.2362, 0.8661 0.2555 0.2362, 0.8661 0.2161 0.1969, 0.8661 0.2277 0.2247, 0.8661 0.2453 0.2349, 0.8661 0.2358 0.2309, 0.8661 0.2175 0.207, 0.8661 0.2214 0.2165, -0.8865 0.5481 0.2362, -0.9055 0.5402 0.2362, -0.9218 0.5277 0.2362, -0.9343 0.5114 0.2362, -0.9422 0.4924 0.2362
            ]
        }
        coordIndex [
            0,1,2,-1,2,1,3,-1,2,3,4,-1,4,5,2,-1,2,5,6,-1,2,6,7,-1,7,6,8,-1,7,8,9,-1,10,11,3,-1,3,11,4,-1,12,13,10,-1,10,13,14,-1,10,14,11,-1,11,14,15,-1,16,17,18,-1,15,14,18,-1,18,14,19,-1,18,19,16,-1,10,3,12,-1,12,3,1,-1,12,1,20,-1,21,22,23,-1,23,22,12,-1,23,12,24,-1,24,12,25,-1,20,26,12,-1,12,26,27,-1,12,27,25,-1,28,29,30,-1,30,29,31,-1,32,33,34,-1,35,36,37,-1,38,39,23,-1,40,41,42,-1,43,44,37,-1,37,44,45,-1,38,23,46,-1,47,48,49,-1,49,48,50,-1,49,50,51,-1,51,50,52,-1,53,54,49,-1,49,54,55,-1,49,55,47,-1,56,35,57,-1,57,35,37,-1,57,37,58,-1,58,37,45,-1,28,59,29,-1,29,59,60,-1,29,60,61,-1,61,60,62,-1,61,62,63,-1,63,62,64,-1,63,64,23,-1,23,64,65,-1,23,65,46,-1,66,67,68,-1,56,69,35,-1,35,69,70,-1,35,70,42,-1,71,72,73,-1,74,21,23,-1,75,76,77,-1,71,73,49,-1,49,73,78,-1,49,78,53,-1,32,79,33,-1,33,79,80,-1,33,80,81,-1,81,80,82,-1,83,84,42,-1,42,84,85,-1,42,85,40,-1,29,86,31,-1,31,86,42,-1,31,42,87,-1,87,42,88,-1,34,89,32,-1,32,89,90,-1,32,90,37,-1,37,90,91,-1,37,91,43,-1,92,93,94,-1,94,93,95,-1,68,67,96,-1,97,98,99,-1,83,42,100,-1,100,42,70,-1,100,70,50,-1,50,70,101,-1,50,101,52,-1,102,103,41,-1,41,103,104,-1,41,104,42,-1,42,104,105,-1,42,105,88,-1,74,23,106,-1,106,23,39,-1,106,39,107,-1,108,109,110,-1,110,109,96,-1,110,96,111,-1,39,112,107,-1,107,112,113,-1,107,113,114,-1,114,113,115,-1,114,115,108,-1,108,115,116,-1,108,116,109,-1,102,41,117,-1,117,41,118,-1,117,118,119,-1,119,118,120,-1,119,120,121,-1,122,123,94,-1,111,96,124,-1,124,96,67,-1,124,67,125,-1,125,67,126,-1,125,126,127,-1,127,126,128,-1,127,128,95,-1,95,128,94,-1,94,128,129,-1,94,129,122,-1,71,130,72,-1,72,130,97,-1,72,97,131,-1,131,97,99,-1,131,99,132,-1,132,99,133,-1,132,133,123,-1,123,133,134,-1,123,134,94,-1,77,76,135,-1,135,76,136,-1,135,136,137,-1,137,136,82,-1,137,82,138,-1,138,82,80,-1,138,80,139,-1,121,120,140,-1,140,120,141,-1,140,141,68,-1,68,141,142,-1,68,142,66,-1,75,77,143,-1,143,77,144,-1,143,144,145,-1,145,144,146,-1,145,146,98,-1,98,146,147,-1,98,147,99,-1,61,148,29,-1,29,148,149,-1,92,150,93,-1,93,150,151,-1,152,153,154,-1,154,153,155,-1,156,139,155,-1,155,139,80,-1,157,158,155,-1,155,158,159,-1,155,159,154,-1,80,160,155,-1,155,160,161,-1,155,161,157,-1,162,163,37,-1,37,163,32,-1,35,42,164,-1,164,42,165,-1,155,166,163,-1,164,165,149,-1,149,165,167,-1,162,168,164,-1,169,170,163,-1,163,170,156,-1,163,156,155,-1,22,171,12,-1,12,171,148,-1,12,148,13,-1,172,173,149,-1,174,175,176,-1,176,175,177,-1,171,178,148,-1,148,178,179,-1,148,179,149,-1,179,180,149,-1,149,180,181,-1,149,181,182,-1,183,184,164,-1,164,184,185,-1,164,185,186,-1,187,188,189,-1,189,188,190,-1,186,191,164,-1,164,191,188,-1,164,188,162,-1,162,188,187,-1,190,192,189,-1,189,192,193,-1,189,193,194,-1,194,193,195,-1,194,195,196,-1,196,195,197,-1,196,197,198,-1,198,197,177,-1,198,177,199,-1,199,177,175,-1,199,175,150,-1,150,175,151,-1,176,200,174,-1,174,200,201,-1,174,201,202,-1,202,201,203,-1,202,203,204,-1,204,203,205,-1,204,205,206,-1,206,205,207,-1,206,207,208,-1,187,209,162,-1,162,209,210,-1,162,210,163,-1,163,210,211,-1,163,211,169,-1,208,212,206,-1,206,212,213,-1,206,213,182,-1,182,213,214,-1,182,214,149,-1,149,214,215,-1,149,215,172,-1,173,216,149,-1,149,216,217,-1,149,217,164,-1,164,217,218,-1,164,218,183,-1,154,219,152,-1,152,219,220,-1,152,220,221,-1,221,220,222,-1,223,224,225,-1,222,220,225,-1,225,220,226,-1,225,226,223,-1,219,154,159,-1,219,159,227,-1,227,159,158,-1,227,158,228,-1,228,158,157,-1,228,157,229,-1,229,157,161,-1,229,161,230,-1,230,161,160,-1,230,160,231,-1,231,160,80,-1,231,80,79,-1,166,155,232,-1,232,155,153,-1,232,153,233,-1,232,234,235,-1,235,234,236,-1,233,237,232,-1,232,237,238,-1,232,238,234,-1,152,221,153,-1,153,221,233,-1,232,220,166,-1,166,220,219,-1,166,219,227,-1,32,163,79,-1,79,163,166,-1,79,166,231,-1,231,166,230,-1,227,228,166,-1,166,228,229,-1,166,229,230,-1,150,92,199,-1,199,92,94,-1,199,94,198,-1,198,94,134,-1,198,134,196,-1,196,134,133,-1,196,133,194,-1,194,133,99,-1,194,99,189,-1,189,99,147,-1,189,147,187,-1,187,147,146,-1,187,146,209,-1,209,146,144,-1,209,144,210,-1,210,144,77,-1,210,77,211,-1,211,77,135,-1,211,135,169,-1,169,135,137,-1,169,137,170,-1,170,137,138,-1,170,138,156,-1,156,138,139,-1,63,23,24,-1,63,24,239,-1,239,24,25,-1,239,25,240,-1,240,25,27,-1,240,27,241,-1,241,27,26,-1,241,26,242,-1,242,26,20,-1,242,20,243,-1,243,20,1,-1,243,1,0,-1,2,14,0,-1,0,14,13,-1,0,13,243,-1,243,13,242,-1,148,61,13,-1,13,61,63,-1,13,63,239,-1,239,240,13,-1,13,240,241,-1,13,241,242,-1,22,21,171,-1,171,21,74,-1,171,74,178,-1,178,74,106,-1,178,106,179,-1,179,106,107,-1,179,107,180,-1,180,107,114,-1,180,114,181,-1,181,114,108,-1,181,108,182,-1,182,108,110,-1,182,110,206,-1,206,110,111,-1,206,111,204,-1,204,111,124,-1,204,124,202,-1,202,124,125,-1,202,125,174,-1,174,125,127,-1,174,127,175,-1,175,127,95,-1,175,95,151,-1,151,95,93,-1,190,78,192,-1,192,78,73,-1,192,73,193,-1,193,73,72,-1,193,72,195,-1,195,72,131,-1,195,131,197,-1,197,131,132,-1,197,132,177,-1,177,132,123,-1,177,123,176,-1,176,123,122,-1,53,78,188,-1,188,78,190,-1,218,100,183,-1,183,100,50,-1,183,50,184,-1,184,50,48,-1,184,48,185,-1,185,48,47,-1,185,47,186,-1,186,47,55,-1,186,55,191,-1,191,55,54,-1,191,54,188,-1,188,54,53,-1,83,100,217,-1,217,100,218,-1,213,120,214,-1,214,120,118,-1,214,118,215,-1,215,118,41,-1,215,41,172,-1,172,41,40,-1,172,40,173,-1,173,40,85,-1,173,85,216,-1,216,85,84,-1,216,84,217,-1,217,84,83,-1,141,120,212,-1,212,120,213,-1,200,129,201,-1,201,129,128,-1,201,128,203,-1,203,128,126,-1,203,126,205,-1,205,126,67,-1,205,67,207,-1,207,67,66,-1,207,66,208,-1,208,66,142,-1,208,142,212,-1,212,142,141,-1,122,129,176,-1,176,129,200,-1,168,162,36,-1,36,162,37,-1,164,168,35,-1,35,168,36,-1,167,165,86,-1,86,165,42,-1,149,167,29,-1,29,167,86,-1,
        ]
    }
}
Shape{
    appearance Appearance {
        material  Material 	{
            diffuseColor 0.7019607843137254 0.7019607843137254 0.7019607843137254
            specularColor 0.050980392156862744 0.050980392156862744 0.050980392156862744
            ambientIntensity 1.0
            transparency 0.0
            shininess 0.5
        }
    }
    geometry IndexedFaceSet {
        ccw TRUE
        solid FALSE
        coord DEF co Coordinate {
            point [
                0.8071 0.5705 0.2067, 0.8071 0.5508 0.2067, 0.8057 0.5508 0.1965, 0.8057 0.5705 0.1965, 0.8018 0.5508 0.187, 0.8018 0.5705 0.187, 0.7956 0.5508 0.1789, 0.7956 0.5705 0.1789, 0.7874 0.5508 0.1726, 0.7874 0.5705 0.1726, 0.7779 0.5508 0.1687, 0.7779 0.5705 0.1687, 0.7677 0.5508 0.1673, 0.7677 0.5705 0.1673, 0.6102 0.5705 0.1673, 0.6102 0.5508 0.1673, 0.6 0.5508 0.1687, 0.6 0.5705 0.1687, 0.5906 0.5508 0.1726, 0.5906 0.5705 0.1726, 0.5824 0.5508 0.1789, 0.5824 0.5705 0.1789, 0.5761 0.5508 0.187, 0.5761 0.5705 0.187, 0.5722 0.5508 0.1965, 0.5722 0.5705 0.1965, 0.5709 0.5508 0.2067, 0.5709 0.5705 0.2067, 0.5709 0.5705 0.5217, 0.5709 0.5508 0.5217, 0.5722 0.5508 0.5318, 0.5722 0.5705 0.5318, 0.5761 0.5508 0.5413, 0.5761 0.5705 0.5413, 0.5824 0.5508 0.5495, 0.5824 0.5705 0.5495, 0.5906 0.5508 0.5557, 0.5906 0.5705 0.5557, 0.6 0.5508 0.5597, 0.6 0.5705 0.5597, 0.6102 0.5508 0.561, 0.6102 0.5705 0.561, 0.7677 0.5705 0.561, 0.7677 0.5508 0.561, 0.7779 0.5508 0.5597, 0.7779 0.5705 0.5597, 0.7874 0.5508 0.5557, 0.7874 0.5705 0.5557, 0.7956 0.5508 0.5495, 0.7956 0.5705 0.5495, 0.8018 0.5508 0.5413, 0.8018 0.5705 0.5413, 0.8057 0.5508 0.5318, 0.8057 0.5705 0.5318, 0.8071 0.5508 0.5217, 0.8071 0.5705 0.5217, 0.7677 0.6098 0.2067, 0.6102 0.6098 0.2067, 0.7677 0.6098 0.5217, 0.6102 0.6098 0.5217, 0.5722 0.5807 0.5217, 0.5722 0.5807 0.2067, 0.5761 0.5902 0.5217, 0.5761 0.5902 0.2067, 0.5824 0.5983 0.5217, 0.5824 0.5983 0.2067, 0.5906 0.6046 0.5217, 0.5906 0.6046 0.2067, 0.6 0.6085 0.5217, 0.6 0.6085 0.2067, 0.5735 0.5807 0.5315, 0.5773 0.5807 0.5407, 0.5773 0.5902 0.5305, 0.5807 0.5902 0.5387, 0.5833 0.5983 0.5289, 0.5861 0.5983 0.5356, 0.5912 0.6046 0.5267, 0.5932 0.6046 0.5315, 0.6004 0.6085 0.5243, 0.6014 0.6085 0.5267, 0.5833 0.5807 0.5485, 0.5861 0.5902 0.5458, 0.5906 0.5983 0.5413, 0.5963 0.6046 0.5356, 0.603 0.6085 0.5289, 0.5912 0.5807 0.5546, 0.6004 0.5807 0.5584, 0.5932 0.5902 0.5512, 0.6014 0.5902 0.5546, 0.5963 0.5983 0.5458, 0.603 0.5983 0.5485, 0.6004 0.6046 0.5387, 0.6051 0.6046 0.5407, 0.6051 0.6085 0.5305, 0.6076 0.6085 0.5315, 0.6102 0.5807 0.5597, 0.6102 0.5902 0.5557, 0.6102 0.5983 0.5495, 0.6102 0.6046 0.5413, 0.6102 0.6085 0.5318, 0.6004 0.5807 0.17, 0.5912 0.5807 0.1738, 0.6014 0.5902 0.1738, 0.5932 0.5902 0.1772, 0.603 0.5983 0.1798, 0.5963 0.5983 0.1826, 0.6051 0.6046 0.1877, 0.6004 0.6046 0.1896, 0.6076 0.6085 0.1969, 0.6051 0.6085 0.1979, 0.5833 0.5807 0.1798, 0.5861 0.5902 0.1826, 0.5906 0.5983 0.187, 0.5963 0.6046 0.1928, 0.603 0.6085 0.1995, 0.6102 0.5807 0.1687, 0.6102 0.5902 0.1726, 0.6102 0.5983 0.1789, 0.6102 0.6046 0.187, 0.6102 0.6085 0.1965, 0.5773 0.5807 0.1877, 0.5735 0.5807 0.1969, 0.5807 0.5902 0.1896, 0.5773 0.5902 0.1979, 0.5861 0.5983 0.1928, 0.5833 0.5983 0.1995, 0.5932 0.6046 0.1969, 0.5912 0.6046 0.2016, 0.6014 0.6085 0.2016, 0.6004 0.6085 0.2041, 0.7677 0.5807 0.5597, 0.7677 0.5902 0.5557, 0.7677 0.5983 0.5495, 0.7677 0.6046 0.5413, 0.7677 0.6085 0.5318, 0.7677 0.5807 0.1687, 0.7677 0.5902 0.1726, 0.7677 0.5983 0.1789, 0.7677 0.6046 0.187, 0.7677 0.6085 0.1965, 0.7776 0.5807 0.5584, 0.7867 0.5807 0.5546, 0.7765 0.5902 0.5546, 0.7848 0.5902 0.5512, 0.7749 0.5983 0.5485, 0.7816 0.5983 0.5458, 0.7728 0.6046 0.5407, 0.7776 0.6046 0.5387, 0.7704 0.6085 0.5315, 0.7728 0.6085 0.5305, 0.7946 0.5807 0.5485, 0.7918 0.5902 0.5458, 0.7874 0.5983 0.5413, 0.7816 0.6046 0.5356, 0.7749 0.6085 0.5289, 0.8007 0.5807 0.5407, 0.8044 0.5807 0.5315, 0.7972 0.5902 0.5387, 0.8007 0.5902 0.5305, 0.7918 0.5983 0.5356, 0.7946 0.5983 0.5289, 0.7848 0.6046 0.5315, 0.7867 0.6046 0.5267, 0.7765 0.6085 0.5267, 0.7776 0.6085 0.5243, 0.8057 0.5807 0.5217, 0.8018 0.5902 0.5217, 0.7956 0.5983 0.5217, 0.7874 0.6046 0.5217, 0.7779 0.6085 0.5217, 0.8044 0.5807 0.1969, 0.8007 0.5807 0.1877, 0.8007 0.5902 0.1979, 0.7972 0.5902 0.1896, 0.7946 0.5983 0.1995, 0.7918 0.5983 0.1928, 0.7867 0.6046 0.2016, 0.7848 0.6046 0.1969, 0.7776 0.6085 0.2041, 0.7765 0.6085 0.2016, 0.7946 0.5807 0.1798, 0.7918 0.5902 0.1826, 0.7874 0.5983 0.187, 0.7816 0.6046 0.1928, 0.7749 0.6085 0.1995, 0.8057 0.5807 0.2067, 0.8018 0.5902 0.2067, 0.7956 0.5983 0.2067, 0.7874 0.6046 0.2067, 0.7779 0.6085 0.2067, 0.7867 0.5807 0.1738, 0.7776 0.5807 0.17, 0.7848 0.5902 0.1772, 0.7765 0.5902 0.1738, 0.7816 0.5983 0.1826, 0.7749 0.5983 0.1798, 0.7776 0.6046 0.1896, 0.7728 0.6046 0.1877, 0.7728 0.6085 0.1979, 0.7704 0.6085 0.1969, -0.7677 0.5705 0.1673, -0.7677 0.5508 0.1673, -0.7779 0.5508 0.1687, -0.7779 0.5705 0.1687, -0.7874 0.5508 0.1726, -0.7874 0.5705 0.1726, -0.7956 0.5508 0.1789, -0.7956 0.5705 0.1789, -0.8018 0.5508 0.187, -0.8018 0.5705 0.187, -0.8057 0.5508 0.1965, -0.8057 0.5705 0.1965, -0.8071 0.5508 0.2067, -0.8071 0.5705 0.2067, -0.8071 0.5705 0.5217, -0.8071 0.5508 0.5217, -0.8057 0.5508 0.5318, -0.8057 0.5705 0.5318, -0.8018 0.5508 0.5413, -0.8018 0.5705 0.5413, -0.7956 0.5508 0.5495, -0.7956 0.5705 0.5495, -0.7874 0.5508 0.5557, -0.7874 0.5705 0.5557, -0.7779 0.5508 0.5597, -0.7779 0.5705 0.5597, -0.7677 0.5508 0.561, -0.7677 0.5705 0.561, -0.6102 0.5705 0.561, -0.6102 0.5508 0.561, -0.6 0.5508 0.5597, -0.6 0.5705 0.5597, -0.5906 0.5508 0.5557, -0.5906 0.5705 0.5557, -0.5824 0.5508 0.5495, -0.5824 0.5705 0.5495, -0.5761 0.5508 0.5413, -0.5761 0.5705 0.5413, -0.5722 0.5508 0.5318, -0.5722 0.5705 0.5318, -0.5709 0.5508 0.5217, -0.5709 0.5705 0.5217, -0.5709 0.5705 0.2067, -0.5709 0.5508 0.2067, -0.5722 0.5508 0.1965, -0.5722 0.5705 0.1965, -0.5761 0.5508 0.187, -0.5761 0.5705 0.187, -0.5824 0.5508 0.1789, -0.5824 0.5705 0.1789, -0.5906 0.5508 0.1726, -0.5906 0.5705 0.1726, -0.6 0.5508 0.1687, -0.6 0.5705 0.1687, -0.6102 0.5508 0.1673, -0.6102 0.5705 0.1673, -0.7677 0.6098 0.2067, -0.7677 0.6098 0.5217, -0.6102 0.6098 0.2067, -0.6102 0.6098 0.5217, -0.6102 0.5807 0.5597, -0.7677 0.5807 0.5597, -0.6102 0.5902 0.5557, -0.7677 0.5902 0.5557, -0.6102 0.5983 0.5495, -0.7677 0.5983 0.5495, -0.6102 0.6046 0.5413, -0.7677 0.6046 0.5413, -0.6102 0.6085 0.5318, -0.7677 0.6085 0.5318, -0.8044 0.5807 0.5315, -0.8007 0.5807 0.5407, -0.8007 0.5902 0.5305, -0.7972 0.5902 0.5387, -0.7946 0.5983 0.5289, -0.7918 0.5983 0.5356, -0.7867 0.6046 0.5267, -0.7848 0.6046 0.5315, -0.7776 0.6085 0.5243, -0.7765 0.6085 0.5267, -0.7946 0.5807 0.5485, -0.7918 0.5902 0.5458, -0.7874 0.5983 0.5413, -0.7816 0.6046 0.5356, -0.7749 0.6085 0.5289, -0.8057 0.5807 0.5217, -0.8018 0.5902 0.5217, -0.7956 0.5983 0.5217, -0.7874 0.6046 0.5217, -0.7779 0.6085 0.5217, -0.7867 0.5807 0.5546, -0.7776 0.5807 0.5584, -0.7848 0.5902 0.5512, -0.7765 0.5902 0.5546, -0.7816 0.5983 0.5458, -0.7749 0.5983 0.5485, -0.7776 0.6046 0.5387, -0.7728 0.6046 0.5407, -0.7728 0.6085 0.5305, -0.7704 0.6085 0.5315, -0.6004 0.5807 0.5584, -0.5912 0.5807 0.5546, -0.6014 0.5902 0.5546, -0.5932 0.5902 0.5512, -0.603 0.5983 0.5485, -0.5963 0.5983 0.5458, -0.6051 0.6046 0.5407, -0.6004 0.6046 0.5387, -0.6076 0.6085 0.5315, -0.6051 0.6085 0.5305, -0.5833 0.5807 0.5485, -0.5861 0.5902 0.5458, -0.5906 0.5983 0.5413, -0.5963 0.6046 0.5356, -0.603 0.6085 0.5289, -0.5773 0.5807 0.5407, -0.5735 0.5807 0.5315, -0.5807 0.5902 0.5387, -0.5773 0.5902 0.5305, -0.5861 0.5983 0.5356, -0.5833 0.5983 0.5289, -0.5932 0.6046 0.5315, -0.5912 0.6046 0.5267, -0.6014 0.6085 0.5267, -0.6004 0.6085 0.5243, -0.5722 0.5807 0.5217, -0.5761 0.5902 0.5217, -0.5824 0.5983 0.5217, -0.5906 0.6046 0.5217, -0.6 0.6085 0.5217, -0.8057 0.5807 0.2067, -0.8018 0.5902 0.2067, -0.7956 0.5983 0.2067, -0.7874 0.6046 0.2067, -0.7779 0.6085 0.2067, -0.5722 0.5807 0.2067, -0.5761 0.5902 0.2067, -0.5824 0.5983 0.2067, -0.5906 0.6046 0.2067, -0.6 0.6085 0.2067, -0.7776 0.5807 0.17, -0.7867 0.5807 0.1738, -0.7765 0.5902 0.1738, -0.7848 0.5902 0.1772, -0.7749 0.5983 0.1798, -0.7816 0.5983 0.1826, -0.7728 0.6046 0.1877, -0.7776 0.6046 0.1896, -0.7704 0.6085 0.1969, -0.7728 0.6085 0.1979, -0.7946 0.5807 0.1798, -0.7918 0.5902 0.1826, -0.7874 0.5983 0.187, -0.7816 0.6046 0.1928, -0.7749 0.6085 0.1995, -0.7677 0.5807 0.1687, -0.7677 0.5902 0.1726, -0.7677 0.5983 0.1789, -0.7677 0.6046 0.187, -0.7677 0.6085 0.1965, -0.8007 0.5807 0.1877, -0.8044 0.5807 0.1969, -0.7972 0.5902 0.1896, -0.8007 0.5902 0.1979, -0.7918 0.5983 0.1928, -0.7946 0.5983 0.1995, -0.7848 0.6046 0.1969, -0.7867 0.6046 0.2016, -0.7765 0.6085 0.2016, -0.7776 0.6085 0.2041, -0.5735 0.5807 0.1969, -0.5773 0.5807 0.1877, -0.5773 0.5902 0.1979, -0.5807 0.5902 0.1896, -0.5833 0.5983 0.1995, -0.5861 0.5983 0.1928, -0.5912 0.6046 0.2016, -0.5932 0.6046 0.1969, -0.6004 0.6085 0.2041, -0.6014 0.6085 0.2016, -0.5833 0.5807 0.1798, -0.5861 0.5902 0.1826, -0.5906 0.5983 0.187, -0.5963 0.6046 0.1928, -0.603 0.6085 0.1995, -0.5912 0.5807 0.1738, -0.6004 0.5807 0.17, -0.5932 0.5902 0.1772, -0.6014 0.5902 0.1738, -0.5963 0.5983 0.1826, -0.603 0.5983 0.1798, -0.6004 0.6046 0.1896, -0.6051 0.6046 0.1877, -0.6051 0.6085 0.1979, -0.6076 0.6085 0.1969, -0.6102 0.5807 0.1687, -0.6102 0.5902 0.1726, -0.6102 0.5983 0.1789, -0.6102 0.6046 0.187, -0.6102 0.6085 0.1965
            ]
        }
        coordIndex [
            0,1,2,-1,0,2,3,-1,3,2,4,-1,3,4,5,-1,5,4,6,-1,5,6,7,-1,7,6,8,-1,7,8,9,-1,9,8,10,-1,9,10,11,-1,11,10,12,-1,11,12,13,-1,13,12,14,-1,14,12,15,-1,14,15,16,-1,14,16,17,-1,17,16,18,-1,17,18,19,-1,19,18,20,-1,19,20,21,-1,21,20,22,-1,21,22,23,-1,23,22,24,-1,23,24,25,-1,25,24,26,-1,25,26,27,-1,27,26,28,-1,28,26,29,-1,28,29,30,-1,28,30,31,-1,31,30,32,-1,31,32,33,-1,33,32,34,-1,33,34,35,-1,35,34,36,-1,35,36,37,-1,37,36,38,-1,37,38,39,-1,39,38,40,-1,39,40,41,-1,41,40,42,-1,42,40,43,-1,42,43,44,-1,42,44,45,-1,45,44,46,-1,45,46,47,-1,47,46,48,-1,47,48,49,-1,49,48,50,-1,49,50,51,-1,51,50,52,-1,51,52,53,-1,53,52,54,-1,53,54,55,-1,55,54,0,-1,0,54,1,-1,56,57,58,-1,58,57,59,-1,27,28,60,-1,27,60,61,-1,61,60,62,-1,61,62,63,-1,63,62,64,-1,63,64,65,-1,65,64,66,-1,65,66,67,-1,67,66,68,-1,67,68,69,-1,69,68,59,-1,69,59,57,-1,31,33,70,-1,70,33,71,-1,70,71,72,-1,72,71,73,-1,72,73,74,-1,74,73,75,-1,74,75,76,-1,76,75,77,-1,76,77,78,-1,78,77,79,-1,78,79,59,-1,33,35,71,-1,71,35,80,-1,71,80,73,-1,73,80,81,-1,73,81,75,-1,75,81,82,-1,75,82,77,-1,77,82,83,-1,77,83,79,-1,79,83,84,-1,79,84,59,-1,28,31,60,-1,60,31,70,-1,60,70,62,-1,62,70,72,-1,62,72,64,-1,64,72,74,-1,64,74,66,-1,66,74,76,-1,66,76,68,-1,68,76,78,-1,68,78,59,-1,37,39,85,-1,85,39,86,-1,85,86,87,-1,87,86,88,-1,87,88,89,-1,89,88,90,-1,89,90,91,-1,91,90,92,-1,91,92,93,-1,93,92,94,-1,93,94,59,-1,39,41,86,-1,86,41,95,-1,86,95,88,-1,88,95,96,-1,88,96,90,-1,90,96,97,-1,90,97,92,-1,92,97,98,-1,92,98,94,-1,94,98,99,-1,94,99,59,-1,35,37,80,-1,80,37,85,-1,80,85,81,-1,81,85,87,-1,81,87,82,-1,82,87,89,-1,82,89,83,-1,83,89,91,-1,83,91,84,-1,84,91,93,-1,84,93,59,-1,17,19,100,-1,100,19,101,-1,100,101,102,-1,102,101,103,-1,102,103,104,-1,104,103,105,-1,104,105,106,-1,106,105,107,-1,106,107,108,-1,108,107,109,-1,108,109,57,-1,19,21,101,-1,101,21,110,-1,101,110,103,-1,103,110,111,-1,103,111,105,-1,105,111,112,-1,105,112,107,-1,107,112,113,-1,107,113,109,-1,109,113,114,-1,109,114,57,-1,14,17,115,-1,115,17,100,-1,115,100,116,-1,116,100,102,-1,116,102,117,-1,117,102,104,-1,117,104,118,-1,118,104,106,-1,118,106,119,-1,119,106,108,-1,119,108,57,-1,23,25,120,-1,120,25,121,-1,120,121,122,-1,122,121,123,-1,122,123,124,-1,124,123,125,-1,124,125,126,-1,126,125,127,-1,126,127,128,-1,128,127,129,-1,128,129,57,-1,25,27,121,-1,121,27,61,-1,121,61,123,-1,123,61,63,-1,123,63,125,-1,125,63,65,-1,125,65,127,-1,127,65,67,-1,127,67,129,-1,129,67,69,-1,129,69,57,-1,21,23,110,-1,110,23,120,-1,110,120,111,-1,111,120,122,-1,111,122,112,-1,112,122,124,-1,112,124,113,-1,113,124,126,-1,113,126,114,-1,114,126,128,-1,114,128,57,-1,41,42,130,-1,41,130,95,-1,95,130,131,-1,95,131,96,-1,96,131,132,-1,96,132,97,-1,97,132,133,-1,97,133,98,-1,98,133,134,-1,98,134,99,-1,99,134,58,-1,99,58,59,-1,13,14,115,-1,13,115,135,-1,135,115,116,-1,135,116,136,-1,136,116,117,-1,136,117,137,-1,137,117,118,-1,137,118,138,-1,138,118,119,-1,138,119,139,-1,139,119,57,-1,139,57,56,-1,45,47,140,-1,140,47,141,-1,140,141,142,-1,142,141,143,-1,142,143,144,-1,144,143,145,-1,144,145,146,-1,146,145,147,-1,146,147,148,-1,148,147,149,-1,148,149,58,-1,47,49,141,-1,141,49,150,-1,141,150,143,-1,143,150,151,-1,143,151,145,-1,145,151,152,-1,145,152,147,-1,147,152,153,-1,147,153,149,-1,149,153,154,-1,149,154,58,-1,42,45,130,-1,130,45,140,-1,130,140,131,-1,131,140,142,-1,131,142,132,-1,132,142,144,-1,132,144,133,-1,133,144,146,-1,133,146,134,-1,134,146,148,-1,134,148,58,-1,51,53,155,-1,155,53,156,-1,155,156,157,-1,157,156,158,-1,157,158,159,-1,159,158,160,-1,159,160,161,-1,161,160,162,-1,161,162,163,-1,163,162,164,-1,163,164,58,-1,53,55,156,-1,156,55,165,-1,156,165,158,-1,158,165,166,-1,158,166,160,-1,160,166,167,-1,160,167,162,-1,162,167,168,-1,162,168,164,-1,164,168,169,-1,164,169,58,-1,49,51,150,-1,150,51,155,-1,150,155,151,-1,151,155,157,-1,151,157,152,-1,152,157,159,-1,152,159,153,-1,153,159,161,-1,153,161,154,-1,154,161,163,-1,154,163,58,-1,3,5,170,-1,170,5,171,-1,170,171,172,-1,172,171,173,-1,172,173,174,-1,174,173,175,-1,174,175,176,-1,176,175,177,-1,176,177,178,-1,178,177,179,-1,178,179,56,-1,5,7,171,-1,171,7,180,-1,171,180,173,-1,173,180,181,-1,173,181,175,-1,175,181,182,-1,175,182,177,-1,177,182,183,-1,177,183,179,-1,179,183,184,-1,179,184,56,-1,0,3,185,-1,185,3,170,-1,185,170,186,-1,186,170,172,-1,186,172,187,-1,187,172,174,-1,187,174,188,-1,188,174,176,-1,188,176,189,-1,189,176,178,-1,189,178,56,-1,9,11,190,-1,190,11,191,-1,190,191,192,-1,192,191,193,-1,192,193,194,-1,194,193,195,-1,194,195,196,-1,196,195,197,-1,196,197,198,-1,198,197,199,-1,198,199,56,-1,11,13,191,-1,191,13,135,-1,191,135,193,-1,193,135,136,-1,193,136,195,-1,195,136,137,-1,195,137,197,-1,197,137,138,-1,197,138,199,-1,199,138,139,-1,199,139,56,-1,7,9,180,-1,180,9,190,-1,180,190,181,-1,181,190,192,-1,181,192,182,-1,182,192,194,-1,182,194,183,-1,183,194,196,-1,183,196,184,-1,184,196,198,-1,184,198,56,-1,55,0,185,-1,55,185,165,-1,165,185,186,-1,165,186,166,-1,166,186,187,-1,166,187,167,-1,167,187,188,-1,167,188,168,-1,168,188,189,-1,168,189,169,-1,169,189,56,-1,169,56,58,-1,200,201,202,-1,200,202,203,-1,203,202,204,-1,203,204,205,-1,205,204,206,-1,205,206,207,-1,207,206,208,-1,207,208,209,-1,209,208,210,-1,209,210,211,-1,211,210,212,-1,211,212,213,-1,213,212,214,-1,214,212,215,-1,214,215,216,-1,214,216,217,-1,217,216,218,-1,217,218,219,-1,219,218,220,-1,219,220,221,-1,221,220,222,-1,221,222,223,-1,223,222,224,-1,223,224,225,-1,225,224,226,-1,225,226,227,-1,227,226,228,-1,228,226,229,-1,228,229,230,-1,228,230,231,-1,231,230,232,-1,231,232,233,-1,233,232,234,-1,233,234,235,-1,235,234,236,-1,235,236,237,-1,237,236,238,-1,237,238,239,-1,239,238,240,-1,239,240,241,-1,241,240,242,-1,242,240,243,-1,242,243,244,-1,242,244,245,-1,245,244,246,-1,245,246,247,-1,247,246,248,-1,247,248,249,-1,249,248,250,-1,249,250,251,-1,251,250,252,-1,251,252,253,-1,253,252,254,-1,253,254,255,-1,255,254,200,-1,200,254,201,-1,256,257,258,-1,258,257,259,-1,227,228,260,-1,227,260,261,-1,261,260,262,-1,261,262,263,-1,263,262,264,-1,263,264,265,-1,265,264,266,-1,265,266,267,-1,267,266,268,-1,267,268,269,-1,269,268,259,-1,269,259,257,-1,217,219,270,-1,270,219,271,-1,270,271,272,-1,272,271,273,-1,272,273,274,-1,274,273,275,-1,274,275,276,-1,276,275,277,-1,276,277,278,-1,278,277,279,-1,278,279,257,-1,219,221,271,-1,271,221,280,-1,271,280,273,-1,273,280,281,-1,273,281,275,-1,275,281,282,-1,275,282,277,-1,277,282,283,-1,277,283,279,-1,279,283,284,-1,279,284,257,-1,214,217,285,-1,285,217,270,-1,285,270,286,-1,286,270,272,-1,286,272,287,-1,287,272,274,-1,287,274,288,-1,288,274,276,-1,288,276,289,-1,289,276,278,-1,289,278,257,-1,223,225,290,-1,290,225,291,-1,290,291,292,-1,292,291,293,-1,292,293,294,-1,294,293,295,-1,294,295,296,-1,296,295,297,-1,296,297,298,-1,298,297,299,-1,298,299,257,-1,225,227,291,-1,291,227,261,-1,291,261,293,-1,293,261,263,-1,293,263,295,-1,295,263,265,-1,295,265,297,-1,297,265,267,-1,297,267,299,-1,299,267,269,-1,299,269,257,-1,221,223,280,-1,280,223,290,-1,280,290,281,-1,281,290,292,-1,281,292,282,-1,282,292,294,-1,282,294,283,-1,283,294,296,-1,283,296,284,-1,284,296,298,-1,284,298,257,-1,231,233,300,-1,300,233,301,-1,300,301,302,-1,302,301,303,-1,302,303,304,-1,304,303,305,-1,304,305,306,-1,306,305,307,-1,306,307,308,-1,308,307,309,-1,308,309,259,-1,233,235,301,-1,301,235,310,-1,301,310,303,-1,303,310,311,-1,303,311,305,-1,305,311,312,-1,305,312,307,-1,307,312,313,-1,307,313,309,-1,309,313,314,-1,309,314,259,-1,228,231,260,-1,260,231,300,-1,260,300,262,-1,262,300,302,-1,262,302,264,-1,264,302,304,-1,264,304,266,-1,266,304,306,-1,266,306,268,-1,268,306,308,-1,268,308,259,-1,237,239,315,-1,315,239,316,-1,315,316,317,-1,317,316,318,-1,317,318,319,-1,319,318,320,-1,319,320,321,-1,321,320,322,-1,321,322,323,-1,323,322,324,-1,323,324,259,-1,239,241,316,-1,316,241,325,-1,316,325,318,-1,318,325,326,-1,318,326,320,-1,320,326,327,-1,320,327,322,-1,322,327,328,-1,322,328,324,-1,324,328,329,-1,324,329,259,-1,235,237,310,-1,310,237,315,-1,310,315,311,-1,311,315,317,-1,311,317,312,-1,312,317,319,-1,312,319,313,-1,313,319,321,-1,313,321,314,-1,314,321,323,-1,314,323,259,-1,213,214,285,-1,213,285,330,-1,330,285,286,-1,330,286,331,-1,331,286,287,-1,331,287,332,-1,332,287,288,-1,332,288,333,-1,333,288,289,-1,333,289,334,-1,334,289,257,-1,334,257,256,-1,241,242,335,-1,241,335,325,-1,325,335,336,-1,325,336,326,-1,326,336,337,-1,326,337,327,-1,327,337,338,-1,327,338,328,-1,328,338,339,-1,328,339,329,-1,329,339,258,-1,329,258,259,-1,203,205,340,-1,340,205,341,-1,340,341,342,-1,342,341,343,-1,342,343,344,-1,344,343,345,-1,344,345,346,-1,346,345,347,-1,346,347,348,-1,348,347,349,-1,348,349,256,-1,205,207,341,-1,341,207,350,-1,341,350,343,-1,343,350,351,-1,343,351,345,-1,345,351,352,-1,345,352,347,-1,347,352,353,-1,347,353,349,-1,349,353,354,-1,349,354,256,-1,200,203,355,-1,355,203,340,-1,355,340,356,-1,356,340,342,-1,356,342,357,-1,357,342,344,-1,357,344,358,-1,358,344,346,-1,358,346,359,-1,359,346,348,-1,359,348,256,-1,209,211,360,-1,360,211,361,-1,360,361,362,-1,362,361,363,-1,362,363,364,-1,364,363,365,-1,364,365,366,-1,366,365,367,-1,366,367,368,-1,368,367,369,-1,368,369,256,-1,211,213,361,-1,361,213,330,-1,361,330,363,-1,363,330,331,-1,363,331,365,-1,365,331,332,-1,365,332,367,-1,367,332,333,-1,367,333,369,-1,369,333,334,-1,369,334,256,-1,207,209,350,-1,350,209,360,-1,350,360,351,-1,351,360,362,-1,351,362,352,-1,352,362,364,-1,352,364,353,-1,353,364,366,-1,353,366,354,-1,354,366,368,-1,354,368,256,-1,245,247,370,-1,370,247,371,-1,370,371,372,-1,372,371,373,-1,372,373,374,-1,374,373,375,-1,374,375,376,-1,376,375,377,-1,376,377,378,-1,378,377,379,-1,378,379,258,-1,247,249,371,-1,371,249,380,-1,371,380,373,-1,373,380,381,-1,373,381,375,-1,375,381,382,-1,375,382,377,-1,377,382,383,-1,377,383,379,-1,379,383,384,-1,379,384,258,-1,242,245,335,-1,335,245,370,-1,335,370,336,-1,336,370,372,-1,336,372,337,-1,337,372,374,-1,337,374,338,-1,338,374,376,-1,338,376,339,-1,339,376,378,-1,339,378,258,-1,251,253,385,-1,385,253,386,-1,385,386,387,-1,387,386,388,-1,387,388,389,-1,389,388,390,-1,389,390,391,-1,391,390,392,-1,391,392,393,-1,393,392,394,-1,393,394,258,-1,253,255,386,-1,386,255,395,-1,386,395,388,-1,388,395,396,-1,388,396,390,-1,390,396,397,-1,390,397,392,-1,392,397,398,-1,392,398,394,-1,394,398,399,-1,394,399,258,-1,249,251,380,-1,380,251,385,-1,380,385,381,-1,381,385,387,-1,381,387,382,-1,382,387,389,-1,382,389,383,-1,383,389,391,-1,383,391,384,-1,384,391,393,-1,384,393,258,-1,255,200,355,-1,255,355,395,-1,395,355,356,-1,395,356,396,-1,396,356,357,-1,396,357,397,-1,397,357,358,-1,397,358,398,-1,398,358,359,-1,398,359,399,-1,399,359,256,-1,399,256,258,-1,
        ]
    }
}
Shape{
    appearance Appearance {
        material  Material 	{
            diffuseColor 0.6666666666666666 0.6666666666666666 0.6666666666666666
            specularColor 0.4666666666666667 0.4666666666666667 0.4666666666666667
            ambientIntensity 0.6667
            transparency 0.0
            shininess 0.5
        }
    }
    geometry IndexedFaceSet {
        ccw TRUE
        solid FALSE
        coord DEF co Coordinate {
            point [
                -0.9449 0.2161 0.1969, -0.8661 0.2161 0.1969, -0.8661 0.2175 0.207, -0.9449 0.2175 0.207, -0.8661 0.2214 0.2165, -0.9449 0.2214 0.2165, -0.8661 0.2277 0.2247, -0.9449 0.2277 0.2247, -0.8661 0.2358 0.2309, -0.9449 0.2358 0.2309, -0.8661 0.2453 0.2349, -0.9449 0.2453 0.2349, -0.8661 0.2555 0.2362, -0.9449 0.2555 0.2362, 0.8661 0.2161 0.1969, 0.9449 0.2161 0.1969, 0.9449 0.2175 0.207, 0.8661 0.2175 0.207, 0.9449 0.2214 0.2165, 0.8661 0.2214 0.2165, 0.9449 0.2277 0.2247, 0.8661 0.2277 0.2247, 0.9449 0.2358 0.2309, 0.8661 0.2358 0.2309, 0.9449 0.2453 0.2349, 0.8661 0.2453 0.2349, 0.9449 0.2555 0.2362, 0.8661 0.2555 0.2362
            ]
        }
        coordIndex [
            0,1,2,-1,0,2,3,-1,3,2,4,-1,3,4,5,-1,5,4,6,-1,5,6,7,-1,7,6,8,-1,7,8,9,-1,9,8,10,-1,9,10,11,-1,11,10,12,-1,11,12,13,-1,14,15,16,-1,14,16,17,-1,17,16,18,-1,17,18,19,-1,19,18,20,-1,19,20,21,-1,21,20,22,-1,21,22,23,-1,23,22,24,-1,23,24,25,-1,25,24,26,-1,25,26,27,-1,
        ]
    }
}
Shape{
    appearance Appearance {
        material  Material 	{
            diffuseColor 0.7019607843137254 0.7019607843137254 0.7019607843137254
            specularColor 0.050980392156862744 0.050980392156862744 0.050980392156862744
            ambientIntensity 1.0
            transparency 0.0
            shininess 0.5
        }
    }
    geometry IndexedFaceSet {
        ccw TRUE
        solid FALSE
        coord DEF co Coordinate {
            point [
                0.9449 0.4721 0.7283, 0.58 0.4721 0.7283, 0.58 0.0355 0.7283, 0.0751 -0.0665 0.7283, 0.0746 -0.0666 0.7283, 0.0838 -0.0666 0.7283, 0.0921 -0.0741 0.7283, 0.093 -0.0731 0.7283, 0.093 -0.0666 0.7283, 0.0333 0.0044 0.7283, 0.0327 0.0059 0.7283, 0.0327 -0.0044 0.7283, 0.0838 0.0355 0.7283, 0.0884 0.0352 0.7283, 0.093 0.0355 0.7283, 0.0884 0.0307 0.7283, 0.093 -0.0044 0.7283, 0.0732 0.0307 0.7283, 0.0732 0.0181 0.7283, 0.0838 0.0307 0.7283, 0.0838 0.0181 0.7283, 0.0873 0.0181 0.7283, 0.0873 0.0136 0.7283, 0.0682 -0.004 0.7283, 0.0659 -0.0044 0.7283, 0.0838 -0.0044 0.7283, 0.0732 0.0136 0.7283, 0.0732 0.0004 0.7283, 0.0838 0.0136 0.7283, 0.0838 0.0004 0.7283, 0.0893 0.0004 0.7283, 0.0893 -0.004 0.7283, 0.0838 -0.004 0.7283, 0.0659 0.0355 0.7283, 0.0682 0.0352 0.7283, 0.0838 0.0352 0.7283, 0.1364 -0.004 0.7283, 0.1308 -0.004 0.7283, 0.1297 -0.0044 0.7283, 0.1421 -0.0044 0.7283, 0.1421 0.0067 0.7283, 0.1402 0.0067 0.7283, 0.1788 -0.0044 0.7283, 0.1661 -0.004 0.7283, 0.1605 -0.004 0.7283, 0.1297 0.0355 0.7283, 0.1421 0.0256 0.7283, 0.1421 0.0355 0.7283, 0.1457 0.0352 0.7283, 0.1511 0.0352 0.7283, 0.1788 0.0355 0.7283, 0.0587 0.0297 0.7283, 0.0559 0.0307 0.7283, 0.0587 0.0016 0.7283, 0.0511 0.0313 0.7283, 0.0494 0.0312 0.7283, 0.046 0.0305 0.7283, 0.0429 0.029 0.7283, 0.0404 0.0269 0.7283, 0.0401 0.0266 0.7283, 0.0382 0.0239 0.7283, 0.0369 0.0205 0.7283, 0.0363 0.0151 0.7283, 0.0363 0.0135 0.7283, 0.0571 0.0009 0.7283, 0.0528 -0.0001 0.7283, 0.0502 -0.0002 0.7283, 0.037 0.0096 0.7283, 0.0383 0.0065 0.7283, 0.0401 0.0039 0.7283, 0.0412 0.0029 0.7283, 0.0467 0.0002 0.7283, 0.0438 0.0012 0.7283, 0.0599 0.0292 0.7283, 0.0603 0.0024 0.7283, 0.0603 0.0289 0.7283, 0.0552 0.0355 0.7283, 0.0562 0.0354 0.7283, 0.0587 0.0355 0.7283, 0.0587 0.0347 0.7283, 0.0603 0.0342 0.7283, 0.0327 0.0239 0.7283, 0.0338 0.0264 0.7283, 0.0327 0.0355 0.7283, 0.0366 0.0301 0.7283, 0.0376 0.031 0.7283, 0.0413 0.0336 0.7283, 0.0454 0.0352 0.7283, 0.0319 0.022 0.7283, 0.0304 0.0355 0.7283, 0.031 0.0169 0.7283, 0.031 0.0148 0.7283, 0.0304 -0.0044 0.7283, 0.0317 0.0085 0.7283, 0.0423 -0.0035 0.7283, 0.0387 -0.0017 0.7283, 0.036 0.0007 0.7283, 0.0357 0.001 0.7283, 0.0459 -0.0044 0.7283, 0.0327 -0.0159 0.7283, 0.0465 -0.0045 0.7283, 0.0495 -0.0047 0.7283, 0.0587 -0.0159 0.7283, 0.0529 -0.0044 0.7283, 0.0603 -0.0024 0.7283, 0.0597 -0.0027 0.7283, 0.0587 -0.0044 0.7283, 0.0587 -0.0031 0.7283, 0.0554 -0.0041 0.7283, 0.0365 -0.0529 0.7283, 0.0372 -0.045 0.7283, 0.0355 -0.0543 0.7283, 0.0348 -0.056 0.7283, 0.0587 -0.0666 0.7283, 0.057 -0.0663 0.7283, 0.0521 -0.0663 0.7283, 0.0327 -0.0666 0.7283, 0.0353 -0.0627 0.7283, 0.0347 -0.061 0.7283, 0.0498 -0.0379 0.7283, 0.0519 -0.0385 0.7283, 0.0535 -0.0394 0.7283, 0.0548 -0.0407 0.7283, 0.038 -0.0516 0.7283, 0.0401 -0.0505 0.7283, 0.0402 -0.043 0.7283, 0.0438 -0.0496 0.7283, 0.0481 -0.0418 0.7283, 0.0464 -0.0416 0.7283, 0.0433 -0.0419 0.7283, 0.0385 -0.0659 0.7283, 0.0369 -0.0647 0.7283, 0.0363 -0.0642 0.7283, 0.0521 -0.0619 0.7283, 0.0519 -0.0619 0.7283, 0.0511 -0.0631 0.7283, 0.0496 -0.0648 0.7283, 0.0372 -0.0402 0.7283, 0.0382 -0.0396 0.7283, 0.0419 -0.0382 0.7283, 0.0469 -0.0376 0.7283, 0.0345 -0.0588 0.7283, 0.0345 -0.0581 0.7283, 0.0558 -0.0423 0.7283, 0.0566 -0.0445 0.7283, 0.057 -0.0482 0.7283, 0.0521 -0.0485 0.7283, 0.0519 -0.0463 0.7283, 0.0514 -0.0445 0.7283, 0.0508 -0.0435 0.7283, 0.0501 -0.0427 0.7283, 0.0492 -0.0422 0.7283, 0.046 -0.0666 0.7283, 0.0459 -0.0666 0.7283, 0.0587 -0.0821 0.7283, 0.0327 -0.0821 0.7283, 0.0434 -0.0669 0.7283, 0.0405 -0.0666 0.7283, 0.0404 -0.0666 0.7283, 0.2756 -0.3547 0.7283, 0.5315 -0.3547 0.7283, 0.2756 -0.276 0.7283, 0.5315 -0.2366 0.7283, 0.1788 -0.276 0.7283, 0.1788 -0.0821 0.7283, 0.1421 -0.276 0.7283, 0.1421 -0.0821 0.7283, 0.1297 -0.276 0.7283, 0.1297 -0.0821 0.7283, 0.093 -0.276 0.7283, 0.093 -0.0821 0.7283, 0.0838 -0.276 0.7283, 0.0838 -0.0821 0.7283, 0.0659 -0.276 0.7283, 0.0659 -0.0821 0.7283, 0.0587 -0.276 0.7283, 0.0327 -0.276 0.7283, 0.0304 -0.276 0.7283, -0.0074 -0.276 0.7283, 0.0304 -0.0821 0.7283, -0.5315 -0.3547 0.7283, -0.2756 -0.3547 0.7283, -0.5315 -0.2366 0.7283, -0.2756 -0.276 0.7283, -0.0074 -0.0821 0.7283, -0.1293 -0.0821 0.7283, -0.1341 -0.084 0.7283, -0.1408 -0.0848 0.7283, -0.9449 -0.0821 0.7283, -0.9449 -0.2366 0.7283, -0.1524 -0.0821 0.7283, -0.1485 -0.0838 0.7283, -0.1419 -0.0848 0.7283, 0.58 -0.0821 0.7283, 0.58 -0.2366 0.7283, 0.9449 -0.0821 0.7283, 0.9449 -0.2366 0.7283, 0.1173 -0.027 0.7283, 0.1297 -0.027 0.7283, 0.1297 -0.0159 0.7283, 0.0979 -0.0593 0.7283, 0.0985 -0.0616 0.7283, 0.0987 -0.0616 0.7283, 0.112 -0.0382 0.7283, 0.093 -0.0159 0.7283, 0.1069 -0.0382 0.7283, 0.093 -0.0451 0.7283, 0.0993 -0.0593 0.7283, 0.0989 -0.0606 0.7283, 0.093 -0.0583 0.7283, 0.0851 -0.0382 0.7283, 0.0838 -0.0159 0.7283, 0.0906 -0.0382 0.7283, 0.0961 -0.0662 0.7283, 0.0959 -0.0666 0.7283, 0.0939 -0.0713 0.7283, 0.0861 -0.0791 0.7283, 0.0861 -0.0747 0.7283, 0.093 -0.0786 0.7283, 0.0913 -0.0792 0.7283, 0.0893 -0.0795 0.7283, 0.0882 -0.0794 0.7283, 0.0889 -0.0752 0.7283, 0.0901 -0.0751 0.7283, 0.0912 -0.0747 0.7283, 0.0993 -0.0705 0.7283, 0.0971 -0.0748 0.7283, 0.1008 -0.0666 0.7283, 0.0953 -0.077 0.7283, 0.0949 -0.0773 0.7283, 0.0932 -0.0785 0.7283, 0.0809 -0.054 0.7283, 0.0818 -0.0554 0.7283, 0.0812 -0.0436 0.7283, 0.0668 -0.0398 0.7283, 0.0683 -0.0389 0.7283, 0.0659 -0.0159 0.7283, 0.0817 -0.0622 0.7283, 0.0808 -0.0635 0.7283, 0.0824 -0.0568 0.7283, 0.0826 -0.0586 0.7283, 0.0823 -0.0606 0.7283, 0.071 -0.038 0.7283, 0.0746 -0.0376 0.7283, 0.0812 -0.0388 0.7283, 0.0779 -0.0379 0.7283, 0.0794 -0.0647 0.7283, 0.0778 -0.0656 0.7283, 0.0741 -0.0416 0.7283, 0.0726 -0.0417 0.7283, 0.0687 -0.0454 0.7283, 0.0713 -0.0421 0.7283, 0.0702 -0.0426 0.7283, 0.0688 -0.046 0.7283, 0.069 -0.0468 0.7283, 0.0693 -0.0474 0.7283, 0.0698 -0.048 0.7283, 0.0715 -0.0491 0.7283, 0.0774 -0.042 0.7283, 0.0746 -0.0504 0.7283, 0.0801 -0.043 0.7283, 0.0765 -0.0511 0.7283, 0.0797 -0.053 0.7283, 0.0695 -0.0433 0.7283, 0.0691 -0.0439 0.7283, 0.0688 -0.0446 0.7283, 0.0637 -0.0458 0.7283, 0.0639 -0.044 0.7283, 0.0644 -0.0492 0.7283, 0.0639 -0.0477 0.7283, 0.0636 -0.0602 0.7283, 0.0644 -0.0425 0.7283, 0.0654 -0.0411 0.7283, 0.0659 -0.0406 0.7283, 0.0655 -0.0614 0.7283, 0.0659 -0.0615 0.7283, 0.0659 -0.0511 0.7283, 0.0651 -0.0502 0.7283, 0.0659 -0.0511 0.7283, 0.0686 -0.0625 0.7283, 0.0711 -0.0539 0.7283, 0.0682 -0.0526 0.7283, 0.0717 -0.0629 0.7283, 0.0719 -0.0629 0.7283, 0.0743 -0.0553 0.7283, 0.0745 -0.0626 0.7283, 0.0775 -0.0591 0.7283, 0.0775 -0.0585 0.7283, 0.0757 -0.0622 0.7283, 0.0762 -0.0619 0.7283, 0.0767 -0.0614 0.7283, 0.0772 -0.0608 0.7283, 0.0774 -0.0601 0.7283, 0.0772 -0.0577 0.7283, 0.0769 -0.0571 0.7283, 0.0763 -0.0565 0.7283, 0.0683 -0.0666 0.7283, 0.0668 -0.0664 0.7283, 0.0659 -0.0666 0.7283, 0.0659 -0.0661 0.7283, 0.0636 -0.0653 0.7283, 0.0712 -0.0669 0.7283, 0.0871 -0.075 0.7283, -0.0414 0.0046 0.7283, -0.0338 -0.0018 0.7283, -0.0074 0.0355 0.7283, -0.0074 -0.0044 0.7283, -0.0774 0.039 0.7283, -0.0724 0.0355 0.7283, -0.0661 0.0312 0.7283, -0.0567 0.0203 0.7283, -0.051 0.0092 0.7283, -0.0497 0.0087 0.7283, -0.0913 0.0442 0.7283, -0.0074 0.4721 0.7283, -0.104 0.0457 0.7283, -0.1171 0.0442 0.7283, -0.13 0.0394 0.7283, -0.9449 0.4721 0.7283, -0.1364 0.0355 0.7283, -0.9449 0.0355 0.7283, -0.1375 0.0348 0.7283, -0.1672 0.0218 0.7283, -0.1562 0.0231 0.7283, -0.144 0.0292 0.7283, -0.153 0.0229 0.7283, -0.1498 0.0226 0.7283, -0.1882 0.0097 0.7283, -0.1864 0.0115 0.7283, -0.1775 0.0178 0.7283, -0.9449 -0.0044 0.7283, -0.9449 -0.0159 0.7283, -0.2006 -0.0159 0.7283, -0.1994 -0.0089 0.7283, -0.1974 -0.0044 0.7283, -0.1949 0.0011 0.7283, -0.1709 -0.0648 0.7283, -0.1809 -0.0599 0.7283, -0.9449 -0.0666 0.7283, -0.1896 -0.0525 0.7283, -0.196 -0.0434 0.7283, -0.2 -0.033 0.7283, -0.2014 -0.0221 0.7283, -0.2013 -0.0194 0.7283, -0.1673 -0.0658 0.7283, -0.167 -0.0666 0.7283, -0.1645 -0.0718 0.7283, -0.1604 -0.0769 0.7283, -0.1549 -0.0811 0.7283, -0.0074 -0.0666 0.7283, -0.1147 -0.0666 0.7283, -0.1147 -0.0667 0.7283, -0.118 -0.0729 0.7283, -0.1223 -0.0777 0.7283, -0.1279 -0.0816 0.7283, -0.0247 -0.0183 0.7283, -0.0234 -0.0274 0.7283, -0.0074 -0.0159 0.7283, -0.0791 -0.0501 0.7283, -0.0772 -0.0494 0.7283, -0.0739 -0.0335 0.7283, -0.0338 -0.0538 0.7283, -0.0413 -0.0603 0.7283, -0.1199 -0.0382 0.7283, -0.0826 -0.0187 0.7283, -0.1248 -0.0338 0.7283, -0.1307 -0.0306 0.7283, -0.0808 -0.0514 0.7283, -0.0282 -0.0461 0.7283, -0.0409 -0.0252 0.7283, -0.0422 -0.0198 0.7283, -0.0443 -0.0159 0.7283, -0.1831 -0.0159 0.7283, -0.0247 -0.0373 0.7283, -0.075 -0.0491 0.7283, -0.0748 -0.0491 0.7283, -0.0739 -0.0493 0.7283, -0.1814 -0.0326 0.7283, -0.1781 -0.0383 0.7283, -0.164 -0.0412 0.7283, -0.1731 -0.0434 0.7283, -0.1671 -0.0472 0.7283, -0.1537 -0.0319 0.7283, -0.1594 -0.0359 0.7283, -0.1838 -0.0215 0.7283, -0.1834 -0.0258 0.7283, -0.1475 -0.0296 0.7283, -0.1408 -0.0287 0.7283, -0.1375 -0.0289 0.7283, -0.0837 -0.0577 0.7283, -0.0836 -0.0566 0.7283, -0.113 -0.0541 0.7283, -0.083 -0.0545 0.7283, -0.082 -0.0526 0.7283, -0.0464 -0.0424 0.7283, -0.0433 -0.038 0.7283, -0.0414 -0.0331 0.7283, -0.0407 -0.0276 0.7283, -0.0772 -0.0661 0.7283, -0.079 -0.0654 0.7283, -0.0808 -0.0641 0.7283, -0.0815 -0.0635 0.7283, -0.0827 -0.0617 0.7283, -0.0834 -0.0598 0.7283, -0.1131 -0.0598 0.7283, -0.113 -0.0569 0.7283, -0.0499 -0.0644 0.7283, -0.0591 -0.0664 0.7283, -0.0756 -0.0664 0.7283, -0.0734 -0.0494 0.7283, -0.0608 -0.0494 0.7283, -0.0558 -0.0484 0.7283, -0.0509 -0.0461 0.7283, -0.0468 -0.0428 0.7283, -0.0647 -0.0059 0.7283, -0.1806 -0.0085 0.7283, -0.183 -0.0147 0.7283, -0.0625 -0.0059 0.7283, -0.0448 -0.015 0.7283, -0.048 -0.0114 0.7283, -0.0523 -0.0084 0.7283, -0.0572 -0.0065 0.7283, -0.0707 0.0109 0.7283, -0.077 0.0184 0.7283, -0.1411 0.0022 0.7283, -0.0777 0.019 0.7283, -0.0856 0.0245 0.7283, -0.1369 0.011 0.7283, -0.1777 -0.0044 0.7283, -0.1431 0.0033 0.7283, -0.065 -0.0044 0.7283, -0.0664 0.0019 0.7283, -0.1493 0.0056 0.7283, -0.1559 0.0064 0.7283, -0.1588 0.0062 0.7283, -0.1306 0.0185 0.7283, -0.0943 0.0278 0.7283, -0.1231 0.024 0.7283, -0.1038 0.029 0.7283, -0.114 0.0277 0.7283, -0.1657 0.0046 0.7283, -0.1719 0.0013 0.7283, -0.1767 -0.003 0.7283, -0.032 -0.0044 0.7283, -0.0281 -0.0097 0.7283, -0.0257 -0.0159 0.7283, 0.1224 -0.0486 0.7283, 0.1224 -0.0618 0.7283, 0.1297 -0.0486 0.7283, 0.1297 -0.0618 0.7283, 0.1364 -0.0486 0.7283, 0.1421 -0.0159 0.7283, 0.1375 -0.027 0.7283, 0.1375 -0.0315 0.7283, 0.1384 -0.0618 0.7283, 0.1421 -0.0666 0.7283, 0.1384 -0.0663 0.7283, 0.1297 -0.0666 0.7283, 0.1297 -0.0663 0.7283, 0.1173 -0.0663 0.7283, 0.1224 -0.0315 0.7283, 0.1224 -0.0441 0.7283, 0.1297 -0.0315 0.7283, 0.1297 -0.0441 0.7283, 0.1364 -0.0441 0.7283, 0.0294 -0.004 0.7283, 0.0087 -0.004 0.7283, 0.0294 0.0004 0.7283, 0.0137 0.0004 0.7283, 0.0137 0.0352 0.7283, 0.0087 0.0352 0.7283, 0.0304 -0.0159 0.7283, 0.0137 -0.0315 0.7283, 0.0137 -0.0441 0.7283, 0.0289 -0.0315 0.7283, 0.0278 -0.0441 0.7283, 0.0298 -0.0618 0.7283, 0.0304 -0.0666 0.7283, 0.0298 -0.0663 0.7283, 0.0087 -0.0663 0.7283, 0.0137 -0.0486 0.7283, 0.0137 -0.0618 0.7283, 0.0278 -0.0486 0.7283, 0.0087 -0.027 0.7283, 0.0289 -0.027 0.7283, 0.0304 0.4721 0.7283, 0.0327 0.4721 0.7283, 0.0483 0.0355 0.7283, 0.0479 -0.0659 0.7283, 0.1275 0.009 0.7283, 0.1256 0.0049 0.7283, 0.1227 0.0015 0.7283, 0.1186 -0.0015 0.7283, 0.1079 0.0352 0.7283, 0.1139 0.0345 0.7283, 0.1186 0.0328 0.7283, 0.1141 -0.0032 0.7283, 0.1075 -0.004 0.7283, 0.0967 -0.004 0.7283, 0.0967 0.0352 0.7283, 0.1227 0.03 0.7283, 0.1241 0.0286 0.7283, 0.1265 0.0252 0.7283, 0.128 0.0215 0.7283, 0.1286 0.0161 0.7283, 0.1285 0.0136 0.7283, 0.051 0.0358 0.7283, 0.0587 0.4721 0.7283, 0.0659 0.4721 0.7283, 0.0838 0.4721 0.7283, 0.093 0.4721 0.7283, 0.1297 0.4721 0.7283, 0.1421 0.4721 0.7283, 0.1788 0.4721 0.7283, 0.163 -0.0277 0.7283, 0.1677 -0.0294 0.7283, 0.1788 -0.0159 0.7283, 0.1767 -0.0532 0.7283, 0.1747 -0.0573 0.7283, 0.1788 -0.0666 0.7283, 0.1718 -0.0608 0.7283, 0.1677 -0.0637 0.7283, 0.1632 -0.0655 0.7283, 0.1566 -0.0663 0.7283, 0.1458 -0.0663 0.7283, 0.1458 -0.027 0.7283, 0.157 -0.027 0.7283, 0.1565 0.0067 0.7283, 0.1718 -0.0322 0.7283, 0.1732 -0.0336 0.7283, 0.1756 -0.037 0.7283, 0.1771 -0.0408 0.7283, 0.1777 -0.0461 0.7283, 0.1776 -0.0487 0.7283, 0.1855 -0.0663 0.7283, 0.1799 -0.0663 0.7283, 0.2096 -0.0663 0.7283, 0.2056 -0.0555 0.7283, 0.1893 -0.0555 0.7283, 0.1948 -0.027 0.7283, 0.2003 -0.027 0.7283, 0.2152 -0.0663 0.7283, 0.58 -0.0666 0.7283, 0.58 -0.0159 0.7283, 0.58 -0.0044 0.7283, 0.9449 0.0355 0.7283, 0.9449 -0.0044 0.7283, 0.9449 -0.0159 0.7283, 0.9449 -0.0666 0.7283, 0.2756 -0.3547 0.0, 0.5315 -0.3547 0.0, 0.5315 -0.3547 0.1969, 0.5315 -0.3547 0.5315, 0.8071 -0.3547 0.5315, 0.8071 -0.3547 0.1969, -0.2756 -0.3547 0.0, -0.5315 -0.3547 0.5315, -0.5315 -0.3547 0.0, -0.5315 -0.3547 0.1969, -0.8071 -0.3547 0.1969, -0.8071 -0.3547 0.5315, 0.8071 -0.2366 0.5315, 0.8071 0.4721 0.1969, 0.8071 0.4721 0.5315, -0.5315 -0.2169 0.0, -0.6004 -0.2169 0.0, -0.6004 -0.1367 0.0, -0.7382 -0.2169 0.0, -0.7677 -0.2169 0.0, -0.7382 -0.1367 0.0, -0.7677 0.4721 0.0, 0.6004 -0.1367 0.0, 0.6004 -0.2169 0.0, 0.5315 -0.2169 0.0, -0.2756 -0.276 0.0, 0.4369 0.1374 0.0, 0.4487 0.1659 0.0, 0.7382 -0.1367 0.0, -0.3937 0.2987 0.0, -0.4182 0.28 0.0, -0.4369 0.2555 0.0, -0.4487 0.1659 0.0, -0.4528 0.1965 0.0, -0.4487 0.227 0.0, 0.7677 0.4721 0.0, 0.7677 -0.2169 0.0, 0.7382 -0.2169 0.0, 0.3041 0.0824 0.0, 0.2756 0.0942 0.0, 0.2511 0.1129 0.0, 0.2756 0.2987 0.0, 0.2511 0.28 0.0, -0.3652 0.0824 0.0, -0.3346 0.0783 0.0, 0.3652 0.3105 0.0, 0.3346 0.3146 0.0, 0.3041 0.3105 0.0, 0.3346 0.0783 0.0, 0.3652 0.0824 0.0, 0.3937 0.0942 0.0, 0.4182 0.1129 0.0, 0.4528 0.1965 0.0, 0.4487 0.227 0.0, 0.4369 0.2555 0.0, 0.2324 0.2555 0.0, 0.2206 0.227 0.0, 0.2165 0.1965 0.0, 0.2206 0.1659 0.0, 0.2324 0.1374 0.0, 0.2756 -0.276 0.0, -0.4369 0.1374 0.0, -0.4182 0.1129 0.0, -0.3937 0.0942 0.0, -0.2324 0.1374 0.0, -0.2206 0.1659 0.0, -0.2165 0.1965 0.0, -0.2206 0.227 0.0, -0.2324 0.2555 0.0, -0.2511 0.28 0.0, -0.2756 0.2987 0.0, 0.4182 0.28 0.0, 0.3937 0.2987 0.0, -0.3041 0.0824 0.0, -0.2756 0.0942 0.0, -0.2511 0.1129 0.0, -0.3041 0.3105 0.0, -0.3346 0.3146 0.0, -0.3652 0.3105 0.0, 0.7677 -0.2169 0.1969, 0.7677 0.4721 0.1969, 0.9449 -0.2366 0.5315, 0.9449 0.4721 0.5315, -0.7677 0.4721 0.1969, -0.8071 0.4721 0.1969, -0.8071 0.4721 0.5315, -0.3822 0.4721 0.1789, -0.374 0.4721 0.1726, -0.3543 0.4721 0.561, -0.3645 0.4721 0.5597, -0.374 0.4721 0.5557, -0.3822 0.4721 0.5495, -0.3884 0.4721 0.5413, -0.3924 0.4721 0.5318, -0.3937 0.4721 0.5217, -0.3884 0.4721 0.187, -0.9449 0.4721 0.5315, -0.3937 0.4721 0.2067, -0.3924 0.4721 0.1965, 0.3645 0.4721 0.1687, 0.374 0.4721 0.1726, 0.3822 0.4721 0.1789, 0.3937 0.4721 0.5217, 0.3924 0.4721 0.5318, 0.3543 0.4721 0.561, 0.3645 0.4721 0.5597, 0.3884 0.4721 0.5413, 0.3822 0.4721 0.5495, 0.374 0.4721 0.5557, 0.3884 0.4721 0.187, 0.3924 0.4721 0.1965, 0.3937 0.4721 0.2067, -0.3645 0.4721 0.1687, -0.3543 0.4721 0.1673, 0.3543 0.4721 0.1673, 0.5315 -0.2169 0.1969
            ]
        }
        coordIndex [
            0,1,2,-1,3,4,5,-1,6,7,8,-1,9,10,11,-1,12,13,14,-1,14,13,15,-1,14,15,16,-1,17,18,19,-1,19,18,20,-1,19,20,15,-1,15,20,21,-1,15,21,16,-1,16,21,22,-1,23,24,25,-1,26,27,28,-1,28,27,29,-1,28,29,22,-1,22,29,30,-1,22,30,16,-1,16,30,31,-1,16,31,25,-1,25,31,32,-1,25,32,23,-1,33,34,12,-1,12,34,35,-1,12,35,13,-1,36,37,38,-1,39,40,41,-1,42,43,44,-1,38,37,45,-1,45,37,46,-1,45,46,47,-1,47,46,48,-1,47,48,49,-1,43,42,49,-1,49,42,50,-1,49,50,47,-1,51,52,53,-1,53,52,54,-1,53,54,55,-1,55,56,53,-1,53,56,57,-1,53,57,58,-1,58,59,53,-1,53,59,60,-1,53,60,61,-1,61,62,53,-1,53,62,63,-1,53,63,64,-1,64,63,65,-1,65,63,66,-1,66,63,67,-1,66,67,68,-1,68,69,66,-1,66,69,70,-1,66,70,71,-1,71,70,72,-1,51,53,73,-1,73,53,74,-1,73,74,75,-1,75,74,24,-1,75,24,33,-1,33,24,23,-1,33,23,34,-1,76,77,78,-1,78,77,79,-1,78,79,33,-1,33,79,80,-1,33,80,75,-1,81,82,83,-1,83,82,84,-1,84,85,83,-1,83,85,86,-1,83,86,87,-1,81,83,88,-1,88,83,89,-1,88,89,90,-1,90,89,91,-1,91,89,92,-1,91,92,93,-1,11,94,95,-1,95,96,11,-1,11,96,97,-1,11,97,9,-1,94,11,98,-1,98,11,99,-1,98,99,100,-1,100,99,101,-1,101,99,102,-1,101,102,103,-1,74,104,24,-1,24,104,105,-1,24,105,106,-1,106,105,107,-1,106,107,108,-1,109,110,111,-1,111,110,112,-1,113,114,115,-1,116,117,118,-1,119,120,102,-1,102,120,121,-1,102,121,122,-1,109,123,110,-1,110,123,124,-1,110,124,125,-1,125,124,126,-1,127,128,126,-1,126,128,129,-1,126,129,125,-1,130,131,116,-1,116,131,132,-1,116,132,117,-1,133,134,115,-1,115,134,135,-1,115,135,136,-1,137,138,99,-1,99,138,139,-1,99,139,102,-1,102,139,140,-1,102,140,119,-1,118,141,116,-1,116,141,142,-1,116,142,99,-1,99,142,112,-1,99,112,137,-1,137,112,110,-1,122,143,102,-1,102,143,144,-1,102,144,145,-1,146,147,126,-1,126,147,148,-1,126,148,149,-1,149,150,126,-1,126,150,151,-1,126,151,127,-1,152,153,154,-1,154,153,155,-1,153,156,155,-1,155,156,157,-1,155,157,116,-1,116,157,158,-1,116,158,130,-1,159,160,161,-1,161,160,162,-1,163,164,165,-1,165,164,166,-1,165,166,167,-1,167,166,168,-1,167,168,169,-1,169,168,170,-1,169,170,171,-1,171,170,172,-1,171,172,173,-1,173,172,174,-1,173,174,175,-1,175,174,154,-1,175,154,176,-1,176,154,155,-1,176,155,177,-1,178,177,179,-1,180,181,182,-1,182,181,183,-1,178,184,185,-1,185,186,178,-1,178,186,187,-1,178,187,183,-1,188,189,190,-1,190,189,182,-1,190,182,191,-1,191,182,183,-1,191,183,192,-1,192,183,187,-1,163,161,164,-1,164,161,162,-1,164,162,193,-1,193,162,194,-1,193,194,195,-1,195,194,196,-1,197,198,199,-1,200,201,202,-1,203,204,205,-1,205,204,206,-1,205,206,207,-1,207,206,200,-1,207,200,208,-1,208,200,202,-1,8,209,5,-1,5,209,210,-1,5,210,211,-1,211,210,204,-1,204,210,212,-1,204,212,206,-1,213,209,214,-1,214,209,8,-1,214,8,215,-1,215,8,7,-1,172,216,217,-1,218,219,170,-1,170,219,220,-1,170,220,172,-1,172,220,221,-1,172,221,216,-1,222,223,8,-1,8,223,224,-1,8,224,6,-1,225,226,168,-1,225,168,227,-1,226,228,168,-1,168,228,229,-1,168,229,170,-1,170,229,230,-1,170,230,218,-1,231,232,233,-1,234,235,236,-1,5,237,238,-1,239,240,5,-1,5,240,241,-1,5,241,237,-1,235,242,236,-1,236,242,243,-1,236,243,211,-1,232,239,233,-1,233,239,5,-1,233,5,244,-1,244,5,211,-1,244,211,245,-1,245,211,243,-1,238,246,5,-1,5,246,247,-1,5,247,3,-1,248,249,250,-1,250,249,251,-1,250,251,252,-1,250,253,248,-1,248,253,254,-1,248,254,255,-1,255,256,248,-1,248,256,257,-1,248,257,258,-1,258,257,259,-1,258,259,260,-1,260,259,261,-1,260,261,233,-1,233,261,262,-1,233,262,231,-1,263,264,252,-1,252,264,265,-1,252,265,250,-1,266,267,102,-1,268,269,270,-1,267,271,102,-1,102,271,272,-1,102,272,236,-1,236,272,273,-1,236,273,234,-1,274,275,276,-1,268,270,277,-1,269,266,270,-1,270,266,102,-1,270,102,113,-1,113,102,145,-1,113,145,114,-1,274,276,270,-1,270,276,278,-1,270,278,277,-1,279,280,275,-1,275,280,281,-1,275,281,276,-1,279,282,280,-1,280,282,283,-1,280,283,284,-1,284,283,285,-1,284,286,287,-1,285,288,284,-1,284,288,289,-1,284,289,290,-1,290,291,284,-1,284,291,292,-1,284,292,286,-1,287,293,284,-1,284,293,294,-1,284,294,295,-1,296,297,298,-1,298,297,299,-1,298,299,113,-1,113,299,300,-1,113,300,270,-1,301,174,4,-1,4,174,172,-1,4,172,5,-1,5,172,217,-1,5,217,8,-1,8,217,302,-1,8,302,222,-1,303,304,305,-1,305,304,306,-1,307,308,305,-1,305,308,309,-1,305,309,310,-1,310,311,305,-1,305,311,312,-1,305,312,303,-1,313,314,315,-1,315,314,316,-1,316,314,317,-1,317,314,318,-1,317,318,319,-1,319,318,320,-1,319,320,321,-1,320,322,321,-1,321,322,323,-1,321,323,324,-1,324,323,325,-1,324,325,326,-1,327,328,320,-1,320,328,329,-1,320,329,322,-1,330,331,332,-1,332,333,330,-1,330,333,334,-1,330,334,320,-1,320,334,335,-1,320,335,327,-1,336,337,338,-1,338,337,339,-1,338,339,340,-1,340,341,338,-1,338,341,342,-1,338,342,331,-1,331,342,343,-1,331,343,332,-1,344,336,345,-1,345,336,338,-1,345,338,346,-1,346,338,347,-1,188,190,338,-1,338,190,348,-1,338,348,347,-1,349,350,184,-1,184,350,351,-1,184,351,352,-1,352,353,184,-1,184,353,354,-1,184,354,185,-1,355,356,357,-1,358,359,360,-1,361,362,349,-1,363,364,365,-1,365,364,366,-1,358,360,367,-1,361,349,368,-1,369,370,364,-1,364,370,371,-1,364,371,372,-1,357,356,349,-1,349,356,373,-1,349,373,368,-1,359,374,360,-1,360,374,375,-1,360,375,376,-1,377,378,379,-1,379,378,380,-1,379,380,381,-1,382,372,383,-1,383,372,384,-1,383,384,379,-1,379,384,385,-1,379,385,377,-1,382,386,372,-1,372,386,387,-1,372,387,364,-1,364,387,388,-1,364,388,366,-1,389,390,391,-1,391,390,392,-1,391,392,360,-1,360,392,393,-1,360,393,367,-1,394,395,360,-1,360,395,396,-1,360,396,364,-1,364,396,397,-1,364,397,369,-1,398,399,350,-1,350,399,400,-1,350,400,401,-1,401,402,350,-1,350,402,403,-1,350,403,404,-1,404,403,389,-1,404,389,405,-1,405,389,391,-1,362,406,349,-1,349,406,407,-1,349,407,350,-1,350,407,408,-1,350,408,398,-1,376,409,360,-1,360,409,410,-1,360,410,411,-1,411,412,360,-1,360,412,413,-1,360,413,394,-1,414,415,416,-1,416,372,414,-1,414,372,371,-1,414,371,417,-1,417,371,418,-1,418,419,417,-1,417,419,420,-1,417,420,421,-1,422,423,424,-1,423,425,424,-1,424,425,426,-1,424,426,427,-1,428,424,429,-1,415,414,428,-1,428,414,430,-1,428,430,424,-1,424,430,431,-1,424,431,422,-1,429,432,428,-1,428,432,433,-1,428,433,434,-1,427,426,435,-1,435,426,436,-1,435,436,437,-1,437,436,438,-1,437,438,439,-1,440,441,434,-1,434,441,442,-1,434,442,428,-1,304,443,306,-1,306,443,444,-1,306,444,357,-1,357,444,445,-1,357,445,355,-1,446,447,448,-1,448,447,449,-1,448,449,450,-1,451,452,453,-1,451,454,455,-1,455,454,456,-1,455,456,457,-1,457,456,458,-1,457,458,459,-1,460,461,462,-1,462,461,463,-1,462,463,453,-1,453,463,464,-1,453,464,451,-1,451,464,450,-1,451,450,454,-1,454,450,449,-1,92,465,466,-1,465,92,467,-1,467,92,89,-1,467,89,468,-1,468,89,469,-1,469,89,305,-1,469,305,470,-1,470,305,466,-1,466,305,306,-1,466,306,92,-1,92,306,357,-1,92,357,471,-1,472,473,474,-1,474,473,475,-1,471,476,477,-1,477,476,478,-1,477,478,479,-1,480,481,482,-1,482,481,476,-1,482,476,475,-1,475,476,471,-1,475,471,474,-1,178,179,184,-1,184,179,477,-1,184,477,349,-1,349,477,479,-1,349,479,357,-1,357,479,483,-1,357,483,471,-1,471,483,484,-1,471,484,474,-1,313,307,314,-1,314,307,305,-1,314,305,485,-1,485,305,89,-1,485,89,486,-1,486,89,83,-1,486,83,487,-1,487,83,87,-1,177,155,179,-1,179,155,116,-1,179,116,477,-1,477,116,99,-1,477,99,471,-1,471,99,11,-1,471,11,92,-1,92,11,10,-1,92,10,93,-1,136,488,115,-1,115,488,152,-1,115,152,113,-1,113,152,154,-1,113,154,298,-1,298,154,174,-1,298,174,296,-1,296,174,301,-1,108,103,106,-1,106,103,102,-1,106,102,24,-1,24,102,236,-1,24,236,25,-1,25,236,211,-1,25,211,16,-1,16,211,204,-1,16,204,38,-1,489,490,38,-1,38,490,491,-1,38,491,492,-1,14,493,45,-1,45,493,494,-1,45,494,495,-1,492,496,38,-1,38,496,497,-1,38,497,16,-1,16,497,498,-1,16,498,14,-1,14,498,499,-1,14,499,493,-1,495,500,45,-1,45,500,501,-1,45,501,502,-1,502,503,45,-1,45,503,504,-1,45,504,38,-1,38,504,505,-1,38,505,489,-1,39,199,451,-1,451,199,198,-1,451,198,452,-1,487,506,486,-1,486,506,76,-1,486,76,507,-1,507,76,78,-1,507,78,508,-1,508,78,33,-1,508,33,509,-1,509,33,12,-1,509,12,510,-1,510,12,14,-1,510,14,511,-1,511,14,45,-1,511,45,512,-1,512,45,47,-1,512,47,513,-1,513,47,50,-1,514,515,516,-1,517,518,519,-1,519,518,520,-1,519,520,521,-1,521,522,519,-1,519,522,523,-1,519,523,455,-1,455,523,524,-1,455,524,451,-1,451,524,525,-1,451,525,526,-1,527,40,44,-1,44,40,39,-1,44,39,42,-1,42,39,451,-1,42,451,516,-1,516,451,526,-1,516,526,514,-1,515,528,516,-1,516,528,529,-1,516,529,530,-1,530,531,516,-1,516,531,532,-1,516,532,519,-1,519,532,533,-1,519,533,517,-1,534,535,519,-1,536,537,538,-1,519,535,516,-1,516,535,539,-1,516,539,540,-1,538,534,536,-1,536,534,519,-1,536,519,541,-1,541,519,542,-1,541,542,540,-1,540,542,543,-1,540,543,516,-1,516,543,544,-1,516,544,42,-1,42,544,2,-1,42,2,50,-1,50,2,1,-1,50,1,513,-1,0,2,545,-1,545,2,544,-1,545,544,546,-1,546,544,543,-1,546,543,547,-1,547,543,542,-1,547,542,548,-1,41,36,39,-1,39,36,38,-1,39,38,199,-1,199,38,204,-1,199,204,197,-1,197,204,203,-1,197,203,459,-1,459,203,227,-1,459,227,457,-1,457,227,168,-1,457,168,455,-1,455,168,166,-1,455,166,519,-1,519,166,164,-1,519,164,542,-1,542,164,193,-1,542,193,548,-1,548,193,195,-1,549,550,159,-1,159,550,551,-1,160,159,552,-1,552,159,551,-1,552,551,553,-1,553,551,554,-1,181,180,555,-1,555,180,556,-1,557,555,558,-1,558,555,556,-1,558,556,559,-1,559,556,560,-1,553,554,561,-1,561,554,562,-1,561,562,563,-1,564,565,566,-1,567,568,569,-1,569,568,570,-1,571,572,573,-1,574,555,557,-1,575,576,577,-1,578,579,570,-1,570,579,580,-1,581,569,582,-1,582,569,570,-1,582,570,583,-1,583,570,580,-1,576,584,577,-1,577,584,585,-1,577,585,586,-1,587,573,588,-1,588,573,589,-1,566,590,591,-1,592,593,566,-1,594,595,584,-1,584,595,596,-1,587,597,573,-1,573,597,598,-1,573,598,571,-1,571,598,599,-1,571,599,577,-1,577,599,600,-1,577,600,575,-1,576,601,584,-1,584,601,602,-1,584,602,603,-1,591,604,566,-1,566,604,605,-1,566,605,606,-1,606,607,566,-1,566,607,574,-1,566,574,564,-1,564,574,557,-1,607,608,574,-1,574,608,589,-1,574,589,609,-1,609,589,573,-1,609,573,549,-1,549,573,550,-1,581,610,569,-1,569,610,611,-1,569,611,566,-1,566,611,612,-1,566,612,592,-1,590,613,614,-1,614,615,590,-1,590,615,616,-1,590,616,596,-1,596,616,617,-1,596,617,584,-1,584,617,618,-1,584,618,619,-1,603,620,584,-1,584,620,621,-1,584,621,594,-1,593,622,566,-1,566,622,623,-1,566,623,590,-1,590,623,624,-1,590,624,613,-1,619,625,584,-1,584,625,626,-1,584,626,570,-1,570,626,627,-1,570,627,578,-1,585,584,628,-1,628,584,629,-1,630,561,631,-1,631,561,563,-1,632,633,634,-1,318,0,563,-1,563,0,631,-1,635,636,570,-1,563,562,629,-1,637,638,318,-1,318,638,639,-1,318,639,640,-1,640,641,318,-1,318,641,642,-1,318,642,643,-1,635,570,644,-1,645,318,634,-1,634,318,643,-1,634,643,632,-1,632,643,646,-1,632,646,570,-1,570,646,647,-1,570,647,644,-1,648,649,584,-1,584,649,650,-1,651,652,629,-1,637,318,653,-1,653,318,563,-1,653,563,654,-1,652,655,629,-1,629,655,656,-1,629,656,563,-1,563,656,657,-1,563,657,654,-1,650,658,584,-1,584,658,659,-1,584,659,629,-1,629,659,660,-1,629,660,651,-1,636,661,570,-1,570,661,662,-1,570,662,584,-1,584,662,663,-1,584,663,648,-1,629,562,628,-1,628,562,554,-1,628,554,664,-1,664,554,551,-1,
        ]
    }
}
Shape{
    appearance Appearance {
        material  Material 	{
            diffuseColor 0.20784313725490197 0.20784313725490197 0.20784313725490197
            specularColor 0.01568627450980392 0.01568627450980392 0.01568627450980392
            ambientIntensity 0.298
            transparency 0.0
            shininess 0.5
        }
    }
    geometry IndexedFaceSet {
        ccw TRUE
        solid FALSE
        coord DEF co Coordinate {
            point [
                0.3543 0.9839 0.561, 0.3543 0.4721 0.561, 0.3645 0.4721 0.5597, 0.3645 0.9839 0.5597, 0.374 0.4721 0.5557, 0.374 0.9839 0.5557, 0.3822 0.4721 0.5495, 0.3822 0.9839 0.5495, 0.3884 0.4721 0.5413, 0.3884 0.9839 0.5413, 0.3924 0.4721 0.5318, 0.3924 0.9839 0.5318, 0.3937 0.4721 0.5217, 0.3937 0.9839 0.5217, 0.3937 0.9839 0.2067, 0.3937 0.4721 0.2067, 0.3924 0.4721 0.1965, 0.3924 0.9839 0.1965, 0.3884 0.4721 0.187, 0.3884 0.9839 0.187, 0.3822 0.4721 0.1789, 0.3822 0.9839 0.1789, 0.374 0.4721 0.1726, 0.374 0.9839 0.1726, 0.3645 0.4721 0.1687, 0.3645 0.9839 0.1687, 0.3543 0.4721 0.1673, 0.3543 0.9839 0.1673, -0.3543 0.9839 0.1673, -0.3543 0.4721 0.1673, -0.3645 0.4721 0.1687, -0.3645 0.9839 0.1687, -0.374 0.4721 0.1726, -0.374 0.9839 0.1726, -0.3822 0.4721 0.1789, -0.3822 0.9839 0.1789, -0.3884 0.4721 0.187, -0.3884 0.9839 0.187, -0.3924 0.4721 0.1965, -0.3924 0.9839 0.1965, -0.3937 0.4721 0.2067, -0.3937 0.9839 0.2067, -0.3937 0.9839 0.5217, -0.3937 0.4721 0.5217, -0.3924 0.4721 0.5318, -0.3924 0.9839 0.5318, -0.3884 0.4721 0.5413, -0.3884 0.9839 0.5413, -0.3822 0.4721 0.5495, -0.3822 0.9839 0.5495, -0.374 0.4721 0.5557, -0.374 0.9839 0.5557, -0.3645 0.4721 0.5597, -0.3645 0.9839 0.5597, -0.3543 0.4721 0.561, -0.3543 0.9839 0.561, 0.3543 1.0232 0.5217, 0.3543 1.0232 0.2067, -0.3543 1.0232 0.5217, -0.3543 1.0232 0.2067, 0.3543 1.0219 0.1965, -0.3543 1.0219 0.1965, 0.3543 1.018 0.187, -0.3543 1.018 0.187, 0.3543 1.0117 0.1789, -0.3543 1.0117 0.1789, 0.3543 1.0035 0.1726, -0.3543 1.0035 0.1726, 0.3543 0.9941 0.1687, -0.3543 0.9941 0.1687, -0.3924 0.9941 0.2067, -0.3911 0.9941 0.1969, -0.3714 1.018 0.1969, -0.3632 1.0219 0.2016, -0.3615 1.0219 0.1995, -0.357 1.0219 0.1969, -0.3642 1.0219 0.2041, -0.3733 1.018 0.2016, -0.3812 1.0117 0.1995, -0.3645 1.0219 0.2067, -0.3683 1.018 0.1928, -0.3594 1.0219 0.1979, -0.3642 1.018 0.1896, -0.3594 1.018 0.1877, -0.374 1.018 0.2067, -0.3822 1.0117 0.2067, -0.3884 1.0035 0.2067, -0.3784 1.0117 0.1928, -0.374 1.0117 0.187, -0.3683 1.0117 0.1826, -0.3615 1.0117 0.1798, -0.3873 1.0035 0.1979, -0.3839 1.0035 0.1896, -0.3784 1.0035 0.1826, -0.3714 1.0035 0.1772, -0.3632 1.0035 0.1738, -0.3873 0.9941 0.1877, -0.3812 0.9941 0.1798, -0.3733 0.9941 0.1738, -0.3642 0.9941 0.17, 0.3642 0.9941 0.17, 0.3642 1.018 0.1896, 0.3594 1.0219 0.1979, 0.3615 1.0219 0.1995, 0.3645 1.0219 0.2067, 0.3642 1.0219 0.2041, 0.357 1.0219 0.1969, 0.3594 1.018 0.1877, 0.3615 1.0117 0.1798, 0.3683 1.018 0.1928, 0.3632 1.0219 0.2016, 0.3714 1.018 0.1969, 0.3733 1.018 0.2016, 0.374 1.018 0.2067, 0.3683 1.0117 0.1826, 0.374 1.0117 0.187, 0.3784 1.0117 0.1928, 0.3812 1.0117 0.1995, 0.3822 1.0117 0.2067, 0.3632 1.0035 0.1738, 0.3714 1.0035 0.1772, 0.3784 1.0035 0.1826, 0.3839 1.0035 0.1896, 0.3873 1.0035 0.1979, 0.3884 1.0035 0.2067, 0.3733 0.9941 0.1738, 0.3812 0.9941 0.1798, 0.3873 0.9941 0.1877, 0.3911 0.9941 0.1969, 0.3924 0.9941 0.2067, -0.3645 1.0219 0.5217, -0.374 1.018 0.5217, -0.3822 1.0117 0.5217, -0.3884 1.0035 0.5217, -0.3924 0.9941 0.5217, 0.3645 1.0219 0.5217, 0.374 1.018 0.5217, 0.3822 1.0117 0.5217, 0.3884 1.0035 0.5217, 0.3924 0.9941 0.5217, -0.3543 0.9941 0.5597, -0.3642 0.9941 0.5584, -0.3642 1.018 0.5387, -0.3594 1.0219 0.5305, -0.3615 1.0219 0.5289, -0.3642 1.0219 0.5243, -0.357 1.0219 0.5315, -0.3594 1.018 0.5407, -0.3615 1.0117 0.5485, -0.3543 1.0219 0.5318, -0.3683 1.018 0.5356, -0.3632 1.0219 0.5267, -0.3714 1.018 0.5315, -0.3733 1.018 0.5267, -0.3543 1.018 0.5413, -0.3543 1.0117 0.5495, -0.3543 1.0035 0.5557, -0.3683 1.0117 0.5458, -0.374 1.0117 0.5413, -0.3784 1.0117 0.5356, -0.3812 1.0117 0.5289, -0.3632 1.0035 0.5546, -0.3714 1.0035 0.5512, -0.3784 1.0035 0.5458, -0.3839 1.0035 0.5387, -0.3873 1.0035 0.5305, -0.3733 0.9941 0.5546, -0.3812 0.9941 0.5485, -0.3873 0.9941 0.5407, -0.3911 0.9941 0.5315, 0.3911 0.9941 0.5315, 0.3714 1.018 0.5315, 0.3632 1.0219 0.5267, 0.3615 1.0219 0.5289, 0.3543 1.0219 0.5318, 0.357 1.0219 0.5315, 0.3642 1.0219 0.5243, 0.3733 1.018 0.5267, 0.3812 1.0117 0.5289, 0.3683 1.018 0.5356, 0.3594 1.0219 0.5305, 0.3642 1.018 0.5387, 0.3594 1.018 0.5407, 0.3543 1.018 0.5413, 0.3784 1.0117 0.5356, 0.374 1.0117 0.5413, 0.3683 1.0117 0.5458, 0.3615 1.0117 0.5485, 0.3543 1.0117 0.5495, 0.3873 1.0035 0.5305, 0.3839 1.0035 0.5387, 0.3784 1.0035 0.5458, 0.3714 1.0035 0.5512, 0.3632 1.0035 0.5546, 0.3543 1.0035 0.5557, 0.3873 0.9941 0.5407, 0.3812 0.9941 0.5485, 0.3733 0.9941 0.5546, 0.3642 0.9941 0.5584, 0.3543 0.9941 0.5597
            ]
        }
        coordIndex [
            0,1,2,-1,0,2,3,-1,3,2,4,-1,3,4,5,-1,5,4,6,-1,5,6,7,-1,7,6,8,-1,7,8,9,-1,9,8,10,-1,9,10,11,-1,11,10,12,-1,11,12,13,-1,13,12,14,-1,14,12,15,-1,14,15,16,-1,14,16,17,-1,17,16,18,-1,17,18,19,-1,19,18,20,-1,19,20,21,-1,21,20,22,-1,21,22,23,-1,23,22,24,-1,23,24,25,-1,25,24,26,-1,25,26,27,-1,27,26,28,-1,28,26,29,-1,28,29,30,-1,28,30,31,-1,31,30,32,-1,31,32,33,-1,33,32,34,-1,33,34,35,-1,35,34,36,-1,35,36,37,-1,37,36,38,-1,37,38,39,-1,39,38,40,-1,39,40,41,-1,41,40,42,-1,42,40,43,-1,42,43,44,-1,42,44,45,-1,45,44,46,-1,45,46,47,-1,47,46,48,-1,47,48,49,-1,49,48,50,-1,49,50,51,-1,51,50,52,-1,51,52,53,-1,53,52,54,-1,53,54,55,-1,55,54,0,-1,0,54,1,-1,56,57,58,-1,58,57,59,-1,59,57,60,-1,59,60,61,-1,61,60,62,-1,61,62,63,-1,63,62,64,-1,63,64,65,-1,65,64,66,-1,65,66,67,-1,67,66,68,-1,67,68,69,-1,69,68,27,-1,69,27,28,-1,41,70,71,-1,72,73,74,-1,59,61,75,-1,74,73,59,-1,76,59,73,-1,76,73,77,-1,77,73,72,-1,77,72,78,-1,79,59,76,-1,80,81,82,-1,82,81,75,-1,82,75,83,-1,83,75,61,-1,83,61,63,-1,79,76,84,-1,84,76,77,-1,84,77,85,-1,85,77,78,-1,85,78,86,-1,87,80,88,-1,88,80,82,-1,88,82,89,-1,89,82,83,-1,89,83,90,-1,90,83,63,-1,90,63,65,-1,91,87,92,-1,92,87,88,-1,92,88,93,-1,93,88,89,-1,93,89,94,-1,94,89,90,-1,94,90,95,-1,95,90,65,-1,95,65,67,-1,70,91,71,-1,71,91,92,-1,71,92,96,-1,96,92,93,-1,96,93,97,-1,97,93,94,-1,97,94,98,-1,98,94,95,-1,98,95,99,-1,99,95,67,-1,99,67,69,-1,41,71,39,-1,39,71,96,-1,39,96,37,-1,37,96,97,-1,37,97,35,-1,35,97,98,-1,35,98,33,-1,33,98,99,-1,33,99,31,-1,31,99,69,-1,31,69,28,-1,81,59,75,-1,70,86,91,-1,91,86,78,-1,91,78,87,-1,87,78,72,-1,87,72,80,-1,80,72,74,-1,80,74,81,-1,81,74,59,-1,27,68,100,-1,101,102,103,-1,57,104,105,-1,103,102,57,-1,106,57,102,-1,106,102,107,-1,107,102,101,-1,107,101,108,-1,60,57,106,-1,109,110,111,-1,111,110,105,-1,111,105,112,-1,112,105,104,-1,112,104,113,-1,60,106,62,-1,62,106,107,-1,62,107,64,-1,64,107,108,-1,64,108,66,-1,114,109,115,-1,115,109,111,-1,115,111,116,-1,116,111,112,-1,116,112,117,-1,117,112,113,-1,117,113,118,-1,119,114,120,-1,120,114,115,-1,120,115,121,-1,121,115,116,-1,121,116,122,-1,122,116,117,-1,122,117,123,-1,123,117,118,-1,123,118,124,-1,68,119,100,-1,100,119,120,-1,100,120,125,-1,125,120,121,-1,125,121,126,-1,126,121,122,-1,126,122,127,-1,127,122,123,-1,127,123,128,-1,128,123,124,-1,128,124,129,-1,27,100,25,-1,25,100,125,-1,25,125,23,-1,23,125,126,-1,23,126,21,-1,21,126,127,-1,21,127,19,-1,19,127,128,-1,19,128,17,-1,17,128,129,-1,17,129,14,-1,110,57,105,-1,68,66,119,-1,119,66,108,-1,119,108,114,-1,114,108,101,-1,114,101,109,-1,109,101,103,-1,109,103,110,-1,110,103,57,-1,58,59,79,-1,58,79,130,-1,130,79,84,-1,130,84,131,-1,131,84,85,-1,131,85,132,-1,132,85,86,-1,132,86,133,-1,133,86,70,-1,133,70,134,-1,134,70,41,-1,134,41,42,-1,57,56,135,-1,57,135,104,-1,104,135,136,-1,104,136,113,-1,113,136,137,-1,113,137,118,-1,118,137,138,-1,118,138,124,-1,124,138,139,-1,124,139,129,-1,129,139,13,-1,129,13,14,-1,55,140,141,-1,142,143,144,-1,58,130,145,-1,144,143,58,-1,146,58,143,-1,146,143,147,-1,147,143,142,-1,147,142,148,-1,149,58,146,-1,150,151,152,-1,152,151,145,-1,152,145,153,-1,153,145,130,-1,153,130,131,-1,149,146,154,-1,154,146,147,-1,154,147,155,-1,155,147,148,-1,155,148,156,-1,157,150,158,-1,158,150,152,-1,158,152,159,-1,159,152,153,-1,159,153,160,-1,160,153,131,-1,160,131,132,-1,161,157,162,-1,162,157,158,-1,162,158,163,-1,163,158,159,-1,163,159,164,-1,164,159,160,-1,164,160,165,-1,165,160,132,-1,165,132,133,-1,140,161,141,-1,141,161,162,-1,141,162,166,-1,166,162,163,-1,166,163,167,-1,167,163,164,-1,167,164,168,-1,168,164,165,-1,168,165,169,-1,169,165,133,-1,169,133,134,-1,55,141,53,-1,53,141,166,-1,53,166,51,-1,51,166,167,-1,51,167,49,-1,49,167,168,-1,49,168,47,-1,47,168,169,-1,47,169,45,-1,45,169,134,-1,45,134,42,-1,151,58,145,-1,140,156,161,-1,161,156,148,-1,161,148,157,-1,157,148,142,-1,157,142,150,-1,150,142,144,-1,150,144,151,-1,151,144,58,-1,13,139,170,-1,171,172,173,-1,56,174,175,-1,173,172,56,-1,176,56,172,-1,176,172,177,-1,177,172,171,-1,177,171,178,-1,135,56,176,-1,179,180,181,-1,181,180,175,-1,181,175,182,-1,182,175,174,-1,182,174,183,-1,135,176,136,-1,136,176,177,-1,136,177,137,-1,137,177,178,-1,137,178,138,-1,184,179,185,-1,185,179,181,-1,185,181,186,-1,186,181,182,-1,186,182,187,-1,187,182,183,-1,187,183,188,-1,189,184,190,-1,190,184,185,-1,190,185,191,-1,191,185,186,-1,191,186,192,-1,192,186,187,-1,192,187,193,-1,193,187,188,-1,193,188,194,-1,139,189,170,-1,170,189,190,-1,170,190,195,-1,195,190,191,-1,195,191,196,-1,196,191,192,-1,196,192,197,-1,197,192,193,-1,197,193,198,-1,198,193,194,-1,198,194,199,-1,13,170,11,-1,11,170,195,-1,11,195,9,-1,9,195,196,-1,9,196,7,-1,7,196,197,-1,7,197,5,-1,5,197,198,-1,5,198,3,-1,3,198,199,-1,3,199,0,-1,180,56,175,-1,139,138,189,-1,189,138,178,-1,189,178,184,-1,184,178,171,-1,184,171,179,-1,179,171,173,-1,179,173,180,-1,180,173,56,-1,56,58,149,-1,56,149,174,-1,174,149,154,-1,174,154,183,-1,183,154,155,-1,183,155,188,-1,188,155,156,-1,188,156,194,-1,194,156,140,-1,194,140,199,-1,199,140,55,-1,199,55,0,-1,
        ]
    }
}
Shape{
    appearance Appearance {
        material  Material 	{
            diffuseColor 0.7019607843137254 0.7019607843137254 0.7019607843137254
            specularColor 0.050980392156862744 0.050980392156862744 0.050980392156862744
            ambientIntensity 1.0
            transparency 0.0
            shininess 0.5
        }
    }
    geometry IndexedFaceSet {
        ccw TRUE
        solid FALSE
        coord DEF co Coordinate {
            point [
                -0.7677 -0.2169 0.1969, -0.7677 0.4721 0.1969, -0.7677 -0.2169 0.0, -0.7677 0.4721 0.0, -0.8071 0.4721 0.1969, -0.5315 -0.2169 0.1969, -0.5315 -0.3547 0.1969, -0.8071 -0.3547 0.1969, -0.8071 0.4721 0.5315, -0.8071 -0.2366 0.5315, -0.8071 -0.3547 0.5315, -0.9449 0.4721 0.5315, -0.9449 -0.2366 0.5315, -0.5315 -0.2366 0.5315, -0.5315 -0.2366 0.7283, -0.9449 -0.2366 0.7283, -0.5315 -0.3547 0.0, -0.5315 -0.2169 0.0, -0.7382 -0.2169 0.0, -0.7382 -0.2169 0.0551, -0.6004 -0.2169 0.0, -0.6004 -0.2169 0.0551, 0.5315 -0.2366 0.7283, 0.5315 -0.2366 0.5315, 0.9449 -0.2366 0.7283, 0.8071 -0.2366 0.5315, 0.9449 -0.2366 0.5315, 0.7382 -0.2169 0.0, 0.7677 -0.2169 0.0, 0.7382 -0.2169 0.0551, 0.7677 -0.2169 0.1969, 0.6004 -0.2169 0.0551, 0.5315 -0.2169 0.1969, 0.6004 -0.2169 0.0, 0.5315 -0.2169 0.0, 0.5315 -0.3547 0.1969, 0.5315 -0.3547 0.0
            ]
        }
        coordIndex [
            0,1,2,-1,2,1,3,-1,4,1,0,-1,5,6,0,-1,0,6,7,-1,0,7,4,-1,8,4,9,-1,9,4,7,-1,9,7,10,-1,11,8,12,-1,12,8,9,-1,13,14,9,-1,9,14,15,-1,9,15,12,-1,6,5,16,-1,16,5,17,-1,2,18,19,-1,20,17,21,-1,21,17,5,-1,21,5,19,-1,19,5,0,-1,19,0,2,-1,22,23,24,-1,24,23,25,-1,24,25,26,-1,27,28,29,-1,29,28,30,-1,29,30,31,-1,31,30,32,-1,31,32,33,-1,33,32,34,-1,32,35,34,-1,34,35,36,-1,
        ]
    }
}
Shape{
    appearance Appearance {
        material  Material 	{
            diffuseColor 0.6666666666666666 0.6666666666666666 0.6666666666666666
            specularColor 0.4666666666666667 0.4666666666666667 0.4666666666666667
            ambientIntensity 0.6667
            transparency 0.0
            shininess 0.5
        }
    }
    geometry IndexedFaceSet {
        ccw TRUE
        solid FALSE
        coord DEF co Coordinate {
            point [
                -0.7382 -0.4728 0.0551, -0.6004 -0.4728 0.0551, -0.7382 -0.2169 0.0551, -0.6004 -0.2169 0.0551, -0.7382 -0.4728 -0.0039, -0.7382 -0.1579 -0.0039, -0.6004 -0.4728 -0.0039, -0.6004 -0.1579 -0.0039, -0.7382 -0.1367 0.0, -0.6004 -0.1367 0.0, -0.6004 -0.1471 -0.0029, -0.7382 -0.1471 -0.0029, -0.7382 -0.2169 0.0, -0.6004 -0.2169 0.0, 0.7382 -0.1579 -0.0039, 0.7382 -0.4728 -0.0039, 0.6004 -0.1579 -0.0039, 0.6004 -0.4728 -0.0039, 0.6004 -0.1471 -0.0029, 0.7382 -0.1471 -0.0029, 0.6004 -0.1367 0.0, 0.7382 -0.1367 0.0, 0.6004 -0.4728 0.0551, 0.7382 -0.4728 0.0551, 0.6004 -0.2169 0.0551, 0.7382 -0.2169 0.0551, 0.7382 -0.2169 0.0, 0.6004 -0.2169 0.0
            ]
        }
        coordIndex [
            0,1,2,-1,2,1,3,-1,4,5,6,-1,6,5,7,-1,0,4,1,-1,1,4,6,-1,8,9,10,-1,8,10,11,-1,11,10,7,-1,11,7,5,-1,0,2,4,-1,4,2,12,-1,4,12,5,-1,5,12,8,-1,5,8,11,-1,13,3,1,-1,10,9,7,-1,7,9,13,-1,7,13,6,-1,6,13,1,-1,14,15,16,-1,16,15,17,-1,14,16,18,-1,14,18,19,-1,19,18,20,-1,19,20,21,-1,22,23,24,-1,24,23,25,-1,15,23,17,-1,17,23,22,-1,26,25,23,-1,19,21,14,-1,14,21,26,-1,14,26,15,-1,15,26,23,-1,22,24,17,-1,17,24,27,-1,17,27,16,-1,16,27,20,-1,16,20,18,-1,
        ]
    }
}
Shape{
    appearance Appearance {
        material  Material 	{
            diffuseColor 0.7019607843137254 0.7019607843137254 0.7019607843137254
            specularColor 0.050980392156862744 0.050980392156862744 0.050980392156862744
            ambientIntensity 1.0
            transparency 0.0
            shininess 0.5
        }
    }
    geometry IndexedFaceSet {
        ccw TRUE
        solid FALSE
        coord DEF co Coordinate {
            point [
                0.9449 -0.2366 0.7283, 0.9449 -0.2366 0.5315, 0.9449 0.4721 0.7283, 0.9449 0.4721 0.5315, -0.9449 -0.2366 0.5315, -0.9449 -0.2366 0.7283, -0.9449 0.4721 0.5315, -0.9449 0.4721 0.7283, 0.3346 0.3146 0.0, 0.3652 0.3105 0.0, 0.3609 0.3116 -0.1181, 0.3937 0.2987 0.0, 0.3859 0.3029 -0.1181, 0.3651 0.3102 -0.1181, 0.4182 0.28 0.0, 0.4083 0.2888 -0.1181, 0.3933 0.2982 -0.1181, 0.4369 0.2555 0.0, 0.427 0.2701 -0.1181, 0.4176 0.2795 -0.1181, 0.4487 0.227 0.0, 0.4411 0.2477 -0.1181, 0.4364 0.2552 -0.1181, 0.4528 0.1965 0.0, 0.4498 0.2227 -0.1181, 0.4483 0.2269 -0.1181, 0.4487 0.1659 0.0, 0.4498 0.1702 -0.1181, 0.4528 0.1965 -0.1181, 0.4369 0.1374 0.0, 0.4411 0.1452 -0.1181, 0.4483 0.166 -0.1181, 0.4182 0.1129 0.0, 0.427 0.1228 -0.1181, 0.4364 0.1378 -0.1181, 0.3937 0.0942 0.0, 0.4083 0.1041 -0.1181, 0.4176 0.1135 -0.1181, 0.3652 0.0824 0.0, 0.3859 0.09 -0.1181, 0.3933 0.0947 -0.1181, 0.3346 0.0783 0.0, 0.3609 0.0813 -0.1181, 0.3651 0.0828 -0.1181, 0.3041 0.0824 0.0, 0.3084 0.0813 -0.1181, 0.3346 0.0783 -0.1181, 0.2756 0.0942 0.0, 0.2834 0.09 -0.1181, 0.3042 0.0828 -0.1181, 0.2511 0.1129 0.0, 0.261 0.1041 -0.1181, 0.2759 0.0947 -0.1181, 0.2324 0.1374 0.0, 0.2423 0.1228 -0.1181, 0.2517 0.1135 -0.1181, 0.2206 0.1659 0.0, 0.2282 0.1452 -0.1181, 0.2329 0.1378 -0.1181, 0.2165 0.1965 0.0, 0.2195 0.1702 -0.1181, 0.2209 0.166 -0.1181, 0.2206 0.227 0.0, 0.2195 0.2227 -0.1181, 0.2165 0.1965 -0.1181, 0.2324 0.2555 0.0, 0.2282 0.2477 -0.1181, 0.2209 0.2269 -0.1181, 0.2511 0.28 0.0, 0.2423 0.2701 -0.1181, 0.2329 0.2552 -0.1181, 0.2756 0.2987 0.0, 0.261 0.2888 -0.1181, 0.2517 0.2795 -0.1181, 0.3041 0.3105 0.0, 0.2834 0.3029 -0.1181, 0.2759 0.2982 -0.1181, 0.3346 0.3146 -0.1181, 0.3084 0.3116 -0.1181, 0.3042 0.3102 -0.1181, 0.3346 0.1177 -0.1575, 0.3171 0.1197 -0.1575, 0.3346 0.1965 -0.1575, 0.3837 0.1349 -0.1575, 0.3688 0.1255 -0.1575, 0.3522 0.1197 -0.1575, 0.4114 0.1789 -0.1575, 0.4056 0.1623 -0.1575, 0.3962 0.1474 -0.1575, 0.4056 0.2306 -0.1575, 0.4114 0.214 -0.1575, 0.4134 0.1965 -0.1575, 0.3688 0.2674 -0.1575, 0.3837 0.258 -0.1575, 0.3962 0.2456 -0.1575, 0.3171 0.2732 -0.1575, 0.3346 0.2752 -0.1575, 0.3522 0.2732 -0.1575, 0.2731 0.2456 -0.1575, 0.2856 0.258 -0.1575, 0.3005 0.2674 -0.1575, 0.2559 0.1965 -0.1575, 0.2579 0.214 -0.1575, 0.2637 0.2306 -0.1575, 0.2731 0.1474 -0.1575, 0.2637 0.1623 -0.1575, 0.2579 0.1789 -0.1575, 0.3005 0.1255 -0.1575, 0.2856 0.1349 -0.1575, 0.284 0.0913 -0.1283, 0.2208 0.1705 -0.1283, 0.2294 0.2471 -0.1283, 0.3087 0.3103 -0.1283, 0.3853 0.3017 -0.1283, 0.4485 0.2224 -0.1283, 0.4399 0.1458 -0.1283, 0.3606 0.0826 -0.1283, 0.3732 0.1163 -0.1561, 0.3901 0.1269 -0.1561, 0.3774 0.1078 -0.1522, 0.396 0.1195 -0.1522, 0.3809 0.1004 -0.1459, 0.4011 0.1131 -0.1459, 0.3836 0.0948 -0.1378, 0.405 0.1082 -0.1378, 0.3853 0.0913 -0.1283, 0.4074 0.1052 -0.1283, 0.4148 0.235 -0.1561, 0.4042 0.2519 -0.1561, 0.4233 0.2392 -0.1522, 0.4116 0.2578 -0.1522, 0.4307 0.2427 -0.1459, 0.418 0.2629 -0.1459, 0.4363 0.2454 -0.1378, 0.4229 0.2668 -0.1378, 0.4399 0.2471 -0.1283, 0.4259 0.2693 -0.1283, 0.2961 0.2766 -0.1561, 0.2792 0.266 -0.1561, 0.2919 0.2851 -0.1522, 0.2733 0.2734 -0.1522, 0.2884 0.2925 -0.1459, 0.2682 0.2798 -0.1459, 0.2857 0.2981 -0.1378, 0.2643 0.2847 -0.1378, 0.284 0.3017 -0.1283, 0.2618 0.2878 -0.1283, 0.2545 0.1579 -0.1561, 0.2651 0.141 -0.1561, 0.246 0.1538 -0.1522, 0.2577 0.1351 -0.1522, 0.2386 0.1502 -0.1459, 0.2513 0.13 -0.1459, 0.233 0.1475 -0.1378, 0.2464 0.1261 -0.1378, 0.2294 0.1458 -0.1283, 0.2434 0.1237 -0.1283, 0.3346 0.1075 -0.1561, 0.3544 0.1098 -0.1561, 0.3346 0.098 -0.1522, 0.3565 0.1005 -0.1522, 0.3346 0.0899 -0.1459, 0.3584 0.0926 -0.1459, 0.3346 0.0836 -0.1378, 0.3598 0.0865 -0.1378, 0.3346 0.0797 -0.1283, 0.4259 0.1237 -0.1283, 0.4229 0.1261 -0.1378, 0.418 0.13 -0.1459, 0.4116 0.1351 -0.1522, 0.4042 0.141 -0.1561, 0.4363 0.1475 -0.1378, 0.4307 0.1502 -0.1459, 0.4233 0.1538 -0.1522, 0.4148 0.1579 -0.1561, 0.4485 0.1705 -0.1283, 0.4447 0.1714 -0.1378, 0.4386 0.1727 -0.1459, 0.4306 0.1746 -0.1522, 0.4213 0.1767 -0.1561, 0.4236 0.1965 -0.1561, 0.4331 0.1965 -0.1522, 0.4412 0.1965 -0.1459, 0.4475 0.1965 -0.1378, 0.4514 0.1965 -0.1283, 0.4213 0.2162 -0.1561, 0.4306 0.2184 -0.1522, 0.4386 0.2202 -0.1459, 0.4447 0.2216 -0.1378, 0.4074 0.2878 -0.1283, 0.405 0.2847 -0.1378, 0.4011 0.2798 -0.1459, 0.396 0.2734 -0.1522, 0.3901 0.266 -0.1561, 0.3836 0.2981 -0.1378, 0.3809 0.2925 -0.1459, 0.3774 0.2851 -0.1522, 0.3732 0.2766 -0.1561, 0.3606 0.3103 -0.1283, 0.3598 0.3065 -0.1378, 0.3584 0.3004 -0.1459, 0.3565 0.2924 -0.1522, 0.3544 0.2832 -0.1561, 0.3346 0.2854 -0.1561, 0.3346 0.2949 -0.1522, 0.3346 0.303 -0.1459, 0.3346 0.3093 -0.1378, 0.3346 0.3132 -0.1283, 0.3149 0.2832 -0.1561, 0.3127 0.2924 -0.1522, 0.3109 0.3004 -0.1459, 0.3095 0.3065 -0.1378, 0.2434 0.2693 -0.1283, 0.2464 0.2668 -0.1378, 0.2513 0.2629 -0.1459, 0.2577 0.2578 -0.1522, 0.2651 0.2519 -0.1561, 0.233 0.2454 -0.1378, 0.2386 0.2427 -0.1459, 0.246 0.2392 -0.1522, 0.2545 0.235 -0.1561, 0.2208 0.2224 -0.1283, 0.2246 0.2216 -0.1378, 0.2307 0.2202 -0.1459, 0.2387 0.2184 -0.1522, 0.2479 0.2162 -0.1561, 0.2457 0.1965 -0.1561, 0.2362 0.1965 -0.1522, 0.2281 0.1965 -0.1459, 0.2218 0.1965 -0.1378, 0.2179 0.1965 -0.1283, 0.2479 0.1767 -0.1561, 0.2387 0.1746 -0.1522, 0.2307 0.1727 -0.1459, 0.2246 0.1714 -0.1378, 0.2618 0.1052 -0.1283, 0.2643 0.1082 -0.1378, 0.2682 0.1131 -0.1459, 0.2733 0.1195 -0.1522, 0.2792 0.1269 -0.1561, 0.2857 0.0948 -0.1378, 0.2884 0.1004 -0.1459, 0.2919 0.1078 -0.1522, 0.2961 0.1163 -0.1561, 0.3087 0.0826 -0.1283, 0.3095 0.0865 -0.1378, 0.3109 0.0926 -0.1459, 0.3127 0.1005 -0.1522, 0.3149 0.1098 -0.1561, -0.3346 0.3146 0.0, -0.3041 0.3105 0.0, -0.3084 0.3116 -0.1181, -0.2756 0.2987 0.0, -0.2834 0.3029 -0.1181, -0.3042 0.3102 -0.1181, -0.2511 0.28 0.0, -0.261 0.2888 -0.1181, -0.2759 0.2982 -0.1181, -0.2324 0.2555 0.0, -0.2423 0.2701 -0.1181, -0.2517 0.2795 -0.1181, -0.2206 0.227 0.0, -0.2282 0.2477 -0.1181, -0.2329 0.2552 -0.1181, -0.2165 0.1965 0.0, -0.2195 0.2227 -0.1181, -0.2209 0.2269 -0.1181, -0.2206 0.1659 0.0, -0.2195 0.1702 -0.1181, -0.2165 0.1965 -0.1181, -0.2324 0.1374 0.0, -0.2282 0.1452 -0.1181, -0.2209 0.166 -0.1181, -0.2511 0.1129 0.0, -0.2423 0.1228 -0.1181, -0.2329 0.1378 -0.1181, -0.2756 0.0942 0.0, -0.261 0.1041 -0.1181, -0.2517 0.1135 -0.1181, -0.3041 0.0824 0.0, -0.2834 0.09 -0.1181, -0.2759 0.0947 -0.1181, -0.3346 0.0783 0.0, -0.3084 0.0813 -0.1181, -0.3042 0.0828 -0.1181, -0.3652 0.0824 0.0, -0.3609 0.0813 -0.1181, -0.3346 0.0783 -0.1181, -0.3937 0.0942 0.0, -0.3859 0.09 -0.1181, -0.3651 0.0828 -0.1181, -0.4182 0.1129 0.0, -0.4083 0.1041 -0.1181, -0.3933 0.0947 -0.1181, -0.4369 0.1374 0.0, -0.427 0.1228 -0.1181, -0.4176 0.1135 -0.1181, -0.4487 0.1659 0.0, -0.4411 0.1452 -0.1181, -0.4364 0.1378 -0.1181, -0.4528 0.1965 0.0, -0.4498 0.1702 -0.1181, -0.4483 0.166 -0.1181, -0.4487 0.227 0.0, -0.4498 0.2227 -0.1181, -0.4528 0.1965 -0.1181, -0.4369 0.2555 0.0, -0.4411 0.2477 -0.1181, -0.4483 0.2269 -0.1181, -0.4182 0.28 0.0, -0.427 0.2701 -0.1181, -0.4364 0.2552 -0.1181, -0.3937 0.2987 0.0, -0.4083 0.2888 -0.1181, -0.4176 0.2795 -0.1181, -0.3652 0.3105 0.0, -0.3859 0.3029 -0.1181, -0.3933 0.2982 -0.1181, -0.3346 0.3146 -0.1181, -0.3609 0.3116 -0.1181, -0.3651 0.3102 -0.1181, -0.3346 0.1177 -0.1575, -0.3522 0.1197 -0.1575, -0.3346 0.1965 -0.1575, -0.2856 0.1349 -0.1575, -0.3005 0.1255 -0.1575, -0.3171 0.1197 -0.1575, -0.2579 0.1789 -0.1575, -0.2637 0.1623 -0.1575, -0.2731 0.1474 -0.1575, -0.2637 0.2306 -0.1575, -0.2579 0.214 -0.1575, -0.2559 0.1965 -0.1575, -0.3005 0.2674 -0.1575, -0.2856 0.258 -0.1575, -0.2731 0.2456 -0.1575, -0.3522 0.2732 -0.1575, -0.3346 0.2752 -0.1575, -0.3171 0.2732 -0.1575, -0.3962 0.2456 -0.1575, -0.3837 0.258 -0.1575, -0.3688 0.2674 -0.1575, -0.4134 0.1965 -0.1575, -0.4114 0.214 -0.1575, -0.4056 0.2306 -0.1575, -0.3962 0.1474 -0.1575, -0.4056 0.1623 -0.1575, -0.4114 0.1789 -0.1575, -0.3688 0.1255 -0.1575, -0.3837 0.1349 -0.1575, -0.3853 0.0913 -0.1283, -0.4485 0.1705 -0.1283, -0.4399 0.2471 -0.1283, -0.3606 0.3103 -0.1283, -0.284 0.3017 -0.1283, -0.2208 0.2224 -0.1283, -0.2294 0.1458 -0.1283, -0.3087 0.0826 -0.1283, -0.2961 0.1163 -0.1561, -0.2792 0.1269 -0.1561, -0.2919 0.1078 -0.1522, -0.2733 0.1195 -0.1522, -0.2884 0.1004 -0.1459, -0.2682 0.1131 -0.1459, -0.2857 0.0948 -0.1378, -0.2643 0.1082 -0.1378, -0.284 0.0913 -0.1283, -0.2618 0.1052 -0.1283, -0.2545 0.235 -0.1561, -0.2651 0.2519 -0.1561, -0.246 0.2392 -0.1522, -0.2577 0.2578 -0.1522, -0.2386 0.2427 -0.1459, -0.2513 0.2629 -0.1459, -0.233 0.2454 -0.1378, -0.2464 0.2668 -0.1378, -0.2294 0.2471 -0.1283, -0.2434 0.2693 -0.1283, -0.3732 0.2766 -0.1561, -0.3901 0.266 -0.1561, -0.3774 0.2851 -0.1522, -0.396 0.2734 -0.1522, -0.3809 0.2925 -0.1459, -0.4011 0.2798 -0.1459, -0.3836 0.2981 -0.1378, -0.405 0.2847 -0.1378, -0.3853 0.3017 -0.1283, -0.4074 0.2878 -0.1283, -0.4148 0.1579 -0.1561, -0.4042 0.141 -0.1561, -0.4233 0.1538 -0.1522, -0.4116 0.1351 -0.1522, -0.4307 0.1502 -0.1459, -0.418 0.13 -0.1459, -0.4363 0.1475 -0.1378, -0.4229 0.1261 -0.1378, -0.4399 0.1458 -0.1283, -0.4259 0.1237 -0.1283, -0.3346 0.1075 -0.1561, -0.3149 0.1098 -0.1561, -0.3346 0.098 -0.1522, -0.3127 0.1005 -0.1522, -0.3346 0.0899 -0.1459, -0.3109 0.0926 -0.1459, -0.3346 0.0836 -0.1378, -0.3095 0.0865 -0.1378, -0.3346 0.0797 -0.1283, -0.2434 0.1237 -0.1283, -0.2464 0.1261 -0.1378, -0.2513 0.13 -0.1459, -0.2577 0.1351 -0.1522, -0.2651 0.141 -0.1561, -0.233 0.1475 -0.1378, -0.2386 0.1502 -0.1459, -0.246 0.1538 -0.1522, -0.2545 0.1579 -0.1561, -0.2208 0.1705 -0.1283, -0.2246 0.1714 -0.1378, -0.2307 0.1727 -0.1459, -0.2387 0.1746 -0.1522, -0.2479 0.1767 -0.1561, -0.2457 0.1965 -0.1561, -0.2362 0.1965 -0.1522, -0.2281 0.1965 -0.1459, -0.2218 0.1965 -0.1378, -0.2179 0.1965 -0.1283, -0.2479 0.2162 -0.1561, -0.2387 0.2184 -0.1522, -0.2307 0.2202 -0.1459, -0.2246 0.2216 -0.1378, -0.2618 0.2878 -0.1283, -0.2643 0.2847 -0.1378, -0.2682 0.2798 -0.1459, -0.2733 0.2734 -0.1522, -0.2792 0.266 -0.1561, -0.2857 0.2981 -0.1378, -0.2884 0.2925 -0.1459, -0.2919 0.2851 -0.1522, -0.2961 0.2766 -0.1561, -0.3087 0.3103 -0.1283, -0.3095 0.3065 -0.1378, -0.3109 0.3004 -0.1459, -0.3127 0.2924 -0.1522, -0.3149 0.2832 -0.1561, -0.3346 0.2854 -0.1561, -0.3346 0.2949 -0.1522, -0.3346 0.303 -0.1459, -0.3346 0.3093 -0.1378, -0.3346 0.3132 -0.1283, -0.3544 0.2832 -0.1561, -0.3565 0.2924 -0.1522, -0.3584 0.3004 -0.1459, -0.3598 0.3065 -0.1378, -0.4259 0.2693 -0.1283, -0.4229 0.2668 -0.1378, -0.418 0.2629 -0.1459, -0.4116 0.2578 -0.1522, -0.4042 0.2519 -0.1561, -0.4363 0.2454 -0.1378, -0.4307 0.2427 -0.1459, -0.4233 0.2392 -0.1522, -0.4148 0.235 -0.1561, -0.4485 0.2224 -0.1283, -0.4447 0.2216 -0.1378, -0.4386 0.2202 -0.1459, -0.4306 0.2184 -0.1522, -0.4213 0.2162 -0.1561, -0.4236 0.1965 -0.1561, -0.4331 0.1965 -0.1522, -0.4412 0.1965 -0.1459, -0.4475 0.1965 -0.1378, -0.4514 0.1965 -0.1283, -0.4213 0.1767 -0.1561, -0.4306 0.1746 -0.1522, -0.4386 0.1727 -0.1459, -0.4447 0.1714 -0.1378, -0.4074 0.1052 -0.1283, -0.405 0.1082 -0.1378, -0.4011 0.1131 -0.1459, -0.396 0.1195 -0.1522, -0.3901 0.1269 -0.1561, -0.3836 0.0948 -0.1378, -0.3809 0.1004 -0.1459, -0.3774 0.1078 -0.1522, -0.3732 0.1163 -0.1561, -0.3606 0.0826 -0.1283, -0.3598 0.0865 -0.1378, -0.3584 0.0926 -0.1459, -0.3565 0.1005 -0.1522, -0.3544 0.1098 -0.1561, -0.5315 -0.3547 0.5315, -0.5315 -0.2366 0.5315, -0.8071 -0.3547 0.5315, -0.8071 -0.2366 0.5315, -0.5315 -0.3547 0.7283, -0.5315 -0.2366 0.7283, 0.5315 -0.3547 0.5315, 0.8071 -0.3547 0.5315, 0.5315 -0.2366 0.5315, 0.8071 -0.2366 0.5315, 0.5315 -0.3547 0.7283, 0.5315 -0.2366 0.7283, 0.2756 -0.276 0.0, 0.2756 -0.3547 0.0, 0.2756 -0.276 0.7283, 0.2756 -0.3547 0.7283, -0.2756 -0.276 0.7283, -0.2756 -0.3547 0.7283, -0.2756 -0.276 0.0, -0.2756 -0.3547 0.0
            ]
        }
        coordIndex [
            0,1,2,-1,2,1,3,-1,4,5,6,-1,6,5,7,-1,8,9,10,-1,11,12,9,-1,9,12,13,-1,9,13,10,-1,14,15,11,-1,11,15,16,-1,11,16,12,-1,17,18,14,-1,14,18,19,-1,14,19,15,-1,20,21,17,-1,17,21,22,-1,17,22,18,-1,23,24,20,-1,20,24,25,-1,20,25,21,-1,26,27,23,-1,23,27,28,-1,23,28,24,-1,29,30,26,-1,26,30,31,-1,26,31,27,-1,32,33,29,-1,29,33,34,-1,29,34,30,-1,35,36,32,-1,32,36,37,-1,32,37,33,-1,38,39,35,-1,35,39,40,-1,35,40,36,-1,41,42,38,-1,38,42,43,-1,38,43,39,-1,44,45,41,-1,41,45,46,-1,41,46,42,-1,47,48,44,-1,44,48,49,-1,44,49,45,-1,50,51,47,-1,47,51,52,-1,47,52,48,-1,53,54,50,-1,50,54,55,-1,50,55,51,-1,56,57,53,-1,53,57,58,-1,53,58,54,-1,59,60,56,-1,56,60,61,-1,56,61,57,-1,62,63,59,-1,59,63,64,-1,59,64,60,-1,65,66,62,-1,62,66,67,-1,62,67,63,-1,68,69,65,-1,65,69,70,-1,65,70,66,-1,71,72,68,-1,68,72,73,-1,68,73,69,-1,74,75,71,-1,71,75,76,-1,71,76,72,-1,10,77,8,-1,8,77,78,-1,8,78,74,-1,74,78,79,-1,74,79,75,-1,80,81,82,-1,83,84,82,-1,82,84,85,-1,82,85,80,-1,86,87,82,-1,82,87,88,-1,82,88,83,-1,89,90,82,-1,82,90,91,-1,82,91,86,-1,92,93,82,-1,82,93,94,-1,82,94,89,-1,95,96,82,-1,82,96,97,-1,82,97,92,-1,98,99,82,-1,82,99,100,-1,82,100,95,-1,101,102,82,-1,82,102,103,-1,82,103,98,-1,104,105,82,-1,82,105,106,-1,82,106,101,-1,81,107,82,-1,82,107,108,-1,82,108,104,-1,49,48,109,-1,61,60,110,-1,67,66,111,-1,79,78,112,-1,13,12,113,-1,25,24,114,-1,31,30,115,-1,43,42,116,-1,84,83,117,-1,117,83,118,-1,117,118,119,-1,119,118,120,-1,119,120,121,-1,121,120,122,-1,121,122,123,-1,123,122,124,-1,123,124,125,-1,125,124,126,-1,89,94,127,-1,127,94,128,-1,127,128,129,-1,129,128,130,-1,129,130,131,-1,131,130,132,-1,131,132,133,-1,133,132,134,-1,133,134,135,-1,135,134,136,-1,100,99,137,-1,137,99,138,-1,137,138,139,-1,139,138,140,-1,139,140,141,-1,141,140,142,-1,141,142,143,-1,143,142,144,-1,143,144,145,-1,145,144,146,-1,105,104,147,-1,147,104,148,-1,147,148,149,-1,149,148,150,-1,149,150,151,-1,151,150,152,-1,151,152,153,-1,153,152,154,-1,153,154,155,-1,155,154,156,-1,80,85,157,-1,157,85,158,-1,157,158,159,-1,159,158,160,-1,159,160,161,-1,161,160,162,-1,161,162,163,-1,163,162,164,-1,163,164,165,-1,165,164,116,-1,165,116,46,-1,46,116,42,-1,39,43,125,-1,125,43,116,-1,125,116,123,-1,123,116,164,-1,123,164,121,-1,121,164,162,-1,121,162,119,-1,119,162,160,-1,119,160,117,-1,117,160,158,-1,117,158,84,-1,84,158,85,-1,34,33,166,-1,166,33,126,-1,166,126,167,-1,167,126,124,-1,167,124,168,-1,168,124,122,-1,168,122,169,-1,169,122,120,-1,169,120,170,-1,170,120,118,-1,170,118,88,-1,88,118,83,-1,33,37,126,-1,126,37,36,-1,126,36,125,-1,125,36,40,-1,125,40,39,-1,30,34,115,-1,115,34,166,-1,115,166,171,-1,171,166,167,-1,171,167,172,-1,172,167,168,-1,172,168,173,-1,173,168,169,-1,173,169,174,-1,174,169,170,-1,174,170,87,-1,87,170,88,-1,27,31,175,-1,175,31,115,-1,175,115,176,-1,176,115,171,-1,176,171,177,-1,177,171,172,-1,177,172,178,-1,178,172,173,-1,178,173,179,-1,179,173,174,-1,179,174,86,-1,86,174,87,-1,86,91,179,-1,179,91,180,-1,179,180,178,-1,178,180,181,-1,178,181,177,-1,177,181,182,-1,177,182,176,-1,176,182,183,-1,176,183,175,-1,175,183,184,-1,175,184,27,-1,27,184,28,-1,91,90,180,-1,180,90,185,-1,180,185,181,-1,181,185,186,-1,181,186,182,-1,182,186,187,-1,182,187,183,-1,183,187,188,-1,183,188,184,-1,184,188,114,-1,184,114,28,-1,28,114,24,-1,21,25,135,-1,135,25,114,-1,135,114,133,-1,133,114,188,-1,133,188,131,-1,131,188,187,-1,131,187,129,-1,129,187,186,-1,129,186,127,-1,127,186,185,-1,127,185,89,-1,89,185,90,-1,16,15,189,-1,189,15,136,-1,189,136,190,-1,190,136,134,-1,190,134,191,-1,191,134,132,-1,191,132,192,-1,192,132,130,-1,192,130,193,-1,193,130,128,-1,193,128,93,-1,93,128,94,-1,15,19,136,-1,136,19,18,-1,136,18,135,-1,135,18,22,-1,135,22,21,-1,12,16,113,-1,113,16,189,-1,113,189,194,-1,194,189,190,-1,194,190,195,-1,195,190,191,-1,195,191,196,-1,196,191,192,-1,196,192,197,-1,197,192,193,-1,197,193,92,-1,92,193,93,-1,10,13,198,-1,198,13,113,-1,198,113,199,-1,199,113,194,-1,199,194,200,-1,200,194,195,-1,200,195,201,-1,201,195,196,-1,201,196,202,-1,202,196,197,-1,202,197,97,-1,97,197,92,-1,97,96,202,-1,202,96,203,-1,202,203,201,-1,201,203,204,-1,201,204,200,-1,200,204,205,-1,200,205,199,-1,199,205,206,-1,199,206,198,-1,198,206,207,-1,198,207,10,-1,10,207,77,-1,96,95,203,-1,203,95,208,-1,203,208,204,-1,204,208,209,-1,204,209,205,-1,205,209,210,-1,205,210,206,-1,206,210,211,-1,206,211,207,-1,207,211,112,-1,207,112,77,-1,77,112,78,-1,75,79,145,-1,145,79,112,-1,145,112,143,-1,143,112,211,-1,143,211,141,-1,141,211,210,-1,141,210,139,-1,139,210,209,-1,139,209,137,-1,137,209,208,-1,137,208,100,-1,100,208,95,-1,70,69,212,-1,212,69,146,-1,212,146,213,-1,213,146,144,-1,213,144,214,-1,214,144,142,-1,214,142,215,-1,215,142,140,-1,215,140,216,-1,216,140,138,-1,216,138,98,-1,98,138,99,-1,69,73,146,-1,146,73,72,-1,146,72,145,-1,145,72,76,-1,145,76,75,-1,66,70,111,-1,111,70,212,-1,111,212,217,-1,217,212,213,-1,217,213,218,-1,218,213,214,-1,218,214,219,-1,219,214,215,-1,219,215,220,-1,220,215,216,-1,220,216,103,-1,103,216,98,-1,63,67,221,-1,221,67,111,-1,221,111,222,-1,222,111,217,-1,222,217,223,-1,223,217,218,-1,223,218,224,-1,224,218,219,-1,224,219,225,-1,225,219,220,-1,225,220,102,-1,102,220,103,-1,102,101,225,-1,225,101,226,-1,225,226,224,-1,224,226,227,-1,224,227,223,-1,223,227,228,-1,223,228,222,-1,222,228,229,-1,222,229,221,-1,221,229,230,-1,221,230,63,-1,63,230,64,-1,101,106,226,-1,226,106,231,-1,226,231,227,-1,227,231,232,-1,227,232,228,-1,228,232,233,-1,228,233,229,-1,229,233,234,-1,229,234,230,-1,230,234,110,-1,230,110,64,-1,64,110,60,-1,57,61,155,-1,155,61,110,-1,155,110,153,-1,153,110,234,-1,153,234,151,-1,151,234,233,-1,151,233,149,-1,149,233,232,-1,149,232,147,-1,147,232,231,-1,147,231,105,-1,105,231,106,-1,52,51,235,-1,235,51,156,-1,235,156,236,-1,236,156,154,-1,236,154,237,-1,237,154,152,-1,237,152,238,-1,238,152,150,-1,238,150,239,-1,239,150,148,-1,239,148,108,-1,108,148,104,-1,51,55,156,-1,156,55,54,-1,156,54,155,-1,155,54,58,-1,155,58,57,-1,48,52,109,-1,109,52,235,-1,109,235,240,-1,240,235,236,-1,240,236,241,-1,241,236,237,-1,241,237,242,-1,242,237,238,-1,242,238,243,-1,243,238,239,-1,243,239,107,-1,107,239,108,-1,45,49,244,-1,244,49,109,-1,244,109,245,-1,245,109,240,-1,245,240,246,-1,246,240,241,-1,246,241,247,-1,247,241,242,-1,247,242,248,-1,248,242,243,-1,248,243,81,-1,81,243,107,-1,81,80,248,-1,248,80,157,-1,248,157,247,-1,247,157,159,-1,247,159,246,-1,246,159,161,-1,246,161,245,-1,245,161,163,-1,245,163,244,-1,244,163,165,-1,244,165,45,-1,45,165,46,-1,249,250,251,-1,252,253,250,-1,250,253,254,-1,250,254,251,-1,255,256,252,-1,252,256,257,-1,252,257,253,-1,258,259,255,-1,255,259,260,-1,255,260,256,-1,261,262,258,-1,258,262,263,-1,258,263,259,-1,264,265,261,-1,261,265,266,-1,261,266,262,-1,267,268,264,-1,264,268,269,-1,264,269,265,-1,270,271,267,-1,267,271,272,-1,267,272,268,-1,273,274,270,-1,270,274,275,-1,270,275,271,-1,276,277,273,-1,273,277,278,-1,273,278,274,-1,279,280,276,-1,276,280,281,-1,276,281,277,-1,282,283,279,-1,279,283,284,-1,279,284,280,-1,285,286,282,-1,282,286,287,-1,282,287,283,-1,288,289,285,-1,285,289,290,-1,285,290,286,-1,291,292,288,-1,288,292,293,-1,288,293,289,-1,294,295,291,-1,291,295,296,-1,291,296,292,-1,297,298,294,-1,294,298,299,-1,294,299,295,-1,300,301,297,-1,297,301,302,-1,297,302,298,-1,303,304,300,-1,300,304,305,-1,300,305,301,-1,306,307,303,-1,303,307,308,-1,303,308,304,-1,309,310,306,-1,306,310,311,-1,306,311,307,-1,312,313,309,-1,309,313,314,-1,309,314,310,-1,315,316,312,-1,312,316,317,-1,312,317,313,-1,251,318,249,-1,249,318,319,-1,249,319,315,-1,315,319,320,-1,315,320,316,-1,321,322,323,-1,324,325,323,-1,323,325,326,-1,323,326,321,-1,327,328,323,-1,323,328,329,-1,323,329,324,-1,330,331,323,-1,323,331,332,-1,323,332,327,-1,333,334,323,-1,323,334,335,-1,323,335,330,-1,336,337,323,-1,323,337,338,-1,323,338,333,-1,339,340,323,-1,323,340,341,-1,323,341,336,-1,342,343,323,-1,323,343,344,-1,323,344,339,-1,345,346,323,-1,323,346,347,-1,323,347,342,-1,322,348,323,-1,323,348,349,-1,323,349,345,-1,290,289,350,-1,302,301,351,-1,308,307,352,-1,320,319,353,-1,254,253,354,-1,266,265,355,-1,272,271,356,-1,284,283,357,-1,325,324,358,-1,358,324,359,-1,358,359,360,-1,360,359,361,-1,360,361,362,-1,362,361,363,-1,362,363,364,-1,364,363,365,-1,364,365,366,-1,366,365,367,-1,330,335,368,-1,368,335,369,-1,368,369,370,-1,370,369,371,-1,370,371,372,-1,372,371,373,-1,372,373,374,-1,374,373,375,-1,374,375,376,-1,376,375,377,-1,341,340,378,-1,378,340,379,-1,378,379,380,-1,380,379,381,-1,380,381,382,-1,382,381,383,-1,382,383,384,-1,384,383,385,-1,384,385,386,-1,386,385,387,-1,346,345,388,-1,388,345,389,-1,388,389,390,-1,390,389,391,-1,390,391,392,-1,392,391,393,-1,392,393,394,-1,394,393,395,-1,394,395,396,-1,396,395,397,-1,321,326,398,-1,398,326,399,-1,398,399,400,-1,400,399,401,-1,400,401,402,-1,402,401,403,-1,402,403,404,-1,404,403,405,-1,404,405,406,-1,406,405,357,-1,406,357,287,-1,287,357,283,-1,280,284,366,-1,366,284,357,-1,366,357,364,-1,364,357,405,-1,364,405,362,-1,362,405,403,-1,362,403,360,-1,360,403,401,-1,360,401,358,-1,358,401,399,-1,358,399,325,-1,325,399,326,-1,275,274,407,-1,407,274,367,-1,407,367,408,-1,408,367,365,-1,408,365,409,-1,409,365,363,-1,409,363,410,-1,410,363,361,-1,410,361,411,-1,411,361,359,-1,411,359,329,-1,329,359,324,-1,274,278,367,-1,367,278,277,-1,367,277,366,-1,366,277,281,-1,366,281,280,-1,271,275,356,-1,356,275,407,-1,356,407,412,-1,412,407,408,-1,412,408,413,-1,413,408,409,-1,413,409,414,-1,414,409,410,-1,414,410,415,-1,415,410,411,-1,415,411,328,-1,328,411,329,-1,268,272,416,-1,416,272,356,-1,416,356,417,-1,417,356,412,-1,417,412,418,-1,418,412,413,-1,418,413,419,-1,419,413,414,-1,419,414,420,-1,420,414,415,-1,420,415,327,-1,327,415,328,-1,327,332,420,-1,420,332,421,-1,420,421,419,-1,419,421,422,-1,419,422,418,-1,418,422,423,-1,418,423,417,-1,417,423,424,-1,417,424,416,-1,416,424,425,-1,416,425,268,-1,268,425,269,-1,332,331,421,-1,421,331,426,-1,421,426,422,-1,422,426,427,-1,422,427,423,-1,423,427,428,-1,423,428,424,-1,424,428,429,-1,424,429,425,-1,425,429,355,-1,425,355,269,-1,269,355,265,-1,262,266,376,-1,376,266,355,-1,376,355,374,-1,374,355,429,-1,374,429,372,-1,372,429,428,-1,372,428,370,-1,370,428,427,-1,370,427,368,-1,368,427,426,-1,368,426,330,-1,330,426,331,-1,257,256,430,-1,430,256,377,-1,430,377,431,-1,431,377,375,-1,431,375,432,-1,432,375,373,-1,432,373,433,-1,433,373,371,-1,433,371,434,-1,434,371,369,-1,434,369,334,-1,334,369,335,-1,256,260,377,-1,377,260,259,-1,377,259,376,-1,376,259,263,-1,376,263,262,-1,253,257,354,-1,354,257,430,-1,354,430,435,-1,435,430,431,-1,435,431,436,-1,436,431,432,-1,436,432,437,-1,437,432,433,-1,437,433,438,-1,438,433,434,-1,438,434,333,-1,333,434,334,-1,251,254,439,-1,439,254,354,-1,439,354,440,-1,440,354,435,-1,440,435,441,-1,441,435,436,-1,441,436,442,-1,442,436,437,-1,442,437,443,-1,443,437,438,-1,443,438,338,-1,338,438,333,-1,338,337,443,-1,443,337,444,-1,443,444,442,-1,442,444,445,-1,442,445,441,-1,441,445,446,-1,441,446,440,-1,440,446,447,-1,440,447,439,-1,439,447,448,-1,439,448,251,-1,251,448,318,-1,337,336,444,-1,444,336,449,-1,444,449,445,-1,445,449,450,-1,445,450,446,-1,446,450,451,-1,446,451,447,-1,447,451,452,-1,447,452,448,-1,448,452,353,-1,448,353,318,-1,318,353,319,-1,316,320,386,-1,386,320,353,-1,386,353,384,-1,384,353,452,-1,384,452,382,-1,382,452,451,-1,382,451,380,-1,380,451,450,-1,380,450,378,-1,378,450,449,-1,378,449,341,-1,341,449,336,-1,311,310,453,-1,453,310,387,-1,453,387,454,-1,454,387,385,-1,454,385,455,-1,455,385,383,-1,455,383,456,-1,456,383,381,-1,456,381,457,-1,457,381,379,-1,457,379,339,-1,339,379,340,-1,310,314,387,-1,387,314,313,-1,387,313,386,-1,386,313,317,-1,386,317,316,-1,307,311,352,-1,352,311,453,-1,352,453,458,-1,458,453,454,-1,458,454,459,-1,459,454,455,-1,459,455,460,-1,460,455,456,-1,460,456,461,-1,461,456,457,-1,461,457,344,-1,344,457,339,-1,304,308,462,-1,462,308,352,-1,462,352,463,-1,463,352,458,-1,463,458,464,-1,464,458,459,-1,464,459,465,-1,465,459,460,-1,465,460,466,-1,466,460,461,-1,466,461,343,-1,343,461,344,-1,343,342,466,-1,466,342,467,-1,466,467,465,-1,465,467,468,-1,465,468,464,-1,464,468,469,-1,464,469,463,-1,463,469,470,-1,463,470,462,-1,462,470,471,-1,462,471,304,-1,304,471,305,-1,342,347,467,-1,467,347,472,-1,467,472,468,-1,468,472,473,-1,468,473,469,-1,469,473,474,-1,469,474,470,-1,470,474,475,-1,470,475,471,-1,471,475,351,-1,471,351,305,-1,305,351,301,-1,298,302,396,-1,396,302,351,-1,396,351,394,-1,394,351,475,-1,394,475,392,-1,392,475,474,-1,392,474,390,-1,390,474,473,-1,390,473,388,-1,388,473,472,-1,388,472,346,-1,346,472,347,-1,293,292,476,-1,476,292,397,-1,476,397,477,-1,477,397,395,-1,477,395,478,-1,478,395,393,-1,478,393,479,-1,479,393,391,-1,479,391,480,-1,480,391,389,-1,480,389,349,-1,349,389,345,-1,292,296,397,-1,397,296,295,-1,397,295,396,-1,396,295,299,-1,396,299,298,-1,289,293,350,-1,350,293,476,-1,350,476,481,-1,481,476,477,-1,481,477,482,-1,482,477,478,-1,482,478,483,-1,483,478,479,-1,483,479,484,-1,484,479,480,-1,484,480,348,-1,348,480,349,-1,286,290,485,-1,485,290,350,-1,485,350,486,-1,486,350,481,-1,486,481,487,-1,487,481,482,-1,487,482,488,-1,488,482,483,-1,488,483,489,-1,489,483,484,-1,489,484,322,-1,322,484,348,-1,322,321,489,-1,489,321,398,-1,489,398,488,-1,488,398,400,-1,488,400,487,-1,487,400,402,-1,487,402,486,-1,486,402,404,-1,486,404,485,-1,485,404,406,-1,485,406,286,-1,286,406,287,-1,490,491,492,-1,492,491,493,-1,494,495,490,-1,490,495,491,-1,496,497,498,-1,498,497,499,-1,500,496,501,-1,501,496,498,-1,502,503,504,-1,504,503,505,-1,506,507,508,-1,508,507,509,-1,504,506,502,-1,502,506,508,-1,
        ]
    }
}
Shape{
    appearance Appearance {
        material  Material 	{
            diffuseColor 0.0 0.0 0.0
            specularColor 0.0 0.0 0.0
            ambientIntensity 0.0
            transparency 0.0
            shininess 0.5
        }
    }
    geometry IndexedFaceSet {
        ccw TRUE
        solid FALSE
        coord DEF co Coordinate {
            point [
                0.1701 -0.0553 0.7323, 0.1682 -0.0577 0.7323, 0.1718 -0.0608 0.7323, 0.1677 -0.0581 0.7323, 0.1677 -0.0637 0.7323, 0.1652 -0.0599 0.7323, 0.1632 -0.0655 0.7323, 0.162 -0.0611 0.7323, 0.1566 -0.0663 0.7323, 0.1566 -0.0618 0.7323, 0.1458 -0.0663 0.7323, 0.1509 -0.0618 0.7323, 0.1458 -0.027 0.7323, 0.1509 -0.0315 0.7323, 0.157 -0.027 0.7323, 0.1568 -0.0315 0.7323, 0.163 -0.0277 0.7323, 0.1621 -0.0322 0.7323, 0.1677 -0.0294 0.7323, 0.1654 -0.0334 0.7323, 0.1718 -0.0322 0.7323, 0.1681 -0.0352 0.7323, 0.1732 -0.0336 0.7323, 0.1692 -0.0363 0.7323, 0.1756 -0.037 0.7323, 0.1707 -0.0385 0.7323, 0.1771 -0.0408 0.7323, 0.1718 -0.0414 0.7323, 0.1777 -0.0461 0.7323, 0.1724 -0.0463 0.7323, 0.1776 -0.0487 0.7323, 0.1723 -0.0488 0.7323, 0.1767 -0.0532 0.7323, 0.1715 -0.0524 0.7323, 0.1747 -0.0573 0.7323, 0.1718 -0.0608 0.7283, 0.1747 -0.0573 0.7283, 0.1767 -0.0532 0.7283, 0.1776 -0.0487 0.7283, 0.1777 -0.0461 0.7283, 0.1771 -0.0408 0.7283, 0.1756 -0.037 0.7283, 0.1732 -0.0336 0.7283, 0.1718 -0.0322 0.7283, 0.1677 -0.0294 0.7283, 0.163 -0.0277 0.7283, 0.157 -0.027 0.7283, 0.1458 -0.027 0.7283, 0.1458 -0.0663 0.7283, 0.1566 -0.0663 0.7283, 0.1632 -0.0655 0.7283, 0.1677 -0.0637 0.7283, 0.1681 -0.0352 0.7283, 0.1692 -0.0363 0.7283, 0.1707 -0.0385 0.7283, 0.1718 -0.0414 0.7283, 0.1724 -0.0463 0.7283, 0.1568 -0.0315 0.7283, 0.1621 -0.0322 0.7283, 0.1654 -0.0334 0.7283, 0.1509 -0.0315 0.7283, 0.1509 -0.0618 0.7283, 0.1566 -0.0618 0.7283, 0.1682 -0.0577 0.7283, 0.1677 -0.0581 0.7283, 0.1652 -0.0599 0.7283, 0.162 -0.0611 0.7283, 0.1723 -0.0488 0.7283, 0.1715 -0.0524 0.7283, 0.1701 -0.0553 0.7283
            ]
        }
        coordIndex [
            0,1,2,-1,2,1,3,-1,2,3,4,-1,4,3,5,-1,4,5,6,-1,6,5,7,-1,6,7,8,-1,8,7,9,-1,8,9,10,-1,10,9,11,-1,10,11,12,-1,12,11,13,-1,12,13,14,-1,14,13,15,-1,14,15,16,-1,16,15,17,-1,16,17,18,-1,18,17,19,-1,18,19,20,-1,20,19,21,-1,20,21,22,-1,22,21,23,-1,22,23,24,-1,24,23,25,-1,24,25,26,-1,26,25,27,-1,26,27,28,-1,28,27,29,-1,28,29,30,-1,30,29,31,-1,30,31,32,-1,32,31,33,-1,32,33,34,-1,34,33,0,-1,34,0,2,-1,2,35,36,-1,2,36,34,-1,34,36,37,-1,34,37,32,-1,32,37,38,-1,32,38,30,-1,30,38,39,-1,30,39,28,-1,28,39,40,-1,28,40,26,-1,26,40,41,-1,26,41,24,-1,24,41,42,-1,24,42,22,-1,22,42,43,-1,22,43,20,-1,20,43,44,-1,20,44,18,-1,18,44,45,-1,18,45,16,-1,16,45,46,-1,16,46,14,-1,12,14,47,-1,47,14,46,-1,10,12,48,-1,48,12,47,-1,8,10,49,-1,49,10,48,-1,8,49,50,-1,8,50,6,-1,6,50,51,-1,6,51,4,-1,4,51,35,-1,4,35,2,-1,21,52,53,-1,21,53,23,-1,23,53,54,-1,23,54,25,-1,25,54,55,-1,25,55,27,-1,27,55,56,-1,27,56,29,-1,15,57,58,-1,15,58,17,-1,17,58,59,-1,17,59,19,-1,19,59,52,-1,19,52,21,-1,15,13,57,-1,57,13,60,-1,13,11,60,-1,60,11,61,-1,11,9,61,-1,61,9,62,-1,1,63,64,-1,1,64,3,-1,3,64,65,-1,3,65,5,-1,5,65,66,-1,5,66,7,-1,7,66,62,-1,7,62,9,-1,29,56,67,-1,29,67,31,-1,31,67,68,-1,31,68,33,-1,33,68,69,-1,33,69,0,-1,0,69,63,-1,0,63,1,-1,
        ]
    }
}
Shape{
    appearance Appearance {
        material  Material 	{
            diffuseColor 0.7019607843137254 0.7019607843137254 0.7019607843137254
            specularColor 0.050980392156862744 0.050980392156862744 0.050980392156862744
            ambientIntensity 1.0
            transparency 0.0
            shininess 0.5
        }
    }
    geometry IndexedFaceSet {
        ccw TRUE
        solid FALSE
        coord DEF co Coordinate {
            point [
                0.1509 -0.0315 0.7283, 0.1509 -0.0618 0.7283, 0.1568 -0.0315 0.7283, 0.1566 -0.0618 0.7283, 0.162 -0.0611 0.7283, 0.1652 -0.0599 0.7283, 0.1677 -0.0581 0.7283, 0.1682 -0.0577 0.7283, 0.1701 -0.0553 0.7283, 0.1715 -0.0524 0.7283, 0.1724 -0.0463 0.7283, 0.1681 -0.0352 0.7283, 0.1654 -0.0334 0.7283, 0.1718 -0.0414 0.7283, 0.1707 -0.0385 0.7283, 0.1692 -0.0363 0.7283, 0.1723 -0.0488 0.7283, 0.1621 -0.0322 0.7283
            ]
        }
        coordIndex [
            0,1,2,-1,2,1,3,-1,3,4,2,-1,2,4,5,-1,2,5,6,-1,6,7,2,-1,2,7,8,-1,2,8,9,-1,10,11,12,-1,13,14,10,-1,10,14,15,-1,10,15,11,-1,9,16,2,-1,2,16,10,-1,2,10,17,-1,17,10,12,-1,
        ]
    }
}
Shape{
    appearance Appearance {
        material  Material 	{
            diffuseColor 0.0 0.0 0.0
            specularColor 0.0 0.0 0.0
            ambientIntensity 0.0
            transparency 0.0
            shininess 0.5
        }
    }
    geometry IndexedFaceSet {
        ccw TRUE
        solid FALSE
        coord DEF co Coordinate {
            point [
                0.0993 -0.0593 0.7323, 0.0993 -0.0593 0.7283, 0.0989 -0.0606 0.7283, 0.0989 -0.0606 0.7323, 0.0987 -0.0616 0.7283, 0.0987 -0.0616 0.7323, 0.0985 -0.0616 0.7323, 0.0985 -0.0616 0.7283, 0.0979 -0.0593 0.7323, 0.0979 -0.0593 0.7283, 0.0906 -0.0382 0.7323, 0.093 -0.0451 0.7283, 0.0906 -0.0382 0.7283, 0.0851 -0.0382 0.7323, 0.0851 -0.0382 0.7283, 0.0961 -0.0662 0.7323, 0.093 -0.0583 0.7283, 0.0961 -0.0662 0.7283, 0.0939 -0.0713 0.7283, 0.0939 -0.0713 0.7323, 0.0959 -0.0666 0.7283, 0.093 -0.0731 0.7283, 0.093 -0.0731 0.7323, 0.0921 -0.0741 0.7283, 0.0921 -0.0741 0.7323, 0.0912 -0.0747 0.7283, 0.0912 -0.0747 0.7323, 0.0901 -0.0751 0.7283, 0.0901 -0.0751 0.7323, 0.0889 -0.0752 0.7283, 0.0889 -0.0752 0.7323, 0.0871 -0.075 0.7283, 0.0871 -0.075 0.7323, 0.0861 -0.0747 0.7283, 0.0861 -0.0747 0.7323, 0.0861 -0.0791 0.7323, 0.0861 -0.0791 0.7283, 0.0882 -0.0794 0.7283, 0.0882 -0.0794 0.7323, 0.0893 -0.0795 0.7283, 0.0893 -0.0795 0.7323, 0.0913 -0.0792 0.7283, 0.0913 -0.0792 0.7323, 0.093 -0.0786 0.7283, 0.0932 -0.0785 0.7323, 0.0932 -0.0785 0.7283, 0.0949 -0.0773 0.7283, 0.0949 -0.0773 0.7323, 0.0953 -0.077 0.7283, 0.0953 -0.077 0.7323, 0.0971 -0.0748 0.7283, 0.0971 -0.0748 0.7323, 0.0993 -0.0705 0.7283, 0.0993 -0.0705 0.7323, 0.112 -0.0382 0.7283, 0.112 -0.0382 0.7323, 0.1008 -0.0666 0.7283, 0.1069 -0.0382 0.7323, 0.1069 -0.0382 0.7283, 0.0712 -0.0669 0.7283, 0.0746 -0.0666 0.7283, 0.0712 -0.0669 0.7323, 0.0751 -0.0665 0.7323, 0.0751 -0.0665 0.7283, 0.0778 -0.0656 0.7283, 0.0778 -0.0656 0.7323, 0.0794 -0.0647 0.7283, 0.0794 -0.0647 0.7323, 0.0808 -0.0635 0.7283, 0.0808 -0.0635 0.7323, 0.0817 -0.0622 0.7283, 0.0817 -0.0622 0.7323, 0.0823 -0.0606 0.7283, 0.0823 -0.0606 0.7323, 0.0826 -0.0586 0.7283, 0.0826 -0.0586 0.7323, 0.0824 -0.0568 0.7283, 0.0824 -0.0568 0.7323, 0.0818 -0.0554 0.7283, 0.0818 -0.0554 0.7323, 0.0809 -0.054 0.7283, 0.0809 -0.054 0.7323, 0.0797 -0.053 0.7283, 0.0797 -0.053 0.7323, 0.0765 -0.0511 0.7283, 0.0765 -0.0511 0.7323, 0.0746 -0.0504 0.7283, 0.0746 -0.0504 0.7323, 0.0715 -0.0491 0.7283, 0.0715 -0.0491 0.7323, 0.0698 -0.048 0.7283, 0.0698 -0.048 0.7323, 0.0693 -0.0474 0.7283, 0.0693 -0.0474 0.7323, 0.069 -0.0468 0.7283, 0.069 -0.0468 0.7323, 0.0688 -0.046 0.7283, 0.0688 -0.046 0.7323, 0.0687 -0.0454 0.7283, 0.0687 -0.0454 0.7323, 0.0688 -0.0446 0.7283, 0.0688 -0.0446 0.7323, 0.0691 -0.0439 0.7283, 0.0691 -0.0439 0.7323, 0.0695 -0.0433 0.7283, 0.0695 -0.0433 0.7323, 0.0702 -0.0426 0.7283, 0.0702 -0.0426 0.7323, 0.0713 -0.0421 0.7283, 0.0713 -0.0421 0.7323, 0.0726 -0.0417 0.7283, 0.0726 -0.0417 0.7323, 0.0741 -0.0416 0.7283, 0.0741 -0.0416 0.7323, 0.0774 -0.042 0.7283, 0.0774 -0.042 0.7323, 0.0801 -0.043 0.7283, 0.0801 -0.043 0.7323, 0.0812 -0.0436 0.7283, 0.0812 -0.0436 0.7323, 0.0812 -0.0388 0.7323, 0.0812 -0.0388 0.7283, 0.0779 -0.0379 0.7283, 0.0779 -0.0379 0.7323, 0.0746 -0.0376 0.7283, 0.0746 -0.0376 0.7323, 0.071 -0.038 0.7283, 0.071 -0.038 0.7323, 0.0683 -0.0389 0.7283, 0.0683 -0.0389 0.7323, 0.0668 -0.0398 0.7283, 0.0668 -0.0398 0.7323, 0.0659 -0.0406 0.7283, 0.0654 -0.0411 0.7323, 0.0654 -0.0411 0.7283, 0.0644 -0.0425 0.7283, 0.0644 -0.0425 0.7323, 0.0639 -0.044 0.7283, 0.0639 -0.044 0.7323, 0.0637 -0.0458 0.7283, 0.0637 -0.0458 0.7323, 0.0639 -0.0477 0.7283, 0.0639 -0.0477 0.7323, 0.0644 -0.0492 0.7283, 0.0644 -0.0492 0.7323, 0.0651 -0.0502 0.7283, 0.0651 -0.0502 0.7323, 0.0711 -0.0539 0.7283, 0.0711 -0.0539 0.7323, 0.0682 -0.0526 0.7323, 0.0659 -0.0511 0.7283, 0.0659 -0.0511 0.7323, 0.0659 -0.0511 0.7283, 0.0682 -0.0526 0.7283, 0.0743 -0.0553 0.7283, 0.0743 -0.0553 0.7323, 0.0763 -0.0565 0.7283, 0.0763 -0.0565 0.7323, 0.0769 -0.0571 0.7283, 0.0769 -0.0571 0.7323, 0.0772 -0.0577 0.7283, 0.0772 -0.0577 0.7323, 0.0775 -0.0585 0.7283, 0.0775 -0.0585 0.7323, 0.0775 -0.0591 0.7283, 0.0775 -0.0591 0.7323, 0.0774 -0.0601 0.7283, 0.0774 -0.0601 0.7323, 0.0772 -0.0608 0.7283, 0.0772 -0.0608 0.7323, 0.0767 -0.0614 0.7283, 0.0767 -0.0614 0.7323, 0.0762 -0.0619 0.7283, 0.0762 -0.0619 0.7323, 0.0757 -0.0622 0.7283, 0.0757 -0.0622 0.7323, 0.0745 -0.0626 0.7283, 0.0745 -0.0626 0.7323, 0.0719 -0.0629 0.7283, 0.0719 -0.0629 0.7323, 0.0717 -0.0629 0.7283, 0.0717 -0.0629 0.7323, 0.0636 -0.0602 0.7283, 0.0636 -0.0602 0.7323, 0.0655 -0.0614 0.7323, 0.0686 -0.0625 0.7283, 0.0686 -0.0625 0.7323, 0.0659 -0.0615 0.7283, 0.0655 -0.0614 0.7283, 0.0636 -0.0653 0.7323, 0.0636 -0.0653 0.7283, 0.0659 -0.0661 0.7283, 0.0668 -0.0664 0.7323, 0.0683 -0.0666 0.7283, 0.0668 -0.0664 0.7283, 0.0521 -0.0663 0.7323, 0.057 -0.0663 0.7323, 0.0521 -0.0619 0.7323, 0.057 -0.0482 0.7323, 0.0521 -0.0485 0.7323, 0.0414 -0.0543 0.7323, 0.0425 -0.0538 0.7323, 0.0519 -0.0619 0.7323, 0.0493 -0.0612 0.7323, 0.0511 -0.0631 0.7323, 0.048 -0.0621 0.7323, 0.0455 -0.0531 0.7323, 0.0521 -0.0522 0.7323, 0.0521 -0.0549 0.7323, 0.0521 -0.0552 0.7323, 0.0517 -0.0574 0.7323, 0.051 -0.0592 0.7323, 0.05 -0.0606 0.7323, 0.0519 -0.0463 0.7323, 0.0566 -0.0445 0.7323, 0.0514 -0.0445 0.7323, 0.0558 -0.0423 0.7323, 0.0508 -0.0435 0.7323, 0.0548 -0.0407 0.7323, 0.0501 -0.0427 0.7323, 0.0535 -0.0394 0.7323, 0.0492 -0.0422 0.7323, 0.0519 -0.0385 0.7323, 0.0481 -0.0418 0.7323, 0.0498 -0.0379 0.7323, 0.0464 -0.0416 0.7323, 0.0469 -0.0376 0.7323, 0.0433 -0.0419 0.7323, 0.0419 -0.0382 0.7323, 0.0402 -0.043 0.7323, 0.0382 -0.0396 0.7323, 0.0372 -0.045 0.7323, 0.0372 -0.0402 0.7323, 0.0405 -0.0612 0.7323, 0.0369 -0.0647 0.7323, 0.0409 -0.0616 0.7323, 0.0385 -0.0659 0.7323, 0.0419 -0.0623 0.7323, 0.0404 -0.0666 0.7323, 0.043 -0.0627 0.7323, 0.0434 -0.0669 0.7323, 0.0446 -0.0629 0.7323, 0.0459 -0.0666 0.7323, 0.0465 -0.0627 0.7323, 0.0479 -0.0659 0.7323, 0.0496 -0.0648 0.7323, 0.0395 -0.0576 0.7323, 0.0345 -0.0581 0.7323, 0.0395 -0.0584 0.7323, 0.0345 -0.0588 0.7323, 0.0396 -0.0595 0.7323, 0.0347 -0.061 0.7323, 0.0399 -0.0604 0.7323, 0.0353 -0.0627 0.7323, 0.0363 -0.0642 0.7323, 0.0438 -0.0496 0.7323, 0.0401 -0.0505 0.7323, 0.0408 -0.0548 0.7323, 0.038 -0.0516 0.7323, 0.0402 -0.0555 0.7323, 0.0365 -0.0529 0.7323, 0.0397 -0.0565 0.7323, 0.0355 -0.0543 0.7323, 0.0348 -0.056 0.7323, 0.0464 -0.0416 0.7283, 0.0481 -0.0418 0.7283, 0.0492 -0.0422 0.7283, 0.0501 -0.0427 0.7283, 0.0508 -0.0435 0.7283, 0.0514 -0.0445 0.7283, 0.0519 -0.0463 0.7283, 0.0521 -0.0485 0.7283, 0.0438 -0.0496 0.7283, 0.0401 -0.0505 0.7283, 0.038 -0.0516 0.7283, 0.0365 -0.0529 0.7283, 0.0355 -0.0543 0.7283, 0.0348 -0.056 0.7283, 0.0345 -0.0581 0.7283, 0.0345 -0.0588 0.7283, 0.0347 -0.061 0.7283, 0.0353 -0.0627 0.7283, 0.0363 -0.0642 0.7283, 0.0369 -0.0647 0.7283, 0.0434 -0.0669 0.7283, 0.0405 -0.0666 0.7283, 0.0404 -0.0666 0.7283, 0.0385 -0.0659 0.7283, 0.0459 -0.0666 0.7283, 0.046 -0.0666 0.7283, 0.0479 -0.0659 0.7283, 0.0496 -0.0648 0.7283, 0.0511 -0.0631 0.7283, 0.0519 -0.0619 0.7283, 0.0521 -0.0619 0.7283, 0.0521 -0.0663 0.7283, 0.057 -0.0663 0.7283, 0.057 -0.0482 0.7283, 0.0566 -0.0445 0.7283, 0.0558 -0.0423 0.7283, 0.0548 -0.0407 0.7283, 0.0535 -0.0394 0.7283, 0.0519 -0.0385 0.7283, 0.0498 -0.0379 0.7283, 0.0469 -0.0376 0.7283, 0.0419 -0.0382 0.7283, 0.0382 -0.0396 0.7283, 0.0372 -0.0402 0.7283, 0.0372 -0.045 0.7283, 0.0402 -0.043 0.7283, 0.0433 -0.0419 0.7283, 0.05 -0.0606 0.7283, 0.0493 -0.0612 0.7283, 0.048 -0.0621 0.7283, 0.0465 -0.0627 0.7283, 0.0446 -0.0629 0.7283, 0.0521 -0.0549 0.7283, 0.0521 -0.0552 0.7283, 0.0517 -0.0574 0.7283, 0.051 -0.0592 0.7283, 0.0521 -0.0522 0.7283, 0.0455 -0.0531 0.7283, 0.0408 -0.0548 0.7283, 0.0414 -0.0543 0.7283, 0.0425 -0.0538 0.7283, 0.0395 -0.0584 0.7283, 0.0395 -0.0576 0.7283, 0.0397 -0.0565 0.7283, 0.0402 -0.0555 0.7283, 0.0409 -0.0616 0.7283, 0.0405 -0.0612 0.7283, 0.0399 -0.0604 0.7283, 0.0396 -0.0595 0.7283, 0.043 -0.0627 0.7283, 0.0419 -0.0623 0.7283
            ]
        }
        coordIndex [
            0,1,2,-1,0,2,3,-1,3,2,4,-1,3,4,5,-1,6,5,7,-1,7,5,4,-1,8,6,9,-1,9,6,7,-1,8,9,10,-1,10,9,11,-1,10,11,12,-1,13,10,14,-1,14,10,12,-1,13,14,15,-1,15,14,16,-1,15,16,17,-1,18,19,20,-1,20,19,15,-1,20,15,17,-1,19,18,21,-1,19,21,22,-1,22,21,23,-1,22,23,24,-1,24,23,25,-1,24,25,26,-1,26,25,27,-1,26,27,28,-1,28,27,29,-1,28,29,30,-1,30,29,31,-1,30,31,32,-1,32,31,33,-1,32,33,34,-1,35,34,36,-1,36,34,33,-1,35,36,37,-1,35,37,38,-1,38,37,39,-1,38,39,40,-1,40,39,41,-1,40,41,42,-1,42,41,43,-1,42,43,44,-1,43,45,44,-1,44,45,46,-1,44,46,47,-1,47,46,48,-1,47,48,49,-1,49,48,50,-1,49,50,51,-1,51,50,52,-1,51,52,53,-1,54,55,56,-1,56,55,53,-1,56,53,52,-1,57,55,58,-1,58,55,54,-1,0,57,1,-1,1,57,58,-1,3,5,53,-1,55,57,53,-1,53,57,0,-1,53,0,3,-1,10,13,8,-1,8,13,15,-1,8,15,6,-1,34,35,32,-1,32,35,38,-1,32,38,30,-1,30,38,40,-1,30,40,28,-1,28,40,42,-1,28,42,26,-1,26,42,44,-1,26,44,24,-1,51,22,49,-1,49,22,24,-1,49,24,47,-1,47,24,44,-1,5,6,53,-1,53,6,15,-1,53,15,51,-1,51,15,19,-1,51,19,22,-1,59,60,61,-1,61,60,62,-1,60,63,62,-1,62,63,64,-1,62,64,65,-1,65,64,66,-1,65,66,67,-1,67,66,68,-1,67,68,69,-1,69,68,70,-1,69,70,71,-1,71,70,72,-1,71,72,73,-1,73,72,74,-1,73,74,75,-1,75,74,76,-1,75,76,77,-1,77,76,78,-1,77,78,79,-1,79,78,80,-1,79,80,81,-1,81,80,82,-1,81,82,83,-1,83,82,84,-1,83,84,85,-1,85,84,86,-1,85,86,87,-1,87,86,88,-1,87,88,89,-1,89,88,90,-1,89,90,91,-1,91,90,92,-1,91,92,93,-1,93,92,94,-1,93,94,95,-1,95,94,96,-1,95,96,97,-1,97,96,98,-1,97,98,99,-1,99,98,100,-1,99,100,101,-1,101,100,102,-1,101,102,103,-1,103,102,104,-1,103,104,105,-1,105,104,106,-1,105,106,107,-1,107,106,108,-1,107,108,109,-1,109,108,110,-1,109,110,111,-1,111,110,112,-1,111,112,113,-1,113,112,114,-1,113,114,115,-1,115,114,116,-1,115,116,117,-1,117,116,118,-1,117,118,119,-1,120,119,121,-1,121,119,118,-1,120,121,122,-1,120,122,123,-1,123,122,124,-1,123,124,125,-1,125,124,126,-1,125,126,127,-1,127,126,128,-1,127,128,129,-1,129,128,130,-1,129,130,131,-1,130,132,131,-1,131,132,133,-1,132,134,133,-1,133,134,135,-1,133,135,136,-1,136,135,137,-1,136,137,138,-1,138,137,139,-1,138,139,140,-1,140,139,141,-1,140,141,142,-1,142,141,143,-1,142,143,144,-1,144,143,145,-1,144,145,146,-1,147,148,149,-1,146,145,150,-1,146,150,151,-1,151,150,152,-1,151,152,149,-1,149,152,153,-1,149,153,147,-1,148,147,154,-1,148,154,155,-1,155,154,156,-1,155,156,157,-1,157,156,158,-1,157,158,159,-1,159,158,160,-1,159,160,161,-1,161,160,162,-1,161,162,163,-1,163,162,164,-1,163,164,165,-1,165,164,166,-1,165,166,167,-1,167,166,168,-1,167,168,169,-1,169,168,170,-1,169,170,171,-1,171,170,172,-1,171,172,173,-1,173,172,174,-1,173,174,175,-1,175,174,176,-1,175,176,177,-1,177,176,178,-1,177,178,179,-1,179,178,180,-1,179,180,181,-1,182,183,184,-1,181,180,185,-1,181,185,186,-1,186,185,187,-1,186,187,184,-1,184,187,188,-1,184,188,182,-1,189,183,190,-1,190,183,182,-1,190,191,189,-1,189,191,192,-1,59,61,193,-1,193,61,192,-1,193,192,194,-1,194,192,191,-1,105,107,129,-1,129,107,127,-1,89,148,87,-1,87,148,155,-1,87,155,85,-1,61,181,192,-1,192,181,186,-1,192,186,189,-1,189,186,184,-1,189,184,183,-1,107,109,127,-1,127,109,111,-1,127,111,125,-1,125,111,113,-1,125,113,123,-1,123,113,115,-1,123,115,120,-1,120,115,117,-1,120,117,119,-1,85,155,83,-1,83,155,157,-1,83,157,81,-1,81,157,159,-1,81,159,79,-1,79,159,161,-1,79,161,77,-1,77,161,163,-1,77,163,75,-1,75,163,165,-1,75,165,73,-1,73,165,167,-1,73,167,71,-1,71,167,169,-1,71,169,69,-1,69,169,171,-1,69,171,67,-1,67,171,173,-1,67,173,65,-1,65,173,175,-1,65,175,62,-1,62,175,177,-1,62,177,61,-1,61,177,179,-1,61,179,181,-1,129,131,105,-1,105,131,133,-1,105,133,103,-1,103,133,136,-1,103,136,101,-1,101,136,138,-1,101,138,99,-1,99,138,140,-1,99,140,97,-1,97,140,142,-1,97,142,95,-1,95,142,144,-1,95,144,93,-1,93,144,146,-1,93,146,91,-1,91,146,151,-1,91,151,89,-1,89,151,149,-1,89,149,148,-1,195,196,197,-1,197,196,198,-1,199,200,201,-1,202,203,204,-1,204,203,205,-1,206,207,198,-1,198,207,208,-1,208,209,198,-1,198,209,210,-1,198,210,197,-1,197,210,211,-1,197,211,202,-1,202,211,212,-1,202,212,203,-1,201,206,199,-1,199,206,198,-1,199,198,213,-1,213,198,214,-1,213,214,215,-1,215,214,216,-1,215,216,217,-1,217,216,218,-1,217,218,219,-1,219,218,220,-1,219,220,221,-1,221,220,222,-1,221,222,223,-1,223,222,224,-1,223,224,225,-1,225,224,226,-1,225,226,227,-1,227,226,228,-1,227,228,229,-1,229,228,230,-1,229,230,231,-1,231,230,232,-1,233,234,235,-1,235,234,236,-1,235,236,237,-1,237,236,238,-1,237,238,239,-1,239,238,240,-1,239,240,241,-1,241,240,242,-1,241,242,243,-1,243,242,244,-1,243,244,205,-1,205,244,245,-1,205,245,204,-1,246,247,248,-1,248,247,249,-1,248,249,250,-1,250,249,251,-1,250,251,252,-1,252,251,253,-1,252,253,233,-1,233,253,254,-1,233,254,234,-1,199,255,200,-1,200,255,256,-1,200,256,257,-1,257,256,258,-1,257,258,259,-1,259,258,260,-1,259,260,261,-1,261,260,262,-1,261,262,246,-1,246,262,263,-1,246,263,247,-1,225,264,265,-1,225,265,223,-1,223,265,266,-1,223,266,221,-1,221,266,267,-1,221,267,219,-1,219,267,268,-1,219,268,217,-1,217,268,269,-1,217,269,215,-1,215,269,270,-1,215,270,213,-1,213,270,271,-1,213,271,199,-1,255,199,272,-1,272,199,271,-1,255,272,273,-1,255,273,256,-1,256,273,274,-1,256,274,258,-1,258,274,275,-1,258,275,260,-1,260,275,276,-1,260,276,262,-1,262,276,277,-1,262,277,263,-1,263,277,278,-1,263,278,247,-1,247,278,279,-1,247,279,249,-1,249,279,280,-1,249,280,251,-1,251,280,281,-1,251,281,253,-1,253,281,282,-1,253,282,254,-1,254,282,283,-1,254,283,234,-1,284,240,285,-1,285,240,238,-1,285,238,286,-1,286,238,236,-1,286,236,287,-1,287,236,234,-1,287,234,283,-1,240,284,288,-1,240,288,242,-1,242,288,289,-1,242,289,244,-1,289,290,244,-1,244,290,291,-1,244,291,245,-1,245,291,292,-1,245,292,204,-1,204,292,293,-1,204,293,202,-1,197,202,294,-1,294,202,293,-1,195,197,295,-1,295,197,294,-1,196,195,296,-1,296,195,295,-1,198,196,297,-1,297,196,296,-1,198,297,298,-1,198,298,214,-1,214,298,299,-1,214,299,216,-1,216,299,300,-1,216,300,218,-1,218,300,301,-1,218,301,220,-1,220,301,302,-1,220,302,222,-1,222,302,303,-1,222,303,224,-1,224,303,304,-1,224,304,226,-1,226,304,305,-1,226,305,228,-1,228,305,306,-1,228,306,230,-1,230,306,307,-1,230,307,232,-1,231,232,308,-1,308,232,307,-1,231,308,309,-1,231,309,229,-1,229,309,310,-1,229,310,227,-1,227,310,264,-1,227,264,225,-1,212,311,312,-1,212,312,203,-1,203,312,313,-1,203,313,205,-1,205,313,314,-1,205,314,243,-1,243,314,315,-1,243,315,241,-1,208,316,317,-1,208,317,209,-1,209,317,318,-1,209,318,210,-1,210,318,319,-1,210,319,211,-1,211,319,311,-1,211,311,212,-1,208,207,316,-1,316,207,320,-1,207,206,320,-1,320,206,321,-1,257,322,323,-1,257,323,200,-1,200,323,324,-1,200,324,201,-1,201,324,321,-1,201,321,206,-1,248,325,326,-1,248,326,246,-1,246,326,327,-1,246,327,261,-1,261,327,328,-1,261,328,259,-1,259,328,322,-1,259,322,257,-1,235,329,330,-1,235,330,233,-1,233,330,331,-1,233,331,252,-1,252,331,332,-1,252,332,250,-1,250,332,325,-1,250,325,248,-1,241,315,333,-1,241,333,239,-1,239,333,334,-1,239,334,237,-1,237,334,329,-1,237,329,235,-1,
        ]
    }
}
Shape{
    appearance Appearance {
        material  Material 	{
            diffuseColor 0.7019607843137254 0.7019607843137254 0.7019607843137254
            specularColor 0.050980392156862744 0.050980392156862744 0.050980392156862744
            ambientIntensity 1.0
            transparency 0.0
            shininess 0.5
        }
    }
    geometry IndexedFaceSet {
        ccw TRUE
        solid FALSE
        coord DEF co Coordinate {
            point [
                0.0521 -0.0552 0.7283, 0.0521 -0.0549 0.7283, 0.0408 -0.0548 0.7283, 0.0521 -0.0522 0.7283, 0.0455 -0.0531 0.7283, 0.0425 -0.0538 0.7283, 0.0414 -0.0543 0.7283, 0.0517 -0.0574 0.7283, 0.0402 -0.0555 0.7283, 0.051 -0.0592 0.7283, 0.0405 -0.0612 0.7283, 0.0409 -0.0616 0.7283, 0.0493 -0.0612 0.7283, 0.0399 -0.0604 0.7283, 0.048 -0.0621 0.7283, 0.0465 -0.0627 0.7283, 0.0446 -0.0629 0.7283, 0.0397 -0.0565 0.7283, 0.0395 -0.0576 0.7283, 0.05 -0.0606 0.7283, 0.0395 -0.0584 0.7283, 0.0396 -0.0595 0.7283, 0.0419 -0.0623 0.7283, 0.043 -0.0627 0.7283
            ]
        }
        coordIndex [
            0,1,2,-1,1,3,4,-1,4,5,1,-1,1,5,6,-1,1,6,2,-1,0,2,7,-1,7,2,8,-1,7,8,9,-1,10,11,12,-1,10,12,13,-1,14,12,15,-1,15,12,16,-1,8,17,9,-1,9,17,18,-1,9,18,19,-1,19,18,20,-1,19,20,12,-1,12,20,21,-1,12,21,13,-1,11,22,12,-1,12,22,23,-1,12,23,16,-1,
        ]
    }
}
Shape{
    appearance Appearance {
        material  Material 	{
            diffuseColor 0.0 0.0 0.0
            specularColor 0.0 0.0 0.0
            ambientIntensity 0.0
            transparency 0.0
            shininess 0.5
        }
    }
    geometry IndexedFaceSet {
        ccw TRUE
        solid FALSE
        coord DEF co Coordinate {
            point [
                -0.1645 -0.0718 0.7323, -0.1604 -0.0769 0.7323, -0.1671 -0.0472 0.7323, -0.113 -0.0541 0.7323, -0.0739 -0.0335 0.7323, -0.1303 -0.056 0.7323, -0.1309 -0.0534 0.7323, -0.1719 0.0013 0.7323, -0.1657 0.0046 0.7323, -0.1672 0.0218 0.7323, -0.1199 -0.0382 0.7323, -0.1411 -0.0463 0.7323, -0.1387 -0.0466 0.7323, -0.1498 0.0226 0.7323, -0.1411 0.0022 0.7323, -0.1369 0.011 0.7323, -0.1361 -0.0475 0.7323, -0.1339 -0.0491 0.7323, -0.1321 -0.0511 0.7323, -0.1731 -0.0434 0.7323, -0.1709 -0.0648 0.7323, -0.1673 -0.0658 0.7323, -0.1562 0.0231 0.7323, -0.0826 -0.0187 0.7323, -0.113 -0.0569 0.7323, -0.1303 -0.0583 0.7323, -0.1131 -0.0598 0.7323, -0.1438 -0.0467 0.7323, -0.1475 -0.0296 0.7323, -0.1463 -0.0476 0.7323, -0.1537 -0.0319 0.7323, -0.1485 -0.0492 0.7323, -0.1594 -0.0359 0.7323, -0.1496 -0.0503 0.7323, -0.164 -0.0412 0.7323, -0.151 -0.0526 0.7323, -0.1518 -0.0553 0.7323, -0.152 -0.058 0.7323, -0.1307 -0.0306 0.7323, -0.1375 -0.0289 0.7323, -0.1408 -0.0287 0.7323, -0.0647 -0.0059 0.7323, -0.0625 -0.0059 0.7323, -0.051 0.0092 0.7323, -0.0572 -0.0065 0.7323, -0.0497 0.0087 0.7323, -0.0523 -0.0084 0.7323, -0.0414 0.0046 0.7323, -0.0338 -0.0018 0.7323, -0.144 0.0292 0.7323, -0.1306 0.0185 0.7323, -0.1375 0.0348 0.7323, -0.1231 0.024 0.7323, -0.13 0.0394 0.7323, -0.1588 0.0062 0.7323, -0.1559 0.0064 0.7323, -0.153 0.0229 0.7323, -0.1493 0.0056 0.7323, -0.1431 0.0033 0.7323, -0.0338 -0.0538 0.7323, -0.0468 -0.0428 0.7323, -0.0413 -0.0603 0.7323, -0.0509 -0.0461 0.7323, -0.0499 -0.0644 0.7323, -0.0558 -0.0484 0.7323, -0.0591 -0.0664 0.7323, -0.0608 -0.0494 0.7323, -0.0756 -0.0664 0.7323, -0.0734 -0.0494 0.7323, -0.0772 -0.0661 0.7323, -0.1248 -0.0338 0.7323, -0.048 -0.0114 0.7323, -0.0448 -0.015 0.7323, -0.0281 -0.0097 0.7323, -0.0422 -0.0198 0.7323, -0.0247 -0.0183 0.7323, -0.0409 -0.0252 0.7323, -0.0234 -0.0274 0.7323, -0.0407 -0.0276 0.7323, -0.0247 -0.0373 0.7323, -0.0414 -0.0331 0.7323, -0.0282 -0.0461 0.7323, -0.0433 -0.038 0.7323, -0.0464 -0.0424 0.7323, -0.0661 0.0312 0.7323, -0.077 0.0184 0.7323, -0.0567 0.0203 0.7323, -0.0707 0.0109 0.7323, -0.0664 0.0019 0.7323, -0.183 -0.0147 0.7323, -0.2013 -0.0194 0.7323, -0.1838 -0.0215 0.7323, -0.2014 -0.0221 0.7323, -0.1834 -0.0258 0.7323, -0.2 -0.033 0.7323, -0.1814 -0.0326 0.7323, -0.196 -0.0434 0.7323, -0.1781 -0.0383 0.7323, -0.1896 -0.0525 0.7323, -0.1809 -0.0599 0.7323, -0.1514 -0.0606 0.7323, -0.1503 -0.063 0.7323, -0.1171 0.0442 0.7323, -0.114 0.0277 0.7323, -0.104 0.0457 0.7323, -0.1038 0.029 0.7323, -0.0913 0.0442 0.7323, -0.0943 0.0278 0.7323, -0.0774 0.039 0.7323, -0.0856 0.0245 0.7323, -0.0777 0.019 0.7323, -0.1775 0.0178 0.7323, -0.1864 0.0115 0.7323, -0.1767 -0.003 0.7323, -0.1882 0.0097 0.7323, -0.1806 -0.0085 0.7323, -0.1949 0.0011 0.7323, -0.1994 -0.0089 0.7323, -0.1147 -0.0667 0.7323, -0.1309 -0.061 0.7323, -0.118 -0.0729 0.7323, -0.1322 -0.0634 0.7323, -0.1223 -0.0777 0.7323, -0.1338 -0.0652 0.7323, -0.1279 -0.0816 0.7323, -0.1359 -0.0668 0.7323, -0.1341 -0.084 0.7323, -0.1384 -0.0677 0.7323, -0.1408 -0.0848 0.7323, -0.1411 -0.0681 0.7323, -0.1419 -0.0848 0.7323, -0.1416 -0.0681 0.7323, -0.1485 -0.0838 0.7323, -0.1441 -0.0676 0.7323, -0.1549 -0.0811 0.7323, -0.1466 -0.0666 0.7323, -0.1488 -0.0649 0.7323, -0.0748 -0.0491 0.7323, -0.0815 -0.0635 0.7323, -0.0808 -0.0641 0.7323, -0.0739 -0.0493 0.7323, -0.079 -0.0654 0.7323, -0.0837 -0.0577 0.7323, -0.0834 -0.0598 0.7323, -0.0827 -0.0617 0.7323, -0.0772 -0.0494 0.7323, -0.0791 -0.0501 0.7323, -0.0836 -0.0566 0.7323, -0.0808 -0.0514 0.7323, -0.082 -0.0526 0.7323, -0.083 -0.0545 0.7323, -0.075 -0.0491 0.7323, -0.032 -0.0044 0.7283, -0.0281 -0.0097 0.7283, -0.0257 -0.0159 0.7283, -0.0247 -0.0183 0.7283, -0.0234 -0.0274 0.7283, -0.0338 -0.0018 0.7283, -0.0414 0.0046 0.7283, -0.0497 0.0087 0.7283, -0.051 0.0092 0.7283, -0.0567 0.0203 0.7283, -0.0661 0.0312 0.7283, -0.0724 0.0355 0.7283, -0.0774 0.039 0.7283, -0.0913 0.0442 0.7283, -0.104 0.0457 0.7283, -0.1375 0.0348 0.7283, -0.1364 0.0355 0.7283, -0.13 0.0394 0.7283, -0.1171 0.0442 0.7283, -0.144 0.0292 0.7283, -0.1498 0.0226 0.7283, -0.153 0.0229 0.7283, -0.1562 0.0231 0.7283, -0.1672 0.0218 0.7283, -0.1775 0.0178 0.7283, -0.1864 0.0115 0.7283, -0.1882 0.0097 0.7283, -0.1949 0.0011 0.7283, -0.1974 -0.0044 0.7283, -0.1994 -0.0089 0.7283, -0.2006 -0.0159 0.7283, -0.2013 -0.0194 0.7283, -0.2014 -0.0221 0.7283, -0.2 -0.033 0.7283, -0.196 -0.0434 0.7283, -0.1896 -0.0525 0.7283, -0.1809 -0.0599 0.7283, -0.1709 -0.0648 0.7283, -0.1673 -0.0658 0.7283, -0.167 -0.0666 0.7283, -0.1645 -0.0718 0.7283, -0.1604 -0.0769 0.7283, -0.1549 -0.0811 0.7283, -0.1524 -0.0821 0.7283, -0.1485 -0.0838 0.7283, -0.1419 -0.0848 0.7283, -0.1408 -0.0848 0.7283, -0.113 -0.0569 0.7283, -0.1341 -0.084 0.7283, -0.1293 -0.0821 0.7283, -0.1279 -0.0816 0.7283, -0.1223 -0.0777 0.7283, -0.118 -0.0729 0.7283, -0.1147 -0.0667 0.7283, -0.1147 -0.0666 0.7283, -0.1131 -0.0598 0.7283, -0.113 -0.0541 0.7283, -0.0739 -0.0335 0.7283, -0.0826 -0.0187 0.7283, -0.1199 -0.0382 0.7283, -0.1248 -0.0338 0.7283, -0.1307 -0.0306 0.7283, -0.1375 -0.0289 0.7283, -0.1408 -0.0287 0.7283, -0.1475 -0.0296 0.7283, -0.1537 -0.0319 0.7283, -0.1594 -0.0359 0.7283, -0.164 -0.0412 0.7283, -0.1671 -0.0472 0.7283, -0.1731 -0.0434 0.7283, -0.1781 -0.0383 0.7283, -0.1814 -0.0326 0.7283, -0.1834 -0.0258 0.7283, -0.1838 -0.0215 0.7283, -0.1831 -0.0159 0.7283, -0.183 -0.0147 0.7283, -0.1806 -0.0085 0.7283, -0.1777 -0.0044 0.7283, -0.1767 -0.003 0.7283, -0.1719 0.0013 0.7283, -0.1657 0.0046 0.7283, -0.1588 0.0062 0.7283, -0.1559 0.0064 0.7283, -0.1493 0.0056 0.7283, -0.1431 0.0033 0.7283, -0.1411 0.0022 0.7283, -0.1369 0.011 0.7283, -0.1306 0.0185 0.7283, -0.1231 0.024 0.7283, -0.114 0.0277 0.7283, -0.1038 0.029 0.7283, -0.0647 -0.0059 0.7283, -0.065 -0.0044 0.7283, -0.0664 0.0019 0.7283, -0.0707 0.0109 0.7283, -0.077 0.0184 0.7283, -0.0777 0.019 0.7283, -0.0856 0.0245 0.7283, -0.0943 0.0278 0.7283, -0.0625 -0.0059 0.7283, -0.0572 -0.0065 0.7283, -0.0523 -0.0084 0.7283, -0.048 -0.0114 0.7283, -0.0448 -0.015 0.7283, -0.0443 -0.0159 0.7283, -0.0422 -0.0198 0.7283, -0.0409 -0.0252 0.7283, -0.0407 -0.0276 0.7283, -0.0414 -0.0331 0.7283, -0.0433 -0.038 0.7283, -0.0464 -0.0424 0.7283, -0.0468 -0.0428 0.7283, -0.0509 -0.0461 0.7283, -0.0558 -0.0484 0.7283, -0.0608 -0.0494 0.7283, -0.0734 -0.0494 0.7283, -0.0739 -0.0493 0.7283, -0.0748 -0.0491 0.7283, -0.075 -0.0491 0.7283, -0.0772 -0.0494 0.7283, -0.0791 -0.0501 0.7283, -0.0808 -0.0514 0.7283, -0.082 -0.0526 0.7283, -0.083 -0.0545 0.7283, -0.0836 -0.0566 0.7283, -0.0837 -0.0577 0.7283, -0.0834 -0.0598 0.7283, -0.0827 -0.0617 0.7283, -0.0815 -0.0635 0.7283, -0.0808 -0.0641 0.7283, -0.079 -0.0654 0.7283, -0.0772 -0.0661 0.7283, -0.0756 -0.0664 0.7283, -0.0591 -0.0664 0.7283, -0.0499 -0.0644 0.7283, -0.0413 -0.0603 0.7283, -0.0338 -0.0538 0.7283, -0.0282 -0.0461 0.7283, -0.0247 -0.0373 0.7283, -0.1411 -0.0463 0.7283, -0.1387 -0.0466 0.7283, -0.1361 -0.0475 0.7283, -0.1339 -0.0491 0.7283, -0.1321 -0.0511 0.7283, -0.1309 -0.0534 0.7283, -0.1303 -0.056 0.7283, -0.1303 -0.0583 0.7283, -0.1309 -0.061 0.7283, -0.1322 -0.0634 0.7283, -0.1338 -0.0652 0.7283, -0.1359 -0.0668 0.7283, -0.1384 -0.0677 0.7283, -0.1411 -0.0681 0.7283, -0.1416 -0.0681 0.7283, -0.1441 -0.0676 0.7283, -0.1466 -0.0666 0.7283, -0.1488 -0.0649 0.7283, -0.1503 -0.063 0.7283, -0.1514 -0.0606 0.7283, -0.152 -0.058 0.7283, -0.1518 -0.0553 0.7283, -0.151 -0.0526 0.7283, -0.1496 -0.0503 0.7283, -0.1485 -0.0492 0.7283, -0.1463 -0.0476 0.7283, -0.1438 -0.0467 0.7283
            ]
        }
        coordIndex [
            0,1,2,-1,3,4,5,-1,5,4,6,-1,7,8,9,-1,10,11,12,-1,13,14,15,-1,12,16,10,-1,10,16,17,-1,10,17,18,-1,19,20,2,-1,2,20,21,-1,2,21,0,-1,9,8,22,-1,6,4,18,-1,18,4,23,-1,18,23,10,-1,3,5,24,-1,24,5,25,-1,24,25,26,-1,27,28,29,-1,29,28,30,-1,29,30,31,-1,31,30,32,-1,31,32,33,-1,33,32,34,-1,33,34,35,-1,35,34,2,-1,35,2,36,-1,36,2,37,-1,38,39,27,-1,27,39,40,-1,27,40,28,-1,41,42,43,-1,43,42,44,-1,43,44,45,-1,45,44,46,-1,45,46,47,-1,47,46,48,-1,13,15,49,-1,49,15,50,-1,49,50,51,-1,51,50,52,-1,51,52,53,-1,8,54,22,-1,22,54,55,-1,22,55,56,-1,56,55,57,-1,56,57,13,-1,13,57,58,-1,13,58,14,-1,59,60,61,-1,61,60,62,-1,61,62,63,-1,63,62,64,-1,63,64,65,-1,65,64,66,-1,65,66,67,-1,67,66,68,-1,67,68,69,-1,11,10,27,-1,27,10,70,-1,27,70,38,-1,46,71,48,-1,48,71,72,-1,48,72,73,-1,73,72,74,-1,73,74,75,-1,75,74,76,-1,75,76,77,-1,77,76,78,-1,77,78,79,-1,79,78,80,-1,79,80,81,-1,81,80,82,-1,81,82,59,-1,59,82,83,-1,59,83,60,-1,84,85,86,-1,86,85,87,-1,86,87,43,-1,43,87,88,-1,43,88,41,-1,89,90,91,-1,91,90,92,-1,91,92,93,-1,93,92,94,-1,93,94,95,-1,95,94,96,-1,95,96,97,-1,97,96,98,-1,97,98,19,-1,19,98,99,-1,19,99,20,-1,37,2,100,-1,100,2,1,-1,100,1,101,-1,53,52,102,-1,102,52,103,-1,102,103,104,-1,104,103,105,-1,104,105,106,-1,106,105,107,-1,106,107,108,-1,108,107,109,-1,108,109,84,-1,84,109,110,-1,84,110,85,-1,9,111,7,-1,7,111,112,-1,7,112,113,-1,113,112,114,-1,113,114,115,-1,115,114,116,-1,115,116,89,-1,89,116,117,-1,89,117,90,-1,26,25,118,-1,118,25,119,-1,118,119,120,-1,120,119,121,-1,120,121,122,-1,122,121,123,-1,122,123,124,-1,124,123,125,-1,124,125,126,-1,126,125,127,-1,126,127,128,-1,128,127,129,-1,128,129,130,-1,130,129,131,-1,130,131,132,-1,132,131,133,-1,132,133,134,-1,134,133,135,-1,134,135,1,-1,1,135,136,-1,1,136,101,-1,137,138,139,-1,68,140,69,-1,69,140,137,-1,69,137,141,-1,141,137,139,-1,142,143,137,-1,137,143,144,-1,137,144,138,-1,145,146,147,-1,146,148,147,-1,147,148,149,-1,147,149,150,-1,142,137,147,-1,147,137,151,-1,147,151,145,-1,152,48,153,-1,153,48,73,-1,153,73,154,-1,154,73,75,-1,154,75,155,-1,155,75,77,-1,155,77,156,-1,152,157,48,-1,48,157,158,-1,48,158,47,-1,47,158,159,-1,47,159,45,-1,45,159,160,-1,45,160,43,-1,43,160,161,-1,43,161,86,-1,86,161,162,-1,86,162,84,-1,84,162,108,-1,108,162,163,-1,163,164,108,-1,108,164,165,-1,108,165,106,-1,106,165,166,-1,106,166,104,-1,167,51,168,-1,168,51,53,-1,168,53,169,-1,169,53,102,-1,169,102,170,-1,170,102,104,-1,170,104,166,-1,51,167,171,-1,51,171,49,-1,49,171,172,-1,49,172,13,-1,13,172,173,-1,13,173,56,-1,56,173,174,-1,56,174,22,-1,22,174,175,-1,22,175,9,-1,9,175,176,-1,9,176,111,-1,111,176,177,-1,111,177,112,-1,112,177,178,-1,112,178,114,-1,117,116,179,-1,179,116,114,-1,179,114,178,-1,179,180,117,-1,117,180,181,-1,117,181,90,-1,90,181,182,-1,182,183,90,-1,90,183,184,-1,90,184,92,-1,92,184,185,-1,92,185,94,-1,94,185,186,-1,94,186,96,-1,96,186,187,-1,96,187,98,-1,98,187,188,-1,98,188,99,-1,99,188,189,-1,99,189,20,-1,20,189,190,-1,20,190,21,-1,21,190,191,-1,21,191,0,-1,191,192,0,-1,0,192,193,-1,0,193,1,-1,1,193,194,-1,1,194,134,-1,134,194,195,-1,134,195,132,-1,195,196,132,-1,132,196,197,-1,132,197,130,-1,130,197,198,-1,130,198,128,-1,199,24,26,-1,128,198,200,-1,128,200,126,-1,126,200,201,-1,126,201,124,-1,201,202,124,-1,124,202,203,-1,124,203,122,-1,122,203,204,-1,122,204,120,-1,120,204,205,-1,120,205,118,-1,118,205,206,-1,118,206,26,-1,26,206,207,-1,26,207,199,-1,3,24,208,-1,208,24,199,-1,4,3,209,-1,209,3,208,-1,23,4,210,-1,210,4,209,-1,10,23,211,-1,211,23,210,-1,10,211,212,-1,10,212,70,-1,70,212,213,-1,70,213,38,-1,38,213,214,-1,38,214,39,-1,39,214,215,-1,39,215,40,-1,40,215,216,-1,40,216,28,-1,28,216,217,-1,28,217,30,-1,30,217,218,-1,30,218,32,-1,32,218,219,-1,32,219,34,-1,34,219,220,-1,34,220,2,-1,2,220,221,-1,2,221,19,-1,19,221,222,-1,19,222,97,-1,97,222,223,-1,97,223,95,-1,95,223,224,-1,95,224,93,-1,93,224,225,-1,93,225,91,-1,225,226,91,-1,91,226,89,-1,226,227,89,-1,89,227,228,-1,89,228,115,-1,115,228,229,-1,115,229,113,-1,229,230,113,-1,113,230,231,-1,113,231,7,-1,7,231,232,-1,7,232,8,-1,8,232,233,-1,8,233,54,-1,54,233,234,-1,54,234,55,-1,55,234,235,-1,55,235,57,-1,57,235,236,-1,57,236,58,-1,58,236,237,-1,58,237,14,-1,14,237,238,-1,14,238,15,-1,15,238,239,-1,15,239,50,-1,50,239,240,-1,50,240,52,-1,52,240,241,-1,52,241,103,-1,103,241,242,-1,103,242,105,-1,243,41,244,-1,244,41,88,-1,244,88,245,-1,245,88,87,-1,245,87,246,-1,246,87,85,-1,246,85,247,-1,247,85,110,-1,247,110,248,-1,248,110,109,-1,248,109,249,-1,249,109,107,-1,249,107,250,-1,250,107,105,-1,250,105,242,-1,42,41,251,-1,251,41,243,-1,42,251,252,-1,42,252,44,-1,44,252,253,-1,44,253,46,-1,46,253,254,-1,46,254,71,-1,71,254,255,-1,71,255,72,-1,72,255,256,-1,72,256,74,-1,256,257,74,-1,74,257,258,-1,74,258,76,-1,76,258,259,-1,76,259,78,-1,78,259,260,-1,78,260,80,-1,80,260,261,-1,80,261,82,-1,82,261,262,-1,82,262,83,-1,83,262,263,-1,83,263,60,-1,60,263,264,-1,60,264,62,-1,62,264,265,-1,62,265,64,-1,64,265,266,-1,64,266,66,-1,68,66,267,-1,267,66,266,-1,68,267,268,-1,68,268,140,-1,140,268,269,-1,140,269,137,-1,137,269,270,-1,137,270,151,-1,151,270,271,-1,151,271,145,-1,145,271,272,-1,145,272,146,-1,146,272,273,-1,146,273,148,-1,148,273,274,-1,148,274,149,-1,149,274,275,-1,149,275,150,-1,150,275,276,-1,150,276,147,-1,147,276,277,-1,147,277,142,-1,142,277,278,-1,142,278,143,-1,143,278,279,-1,143,279,144,-1,144,279,280,-1,144,280,138,-1,138,280,281,-1,138,281,139,-1,139,281,282,-1,139,282,141,-1,141,282,283,-1,141,283,69,-1,69,283,284,-1,69,284,67,-1,65,67,285,-1,285,67,284,-1,65,285,286,-1,65,286,63,-1,63,286,287,-1,63,287,61,-1,61,287,288,-1,61,288,59,-1,59,288,289,-1,59,289,81,-1,81,289,290,-1,81,290,79,-1,79,290,156,-1,79,156,77,-1,11,291,292,-1,11,292,12,-1,12,292,293,-1,12,293,16,-1,16,293,294,-1,16,294,17,-1,17,294,295,-1,17,295,18,-1,18,295,296,-1,18,296,6,-1,6,296,297,-1,6,297,5,-1,5,297,298,-1,5,298,25,-1,25,298,299,-1,25,299,119,-1,119,299,300,-1,119,300,121,-1,121,300,301,-1,121,301,123,-1,123,301,302,-1,123,302,125,-1,125,302,303,-1,125,303,127,-1,127,303,304,-1,127,304,129,-1,129,304,305,-1,129,305,131,-1,131,305,306,-1,131,306,133,-1,133,306,307,-1,133,307,135,-1,135,307,308,-1,135,308,136,-1,136,308,309,-1,136,309,101,-1,101,309,310,-1,101,310,100,-1,100,310,311,-1,100,311,37,-1,37,311,312,-1,37,312,36,-1,36,312,313,-1,36,313,35,-1,35,313,314,-1,35,314,33,-1,33,314,315,-1,33,315,31,-1,31,315,316,-1,31,316,29,-1,29,316,317,-1,29,317,27,-1,27,317,291,-1,27,291,11,-1,
        ]
    }
}
Shape{
    appearance Appearance {
        material  Material 	{
            diffuseColor 0.7019607843137254 0.7019607843137254 0.7019607843137254
            specularColor 0.050980392156862744 0.050980392156862744 0.050980392156862744
            ambientIntensity 1.0
            transparency 0.0
            shininess 0.5
        }
    }
    geometry IndexedFaceSet {
        ccw TRUE
        solid FALSE
        coord DEF co Coordinate {
            point [
                -0.1416 -0.0681 0.7283, -0.1485 -0.0492 0.7283, -0.1496 -0.0503 0.7283, -0.1411 -0.0463 0.7283, -0.1438 -0.0467 0.7283, -0.1463 -0.0476 0.7283, -0.1514 -0.0606 0.7283, -0.1503 -0.063 0.7283, -0.1488 -0.0649 0.7283, -0.1387 -0.0466 0.7283, -0.1411 -0.0681 0.7283, -0.1384 -0.0677 0.7283, -0.1359 -0.0668 0.7283, -0.1338 -0.0652 0.7283, -0.1322 -0.0634 0.7283, -0.1303 -0.056 0.7283, -0.1309 -0.0534 0.7283, -0.1321 -0.0511 0.7283, -0.1339 -0.0491 0.7283, -0.1361 -0.0475 0.7283, -0.151 -0.0526 0.7283, -0.1518 -0.0553 0.7283, -0.152 -0.058 0.7283, -0.1466 -0.0666 0.7283, -0.1441 -0.0676 0.7283, -0.1309 -0.061 0.7283, -0.1303 -0.0583 0.7283
            ]
        }
        coordIndex [
            0,1,2,-1,3,4,0,-1,0,4,5,-1,0,5,1,-1,6,7,2,-1,2,7,8,-1,3,0,9,-1,9,0,10,-1,9,10,11,-1,11,12,9,-1,9,12,13,-1,9,13,14,-1,9,15,16,-1,16,17,9,-1,9,17,18,-1,9,18,19,-1,20,21,2,-1,2,21,22,-1,2,22,6,-1,8,23,2,-1,2,23,24,-1,2,24,0,-1,14,25,9,-1,9,25,26,-1,9,26,15,-1,
        ]
    }
}
Shape{
    appearance Appearance {
        material  Material 	{
            diffuseColor 0.0 0.0 0.0
            specularColor 0.0 0.0 0.0
            ambientIntensity 0.0
            transparency 0.0
            shininess 0.5
        }
    }
    geometry IndexedFaceSet {
        ccw TRUE
        solid FALSE
        coord DEF co Coordinate {
            point [
                0.121 0.0069 0.7323, 0.1191 0.0045 0.7323, 0.1227 0.0015 0.7323, 0.1186 0.0041 0.7323, 0.1186 -0.0015 0.7323, 0.1161 0.0023 0.7323, 0.1141 -0.0032 0.7323, 0.1128 0.0011 0.7323, 0.1075 -0.004 0.7323, 0.1074 0.0004 0.7323, 0.0967 -0.004 0.7323, 0.1017 0.0004 0.7323, 0.0967 0.0352 0.7323, 0.1017 0.0307 0.7323, 0.1079 0.0352 0.7323, 0.1077 0.0307 0.7323, 0.1139 0.0345 0.7323, 0.113 0.0301 0.7323, 0.1186 0.0328 0.7323, 0.1163 0.0288 0.7323, 0.1227 0.03 0.7323, 0.119 0.027 0.7323, 0.1241 0.0286 0.7323, 0.1201 0.0259 0.7323, 0.1265 0.0252 0.7323, 0.1216 0.0237 0.7323, 0.128 0.0215 0.7323, 0.1227 0.0208 0.7323, 0.1286 0.0161 0.7323, 0.1233 0.0159 0.7323, 0.1285 0.0136 0.7323, 0.1232 0.0134 0.7323, 0.1275 0.009 0.7323, 0.1224 0.0098 0.7323, 0.1256 0.0049 0.7323, 0.1227 0.0015 0.7283, 0.1256 0.0049 0.7283, 0.1275 0.009 0.7283, 0.1285 0.0136 0.7283, 0.1286 0.0161 0.7283, 0.128 0.0215 0.7283, 0.1265 0.0252 0.7283, 0.1241 0.0286 0.7283, 0.1227 0.03 0.7283, 0.1186 0.0328 0.7283, 0.1139 0.0345 0.7283, 0.1079 0.0352 0.7283, 0.0967 0.0352 0.7283, 0.0967 -0.004 0.7283, 0.1075 -0.004 0.7283, 0.1141 -0.0032 0.7283, 0.1186 -0.0015 0.7283, 0.119 0.027 0.7283, 0.1201 0.0259 0.7283, 0.1216 0.0237 0.7283, 0.1227 0.0208 0.7283, 0.1233 0.0159 0.7283, 0.1077 0.0307 0.7283, 0.113 0.0301 0.7283, 0.1163 0.0288 0.7283, 0.1017 0.0307 0.7283, 0.1017 0.0004 0.7283, 0.1074 0.0004 0.7283, 0.1191 0.0045 0.7283, 0.1186 0.0041 0.7283, 0.1161 0.0023 0.7283, 0.1128 0.0011 0.7283, 0.1232 0.0134 0.7283, 0.1224 0.0098 0.7283, 0.121 0.0069 0.7283
            ]
        }
        coordIndex [
            0,1,2,-1,2,1,3,-1,2,3,4,-1,4,3,5,-1,4,5,6,-1,6,5,7,-1,6,7,8,-1,8,7,9,-1,8,9,10,-1,10,9,11,-1,10,11,12,-1,12,11,13,-1,12,13,14,-1,14,13,15,-1,14,15,16,-1,16,15,17,-1,16,17,18,-1,18,17,19,-1,18,19,20,-1,20,19,21,-1,20,21,22,-1,22,21,23,-1,22,23,24,-1,24,23,25,-1,24,25,26,-1,26,25,27,-1,26,27,28,-1,28,27,29,-1,28,29,30,-1,30,29,31,-1,30,31,32,-1,32,31,33,-1,32,33,34,-1,34,33,0,-1,34,0,2,-1,2,35,36,-1,2,36,34,-1,34,36,37,-1,34,37,32,-1,32,37,38,-1,32,38,30,-1,30,38,39,-1,30,39,28,-1,28,39,40,-1,28,40,26,-1,26,40,41,-1,26,41,24,-1,24,41,42,-1,24,42,22,-1,22,42,43,-1,22,43,20,-1,20,43,44,-1,20,44,18,-1,18,44,45,-1,18,45,16,-1,16,45,46,-1,16,46,14,-1,12,14,47,-1,47,14,46,-1,10,12,48,-1,48,12,47,-1,8,10,49,-1,49,10,48,-1,8,49,50,-1,8,50,6,-1,6,50,51,-1,6,51,4,-1,4,51,35,-1,4,35,2,-1,21,52,53,-1,21,53,23,-1,23,53,54,-1,23,54,25,-1,25,54,55,-1,25,55,27,-1,27,55,56,-1,27,56,29,-1,15,57,58,-1,15,58,17,-1,17,58,59,-1,17,59,19,-1,19,59,52,-1,19,52,21,-1,15,13,57,-1,57,13,60,-1,13,11,60,-1,60,11,61,-1,11,9,61,-1,61,9,62,-1,1,63,64,-1,1,64,3,-1,3,64,65,-1,3,65,5,-1,5,65,66,-1,5,66,7,-1,7,66,62,-1,7,62,9,-1,29,56,67,-1,29,67,31,-1,31,67,68,-1,31,68,33,-1,33,68,69,-1,33,69,0,-1,0,69,63,-1,0,63,1,-1,
        ]
    }
}
Shape{
    appearance Appearance {
        material  Material 	{
            diffuseColor 0.7019607843137254 0.7019607843137254 0.7019607843137254
            specularColor 0.050980392156862744 0.050980392156862744 0.050980392156862744
            ambientIntensity 1.0
            transparency 0.0
            shininess 0.5
        }
    }
    geometry IndexedFaceSet {
        ccw TRUE
        solid FALSE
        coord DEF co Coordinate {
            point [
                0.1017 0.0307 0.7283, 0.1017 0.0004 0.7283, 0.1077 0.0307 0.7283, 0.1074 0.0004 0.7283, 0.1128 0.0011 0.7283, 0.1161 0.0023 0.7283, 0.1186 0.0041 0.7283, 0.1191 0.0045 0.7283, 0.121 0.0069 0.7283, 0.1224 0.0098 0.7283, 0.1233 0.0159 0.7283, 0.119 0.027 0.7283, 0.1163 0.0288 0.7283, 0.1227 0.0208 0.7283, 0.1216 0.0237 0.7283, 0.1201 0.0259 0.7283, 0.1232 0.0134 0.7283, 0.113 0.0301 0.7283
            ]
        }
        coordIndex [
            0,1,2,-1,2,1,3,-1,3,4,2,-1,2,4,5,-1,2,5,6,-1,6,7,2,-1,2,7,8,-1,2,8,9,-1,10,11,12,-1,13,14,10,-1,10,14,15,-1,10,15,11,-1,9,16,2,-1,2,16,10,-1,2,10,17,-1,17,10,12,-1,
        ]
    }
}
Shape{
    appearance Appearance {
        material  Material 	{
            diffuseColor 0.0 0.0 0.0
            specularColor 0.0 0.0 0.0
            ambientIntensity 0.0
            transparency 0.0
            shininess 0.5
        }
    }
    geometry IndexedFaceSet {
        ccw TRUE
        solid FALSE
        coord DEF co Coordinate {
            point [
                0.0502 -0.0002 0.7323, 0.0502 -0.0002 0.7283, 0.0467 0.0002 0.7283, 0.0467 0.0002 0.7323, 0.0438 0.0012 0.7283, 0.0438 0.0012 0.7323, 0.0412 0.0029 0.7283, 0.0412 0.0029 0.7323, 0.0401 0.0039 0.7283, 0.0401 0.0039 0.7323, 0.0383 0.0065 0.7283, 0.0383 0.0065 0.7323, 0.037 0.0096 0.7283, 0.037 0.0096 0.7323, 0.0363 0.0135 0.7283, 0.0363 0.0135 0.7323, 0.0363 0.0151 0.7283, 0.0363 0.0151 0.7323, 0.0369 0.0205 0.7283, 0.0369 0.0205 0.7323, 0.0382 0.0239 0.7283, 0.0382 0.0239 0.7323, 0.0401 0.0266 0.7283, 0.0401 0.0266 0.7323, 0.0404 0.0269 0.7283, 0.0404 0.0269 0.7323, 0.0429 0.029 0.7283, 0.0429 0.029 0.7323, 0.046 0.0305 0.7283, 0.046 0.0305 0.7323, 0.0494 0.0312 0.7283, 0.0494 0.0312 0.7323, 0.0511 0.0313 0.7283, 0.0511 0.0313 0.7323, 0.0603 0.0289 0.7283, 0.0603 0.0289 0.7323, 0.0599 0.0292 0.7323, 0.0559 0.0307 0.7283, 0.0559 0.0307 0.7323, 0.0587 0.0297 0.7283, 0.0599 0.0292 0.7283, 0.0603 0.0342 0.7323, 0.0603 0.0342 0.7283, 0.0587 0.0347 0.7283, 0.0562 0.0354 0.7323, 0.051 0.0358 0.7283, 0.051 0.0358 0.7323, 0.0552 0.0355 0.7283, 0.0562 0.0354 0.7283, 0.0483 0.0355 0.7283, 0.0454 0.0352 0.7323, 0.0454 0.0352 0.7283, 0.0413 0.0336 0.7283, 0.0413 0.0336 0.7323, 0.0376 0.031 0.7283, 0.0376 0.031 0.7323, 0.0366 0.0301 0.7283, 0.0366 0.0301 0.7323, 0.0338 0.0264 0.7283, 0.0338 0.0264 0.7323, 0.0327 0.0239 0.7283, 0.0319 0.022 0.7323, 0.0319 0.022 0.7283, 0.031 0.0169 0.7283, 0.031 0.0169 0.7323, 0.031 0.0148 0.7283, 0.031 0.0148 0.7323, 0.0317 0.0085 0.7283, 0.0317 0.0085 0.7323, 0.0327 0.0059 0.7283, 0.0333 0.0044 0.7323, 0.0333 0.0044 0.7283, 0.0357 0.001 0.7283, 0.0357 0.001 0.7323, 0.036 0.0007 0.7283, 0.036 0.0007 0.7323, 0.0495 -0.0047 0.7283, 0.0495 -0.0047 0.7323, 0.0465 -0.0045 0.7323, 0.0387 -0.0017 0.7283, 0.0387 -0.0017 0.7323, 0.0423 -0.0035 0.7283, 0.0423 -0.0035 0.7323, 0.0459 -0.0044 0.7283, 0.0465 -0.0045 0.7283, 0.0603 -0.0024 0.7283, 0.0603 -0.0024 0.7323, 0.0597 -0.0027 0.7323, 0.0554 -0.0041 0.7323, 0.0529 -0.0044 0.7283, 0.0554 -0.0041 0.7283, 0.0587 -0.0031 0.7283, 0.0597 -0.0027 0.7283, 0.0603 0.0024 0.7323, 0.0603 0.0024 0.7283, 0.0587 0.0016 0.7283, 0.0571 0.0009 0.7323, 0.0571 0.0009 0.7283, 0.0528 -0.0001 0.7283, 0.0528 -0.0001 0.7323, 0.1909 -0.0511 0.7323, 0.1893 -0.0555 0.7323, 0.204 -0.0511 0.7323, 0.2056 -0.0555 0.7323, 0.1967 -0.0348 0.7323, 0.1948 -0.027 0.7323, 0.1799 -0.0663 0.7323, 0.1855 -0.0663 0.7323, 0.1971 -0.0336 0.7323, 0.1974 -0.0321 0.7323, 0.2003 -0.027 0.7323, 0.1975 -0.0321 0.7323, 0.1978 -0.0337 0.7323, 0.1981 -0.0348 0.7323, 0.2152 -0.0663 0.7323, 0.2096 -0.0663 0.7323, 0.1948 -0.027 0.7283, 0.2003 -0.027 0.7283, 0.1799 -0.0663 0.7283, 0.1855 -0.0663 0.7283, 0.1893 -0.0555 0.7283, 0.2056 -0.0555 0.7283, 0.2096 -0.0663 0.7283, 0.2152 -0.0663 0.7283, 0.1967 -0.0348 0.7283, 0.1971 -0.0336 0.7283, 0.1974 -0.0321 0.7283, 0.1909 -0.0511 0.7283, 0.204 -0.0511 0.7283, 0.1981 -0.0348 0.7283, 0.1975 -0.0321 0.7283, 0.1978 -0.0337 0.7283
            ]
        }
        coordIndex [
            0,1,2,-1,0,2,3,-1,3,2,4,-1,3,4,5,-1,5,4,6,-1,5,6,7,-1,7,6,8,-1,7,8,9,-1,9,8,10,-1,9,10,11,-1,11,10,12,-1,11,12,13,-1,13,12,14,-1,13,14,15,-1,15,14,16,-1,15,16,17,-1,17,16,18,-1,17,18,19,-1,19,18,20,-1,19,20,21,-1,21,20,22,-1,21,22,23,-1,23,22,24,-1,23,24,25,-1,25,24,26,-1,25,26,27,-1,27,26,28,-1,27,28,29,-1,29,28,30,-1,29,30,31,-1,31,30,32,-1,31,32,33,-1,34,35,36,-1,33,32,37,-1,33,37,38,-1,38,37,39,-1,38,39,36,-1,36,39,40,-1,36,40,34,-1,41,35,42,-1,42,35,34,-1,41,42,43,-1,41,43,44,-1,45,46,47,-1,47,46,44,-1,47,44,48,-1,48,44,43,-1,46,45,49,-1,46,49,50,-1,49,51,50,-1,50,51,52,-1,50,52,53,-1,53,52,54,-1,53,54,55,-1,55,54,56,-1,55,56,57,-1,57,56,58,-1,57,58,59,-1,59,58,60,-1,59,60,61,-1,60,62,61,-1,61,62,63,-1,61,63,64,-1,64,63,65,-1,64,65,66,-1,66,65,67,-1,66,67,68,-1,68,67,69,-1,68,69,70,-1,69,71,70,-1,70,71,72,-1,70,72,73,-1,73,72,74,-1,73,74,75,-1,76,77,78,-1,75,74,79,-1,75,79,80,-1,80,79,81,-1,80,81,82,-1,82,81,83,-1,82,83,78,-1,78,83,84,-1,78,84,76,-1,85,86,87,-1,77,76,88,-1,88,76,89,-1,89,90,88,-1,88,90,91,-1,88,91,87,-1,87,91,92,-1,87,92,85,-1,93,86,94,-1,94,86,85,-1,94,95,93,-1,93,95,96,-1,95,97,96,-1,96,97,98,-1,96,98,99,-1,99,98,1,-1,99,1,0,-1,57,25,55,-1,55,25,27,-1,55,27,53,-1,66,17,64,-1,64,17,19,-1,64,19,61,-1,61,19,59,-1,59,19,21,-1,59,21,57,-1,57,21,23,-1,57,23,25,-1,53,27,50,-1,50,27,29,-1,50,29,46,-1,86,93,87,-1,87,93,96,-1,87,96,88,-1,88,96,99,-1,88,99,77,-1,77,99,0,-1,77,0,78,-1,78,0,3,-1,78,3,82,-1,82,3,5,-1,82,5,80,-1,80,5,7,-1,80,7,75,-1,75,7,9,-1,75,9,73,-1,73,9,11,-1,73,11,70,-1,70,11,68,-1,68,11,13,-1,68,13,66,-1,66,13,15,-1,66,15,17,-1,29,31,46,-1,46,31,33,-1,46,33,44,-1,44,33,38,-1,44,38,41,-1,41,38,36,-1,41,36,35,-1,100,101,102,-1,102,101,103,-1,104,105,100,-1,100,105,106,-1,100,106,101,-1,101,106,107,-1,104,108,105,-1,105,108,109,-1,105,109,110,-1,110,109,111,-1,110,111,112,-1,112,113,110,-1,110,113,102,-1,110,102,114,-1,114,102,103,-1,114,103,115,-1,105,110,116,-1,116,110,117,-1,106,105,118,-1,118,105,116,-1,107,106,119,-1,119,106,118,-1,101,107,120,-1,120,107,119,-1,103,101,121,-1,121,101,120,-1,115,103,122,-1,122,103,121,-1,114,115,123,-1,123,115,122,-1,110,114,117,-1,117,114,123,-1,104,124,125,-1,104,125,108,-1,108,125,126,-1,108,126,109,-1,104,100,124,-1,124,100,127,-1,100,102,127,-1,127,102,128,-1,102,113,128,-1,128,113,129,-1,111,130,131,-1,111,131,112,-1,112,131,129,-1,112,129,113,-1,111,109,130,-1,130,109,126,-1,
        ]
    }
}
Shape{
    appearance Appearance {
        material  Material 	{
            diffuseColor 0.7019607843137254 0.7019607843137254 0.7019607843137254
            specularColor 0.050980392156862744 0.050980392156862744 0.050980392156862744
            ambientIntensity 1.0
            transparency 0.0
            shininess 0.5
        }
    }
    geometry IndexedFaceSet {
        ccw TRUE
        solid FALSE
        coord DEF co Coordinate {
            point [
                0.1975 -0.0321 0.7283, 0.1974 -0.0321 0.7283, 0.1978 -0.0337 0.7283, 0.1971 -0.0336 0.7283, 0.1981 -0.0348 0.7283, 0.1967 -0.0348 0.7283, 0.204 -0.0511 0.7283, 0.1909 -0.0511 0.7283
            ]
        }
        coordIndex [
            0,1,2,-1,2,1,3,-1,2,3,4,-1,4,3,5,-1,4,5,6,-1,6,5,7,-1,
        ]
    }
}
Shape{
    appearance Appearance {
        material  Material 	{
            diffuseColor 0.0 0.0 0.0
            specularColor 0.0 0.0 0.0
            ambientIntensity 0.0
            transparency 0.0
            shininess 0.5
        }
    }
    geometry IndexedFaceSet {
        ccw TRUE
        solid FALSE
        coord DEF co Coordinate {
            point [
                0.1384 -0.0618 0.7323, 0.1384 -0.0618 0.7283, 0.1224 -0.0618 0.7323, 0.1297 -0.0618 0.7283, 0.1224 -0.0618 0.7283, 0.1224 -0.0486 0.7323, 0.1224 -0.0486 0.7283, 0.1364 -0.0486 0.7323, 0.1297 -0.0486 0.7283, 0.1364 -0.0486 0.7283, 0.1364 -0.0441 0.7323, 0.1364 -0.0441 0.7283, 0.1224 -0.0441 0.7283, 0.1224 -0.0441 0.7323, 0.1297 -0.0441 0.7283, 0.1224 -0.0315 0.7323, 0.1224 -0.0315 0.7283, 0.1375 -0.0315 0.7283, 0.1375 -0.0315 0.7323, 0.1297 -0.0315 0.7283, 0.1375 -0.027 0.7323, 0.1375 -0.027 0.7283, 0.1173 -0.027 0.7283, 0.1173 -0.027 0.7323, 0.1297 -0.027 0.7283, 0.1173 -0.0663 0.7323, 0.1173 -0.0663 0.7283, 0.1384 -0.0663 0.7323, 0.1297 -0.0663 0.7283, 0.1384 -0.0663 0.7283, 0.0137 -0.0618 0.7323, 0.0298 -0.0618 0.7323, 0.0137 -0.0618 0.7283, 0.0298 -0.0618 0.7283, 0.0137 -0.0486 0.7323, 0.0137 -0.0486 0.7283, 0.0278 -0.0486 0.7323, 0.0278 -0.0486 0.7283, 0.0278 -0.0441 0.7323, 0.0278 -0.0441 0.7283, 0.0137 -0.0441 0.7323, 0.0137 -0.0441 0.7283, 0.0137 -0.0315 0.7323, 0.0137 -0.0315 0.7283, 0.0289 -0.0315 0.7323, 0.0289 -0.0315 0.7283, 0.0289 -0.027 0.7323, 0.0289 -0.027 0.7283, 0.0087 -0.027 0.7323, 0.0087 -0.027 0.7283, 0.0087 -0.0663 0.7323, 0.0087 -0.0663 0.7283, 0.0298 -0.0663 0.7323, 0.0298 -0.0663 0.7283, 0.1418 0.0111 0.7323, 0.1402 0.0067 0.7323, 0.1549 0.0111 0.7323, 0.1565 0.0067 0.7323, 0.1476 0.0274 0.7323, 0.1457 0.0352 0.7323, 0.1308 -0.004 0.7323, 0.1364 -0.004 0.7323, 0.148 0.0286 0.7323, 0.1483 0.0302 0.7323, 0.1511 0.0352 0.7323, 0.1484 0.0302 0.7323, 0.1487 0.0285 0.7323, 0.149 0.0274 0.7323, 0.1661 -0.004 0.7323, 0.1605 -0.004 0.7323, 0.1457 0.0352 0.7283, 0.1511 0.0352 0.7283, 0.1308 -0.004 0.7283, 0.1421 0.0256 0.7283, 0.1364 -0.004 0.7283, 0.1402 0.0067 0.7283, 0.1565 0.0067 0.7283, 0.1421 0.0067 0.7283, 0.1605 -0.004 0.7283, 0.1661 -0.004 0.7283, 0.1476 0.0274 0.7283, 0.148 0.0286 0.7283, 0.1483 0.0302 0.7283, 0.1418 0.0111 0.7283, 0.1549 0.0111 0.7283, 0.149 0.0274 0.7283, 0.1484 0.0302 0.7283, 0.1487 0.0285 0.7283
            ]
        }
        coordIndex [
            0,1,2,-1,2,1,3,-1,2,3,4,-1,5,2,6,-1,6,2,4,-1,5,6,7,-1,7,6,8,-1,7,8,9,-1,10,7,11,-1,11,7,9,-1,12,13,14,-1,14,13,10,-1,14,10,11,-1,15,13,16,-1,16,13,12,-1,17,18,19,-1,19,18,15,-1,19,15,16,-1,20,18,21,-1,21,18,17,-1,22,23,24,-1,24,23,20,-1,24,20,21,-1,25,23,26,-1,26,23,22,-1,25,26,27,-1,27,26,28,-1,27,28,29,-1,0,27,1,-1,1,27,29,-1,25,27,0,-1,0,2,25,-1,25,2,5,-1,25,5,23,-1,18,20,15,-1,15,20,23,-1,15,23,13,-1,13,23,5,-1,13,5,10,-1,10,5,7,-1,30,31,32,-1,32,31,33,-1,34,30,35,-1,35,30,32,-1,36,34,37,-1,37,34,35,-1,38,36,39,-1,39,36,37,-1,40,38,41,-1,41,38,39,-1,42,40,43,-1,43,40,41,-1,44,42,45,-1,45,42,43,-1,46,44,47,-1,47,44,45,-1,48,46,49,-1,49,46,47,-1,50,48,51,-1,51,48,49,-1,52,50,53,-1,53,50,51,-1,31,52,33,-1,33,52,53,-1,50,52,31,-1,31,30,50,-1,50,30,34,-1,50,34,48,-1,44,46,42,-1,42,46,48,-1,42,48,40,-1,40,48,34,-1,40,34,38,-1,38,34,36,-1,54,55,56,-1,56,55,57,-1,58,59,54,-1,54,59,60,-1,54,60,55,-1,55,60,61,-1,58,62,59,-1,59,62,63,-1,59,63,64,-1,64,63,65,-1,64,65,66,-1,66,67,64,-1,64,67,56,-1,64,56,68,-1,68,56,57,-1,68,57,69,-1,59,64,70,-1,70,64,71,-1,72,60,73,-1,73,60,59,-1,73,59,70,-1,61,60,74,-1,74,60,72,-1,55,61,75,-1,75,61,74,-1,76,57,77,-1,77,57,55,-1,77,55,75,-1,69,57,78,-1,78,57,76,-1,68,69,79,-1,79,69,78,-1,64,68,71,-1,71,68,79,-1,58,80,81,-1,58,81,62,-1,62,81,82,-1,62,82,63,-1,58,54,80,-1,80,54,83,-1,54,56,83,-1,83,56,84,-1,56,67,84,-1,84,67,85,-1,65,86,87,-1,65,87,66,-1,66,87,85,-1,66,85,67,-1,65,63,86,-1,86,63,82,-1,
        ]
    }
}
Shape{
    appearance Appearance {
        material  Material 	{
            diffuseColor 0.7019607843137254 0.7019607843137254 0.7019607843137254
            specularColor 0.050980392156862744 0.050980392156862744 0.050980392156862744
            ambientIntensity 1.0
            transparency 0.0
            shininess 0.5
        }
    }
    geometry IndexedFaceSet {
        ccw TRUE
        solid FALSE
        coord DEF co Coordinate {
            point [
                0.1484 0.0302 0.7283, 0.1483 0.0302 0.7283, 0.1487 0.0285 0.7283, 0.148 0.0286 0.7283, 0.149 0.0274 0.7283, 0.1476 0.0274 0.7283, 0.1549 0.0111 0.7283, 0.1418 0.0111 0.7283
            ]
        }
        coordIndex [
            0,1,2,-1,2,1,3,-1,2,3,4,-1,4,3,5,-1,4,5,6,-1,6,5,7,-1,
        ]
    }
}
Shape{
    appearance Appearance {
        material  Material 	{
            diffuseColor 0.0 0.0 0.0
            specularColor 0.0 0.0 0.0
            ambientIntensity 0.0
            transparency 0.0
            shininess 0.5
        }
    }
    geometry IndexedFaceSet {
        ccw TRUE
        solid FALSE
        coord DEF co Coordinate {
            point [
                0.0732 0.0004 0.7283, 0.0732 0.0004 0.7323, 0.0838 0.0004 0.7283, 0.0893 0.0004 0.7323, 0.0893 0.0004 0.7283, 0.0732 0.0136 0.7323, 0.0732 0.0136 0.7283, 0.0873 0.0136 0.7323, 0.0838 0.0136 0.7283, 0.0873 0.0136 0.7283, 0.0873 0.0181 0.7323, 0.0873 0.0181 0.7283, 0.0732 0.0181 0.7283, 0.0732 0.0181 0.7323, 0.0838 0.0181 0.7283, 0.0732 0.0307 0.7323, 0.0732 0.0307 0.7283, 0.0884 0.0307 0.7323, 0.0838 0.0307 0.7283, 0.0884 0.0307 0.7283, 0.0884 0.0352 0.7323, 0.0884 0.0352 0.7283, 0.0682 0.0352 0.7283, 0.0682 0.0352 0.7323, 0.0838 0.0352 0.7283, 0.0682 -0.004 0.7323, 0.0682 -0.004 0.7283, 0.0893 -0.004 0.7323, 0.0838 -0.004 0.7283, 0.0893 -0.004 0.7283, 0.0137 0.0004 0.7323, 0.0294 0.0004 0.7323, 0.0137 0.0004 0.7283, 0.0294 0.0004 0.7283, 0.0137 0.0352 0.7323, 0.0137 0.0352 0.7283, 0.0087 0.0352 0.7323, 0.0087 0.0352 0.7283, 0.0087 -0.004 0.7323, 0.0087 -0.004 0.7283, 0.0294 -0.004 0.7323, 0.0294 -0.004 0.7283
            ]
        }
        coordIndex [
            0,1,2,-1,2,1,3,-1,2,3,4,-1,5,1,6,-1,6,1,0,-1,5,6,7,-1,7,6,8,-1,7,8,9,-1,10,7,11,-1,11,7,9,-1,12,13,14,-1,14,13,10,-1,14,10,11,-1,15,13,16,-1,16,13,12,-1,15,16,17,-1,17,16,18,-1,17,18,19,-1,20,17,21,-1,21,17,19,-1,22,23,24,-1,24,23,20,-1,24,20,21,-1,25,23,26,-1,26,23,22,-1,25,26,27,-1,27,26,28,-1,27,28,29,-1,3,27,4,-1,4,27,29,-1,25,27,3,-1,3,1,25,-1,25,1,5,-1,25,5,23,-1,17,20,15,-1,15,20,23,-1,15,23,13,-1,13,23,5,-1,13,5,10,-1,10,5,7,-1,30,31,32,-1,32,31,33,-1,34,30,35,-1,35,30,32,-1,36,34,37,-1,37,34,35,-1,38,36,39,-1,39,36,37,-1,40,38,41,-1,41,38,39,-1,31,40,33,-1,33,40,41,-1,34,36,30,-1,30,36,38,-1,30,38,31,-1,31,38,40,-1,
        ]
    }
}