#VRML V2.0 utf8
# 3D model generated by easyeda2kicad.py (https://github.com/uPesy/easyeda2kicad.py)

Shape{
    appearance Appearance {
        material  Material 	{
            diffuseColor 0.2235294117647059 0.2235294117647059 0.2235294117647059
            specularColor 0.11372549019607843 0.11372549019607843 0.11372549019607843
            ambientIntensity 0.2235
            transparency 0.0
            shininess 0.5
        }
    }
    geometry IndexedFaceSet {
        ccw TRUE
        solid FALSE
        coord DEF co Coordinate {
            point [
                -0.3914 0.7126 -0.311, -0.4231 0.7126 -0.311, -0.4231 0.7126 0.0354, -0.3934 0.7126 0.3054, -0.4231 0.7126 0.3816, -0.4231 0.7126 0.4103, -0.2179 0.7126 0.2964, -0.2224 0.7126 0.3067, -0.2169 0.7126 0.3209, -0.0591 0.7126 0.0118, -0.0591 0.7126 0.0354, -0.0519 0.7126 0.0354, -0.1378 0.7126 0.0591, -0.1378 0.7126 0.0354, -0.1534 0.7126 0.0354, -0.2559 0.7126 0.0118, -0.2559 0.7126 0.0354, -0.2556 0.7126 0.0354, -0.4921 0.7126 0.4961, -0.4921 0.7126 0.5145, -0.4231 0.7126 0.5145, -0.4231 0.7126 0.8013, -0.4134 0.7126 0.811, -0.3914 0.7126 0.811, 0.4921 0.7126 0.7323, 0.4921 0.7126 0.5269, 0.3595 0.7126 0.5269, 1.1988 0.7126 0.811, 1.2598 0.7126 0.8042, 1.2598 0.7126 0.5269, -1.1713 0.7126 0.0118, -1.1713 0.7126 0.0354, -1.1024 0.7126 0.0354, -1.6319 0.7126 0.378, -1.6294 0.7126 0.4103, -1.1024 0.7126 0.4103, -1.1811 0.7126 0.811, -1.1811 0.7126 0.8307, -1.1024 0.7126 0.8307, -0.1203 0.7126 0.5144, -0.1216 0.7126 0.5145, -0.0888 0.7126 0.5145, -0.2941 0.7126 0.4331, -0.2941 0.7126 0.4332, -0.292 0.7126 0.4332, 0.3801 0.7126 0.428, 0.3777 0.7126 0.4332, 0.5906 0.7126 0.4332, 0.042 0.7126 0.4401, 0.0401 0.7126 0.4375, 0.0401 0.7126 0.5145, 0.0573 0.7126 0.4532, 0.1074 0.7126 0.5079, 0.0886 0.7126 0.4859, 0.077 0.7126 0.4627, 0.0742 0.7126 0.4618, 0.1595 0.7126 0.5351, 0.1379 0.7126 0.5269, 0.0401 0.7126 0.5269, 0.1312 0.7126 0.5244, 0.1169 0.7126 0.5145, 0.1969 0.7126 0.811, 0.1969 0.7126 0.5367, 0.1846 0.7126 0.5381, 0.0401 0.7126 0.811, 0.2121 0.7126 0.535, 0.3595 0.7126 0.811, 0.2338 0.7126 0.5269, 0.2552 0.7126 0.5145, 0.2531 0.7126 0.5164, 0.2385 0.7126 0.5252, 0.3595 0.7126 0.5145, 0.3595 0.7126 0.4628, 0.357 0.7126 0.4659, 0.3532 0.7126 0.4695, 0.335 0.7126 0.4821, 0.3138 0.7126 0.4901, 0.2914 0.7126 0.4927, 0.2665 0.7126 0.505, 0.2848 0.7126 0.4923, 0.2783 0.7126 0.4915, 0.3834 0.7126 0.4103, 0.3608 0.7126 0.3389, 0.5906 0.7126 0.1656, 0.3595 0.7126 0.3378, 0.3595 0.7126 0.1656, 0.3431 0.7126 0.3237, 0.3736 0.7126 0.3576, 0.3817 0.7126 0.3788, 0.5906 0.7126 0.4103, 0.3842 0.7126 0.4011, 0.3841 0.7126 0.4066, 0.2081 0.7126 0.3087, 0.1969 0.7126 0.1656, 0.2046 0.7126 0.3227, 0.1969 0.7126 0.3382, 0.2043 0.7126 0.3287, 0.2043 0.7126 0.3344, 0.2772 0.7126 0.2744, 0.2903 0.7126 0.28, 0.3014 0.7126 0.2885, 0.3098 0.7126 0.299, 0.3154 0.7126 0.3113, 0.3226 0.7126 0.3135, 0.2149 0.7126 0.2961, 0.2237 0.7126 0.2864, 0.2351 0.7126 0.2786, 0.2478 0.7126 0.2738, 0.2616 0.7126 0.2722, 0.2638 0.7126 0.2722, 0.1444 0.7126 0.3288, 0.1432 0.7126 0.3331, 0.0582 0.7126 0.3208, 0.0401 0.7126 0.1656, 0.0426 0.7126 0.3338, 0.0401 0.7126 0.3372, 0.1243 0.7126 0.376, 0.0682 0.7126 0.3574, 0.1417 0.7126 0.4063, 0.0619 0.7126 0.3662, 0.0579 0.7126 0.3764, 0.0564 0.7126 0.3874, 0.0567 0.7126 0.3925, 0.0593 0.7126 0.4034, 0.1445 0.7126 0.3266, 0.1312 0.7126 0.3436, 0.1268 0.7126 0.3441, 0.1262 0.7126 0.3441, 0.1245 0.7126 0.3437, 0.141 0.7126 0.337, 0.1386 0.7126 0.3396, 0.1351 0.7126 0.342, 0.1314 0.7126 0.3094, 0.1351 0.7126 0.3109, 0.1388 0.7126 0.3135, 0.1401 0.7126 0.3149, 0.1426 0.7126 0.3185, 0.144 0.7126 0.3223, 0.0756 0.7126 0.3124, 0.0946 0.7126 0.3086, 0.1282 0.7126 0.3088, 0.1234 0.7126 0.3435, 0.0977 0.7126 0.3433, 0.0875 0.7126 0.3452, 0.0774 0.7126 0.3498, 0.0689 0.7126 0.3566, 0.0629 0.7126 0.4103, 0.1969 0.7126 0.4103, 0.1969 0.7126 0.3779, 0.2282 0.7126 0.3761, 0.2183 0.7126 0.3669, 0.2608 0.7126 0.3866, 0.2539 0.7126 0.3861, 0.2402 0.7126 0.3826, 0.3082 0.7126 0.3616, 0.3478 0.7126 0.3932, 0.3438 0.7126 0.3793, 0.3371 0.7126 0.3677, 0.327 0.7126 0.3572, 0.3146 0.7126 0.3494, 0.3484 0.7126 0.402, 0.2987 0.7126 0.3723, 0.3473 0.7126 0.4103, 0.287 0.7126 0.3803, 0.2744 0.7126 0.385, 0.3383 0.7126 0.4332, 0.3416 0.7126 0.4285, 0.3466 0.7126 0.4158, 0.2053 0.7126 0.5014, 0.2239 0.7126 0.4939, 0.1969 0.7126 0.4332, 0.2392 0.7126 0.4829, 0.2521 0.7126 0.4678, 0.2609 0.7126 0.4498, 0.2649 0.7126 0.452, 0.2777 0.7126 0.4568, 0.291 0.7126 0.4586, 0.297 0.7126 0.4583, 0.3111 0.7126 0.455, 0.3238 0.7126 0.4484, 0.3336 0.7126 0.4398, 0.1051 0.7126 0.4322, 0.1053 0.7126 0.4332, 0.1085 0.7126 0.4481, 0.1313 0.7126 0.4832, 0.1472 0.7126 0.4944, 0.165 0.7126 0.5014, 0.1171 0.7126 0.4665, 0.1299 0.7126 0.4819, 0.1843 0.7126 0.5039, 0.1969 0.7126 0.5024, 0.0645 0.7126 0.4133, 0.1005 0.7126 0.4322, 0.071 0.7126 0.4206, 0.0798 0.7126 0.4268, 0.0897 0.7126 0.4307, -0.0443 0.7126 0.3079, -0.0439 0.7126 0.3079, 0.0304 0.7126 0.4238, 0.0251 0.7126 0.4103, -0.0443 0.7126 0.4103, 0.0236 0.7126 0.4064, 0.0312 0.7126 0.3495, 0.0239 0.7126 0.3675, -0.0443 0.7126 0.3714, 0.0211 0.7126 0.3878, -0.0545 0.7126 0.3439, -0.0543 0.7126 0.3169, -0.0831 0.7126 0.3437, -0.087 0.7126 0.3167, -0.0832 0.7126 0.3528, -0.0856 0.7126 0.3784, -0.0545 0.7126 0.353, -0.0547 0.7126 0.3787, -0.0869 0.7126 0.3076, -0.0888 0.7126 0.1656, -0.0888 0.7126 0.4103, -0.0857 0.7126 0.3876, -0.0519 0.7126 0.3879, -0.0519 0.7126 0.4103, -0.0444 0.7126 0.3879, -0.0443 0.7126 0.1656, -0.0519 0.7126 0.1656, -0.0519 0.7126 0.3078, -0.292 0.7126 0.5145, -0.3659 0.7126 0.4332, -0.3661 0.7126 0.4326, -0.3914 0.7126 0.4103, -0.3055 0.7126 0.4332, -0.3055 0.7126 0.433, -0.3547 0.7126 0.4327, -0.292 0.7126 0.4103, -0.3545 0.7126 0.4332, -0.3467 0.7126 0.4546, -0.3133 0.7126 0.4549, -0.2055 0.7126 0.4698, -0.2169 0.7126 0.4332, -0.2055 0.7126 0.479, -0.2169 0.7126 0.5145, -0.1976 0.7126 0.479, -0.208 0.7126 0.5046, -0.2081 0.7126 0.5138, -0.1976 0.7126 0.5145, -0.1976 0.7126 0.5139, -0.1768 0.7126 0.47, -0.1767 0.7126 0.4431, -0.1976 0.7126 0.4699, -0.1976 0.7126 0.4429, -0.2094 0.7126 0.4428, -0.2093 0.7126 0.4337, -0.1976 0.7126 0.4332, -0.1976 0.7126 0.5047, -0.1771 0.7126 0.5048, -0.1769 0.7126 0.4792, -0.1668 0.7126 0.5141, -0.1612 0.7126 0.5145, -0.1663 0.7126 0.434, -0.1534 0.7126 0.5145, -0.1432 0.7126 0.5145, -0.1508 0.7126 0.5123, -0.1489 0.7126 0.4368, -0.1403 0.7126 0.434, -0.1534 0.7126 0.4332, -0.1507 0.7126 0.5015, -0.1296 0.7126 0.4421, -0.1346 0.7126 0.4424, -0.1498 0.7126 0.502, -0.1015 0.7126 0.4706, -0.1027 0.7126 0.4626, -0.1435 0.7126 0.4442, -0.1503 0.7126 0.4474, -0.1503 0.7126 0.4375, -0.1094 0.7126 0.497, -0.1055 0.7126 0.4914, -0.1053 0.7126 0.4561, -0.1091 0.7126 0.4507, -0.1111 0.7126 0.4488, -0.1319 0.7126 0.5064, -0.1285 0.7126 0.5062, -0.11 0.7126 0.4976, -0.1216 0.7126 0.5049, -0.1153 0.7126 0.502, -0.1028 0.7126 0.4845, -0.1014 0.7126 0.4736, -0.1164 0.7126 0.4452, -0.1222 0.7126 0.443, -0.1417 0.7126 0.5051, -0.1318 0.7126 0.5157, -0.1423 0.7126 0.5148, -0.1534 0.7126 0.5269, -0.0888 0.7126 0.5269, -0.1246 0.7126 0.4332, -0.1222 0.7126 0.4333, -0.0888 0.7126 0.4332, -0.1137 0.7126 0.4354, -0.1063 0.7126 0.4392, -0.0926 0.7126 0.4877, -0.0965 0.7126 0.4966, -0.1023 0.7126 0.5041, -0.1006 0.7126 0.4441, -0.0999 0.7126 0.4448, -0.0952 0.7126 0.4517, -0.092 0.7126 0.4601, -0.0906 0.7126 0.4731, -0.0907 0.7126 0.4773, -0.1041 0.7126 0.5058, -0.1119 0.7126 0.5112, -0.0557 0.7126 0.5145, -0.0557 0.7126 0.5149, -0.0519 0.7126 0.5149, -0.0519 0.7126 0.5269, -0.0453 0.7126 0.515, -0.0443 0.7126 0.5269, -0.0443 0.7126 0.5145, -0.0552 0.7126 0.4439, -0.0871 0.7126 0.4437, -0.087 0.7126 0.4346, -0.0519 0.7126 0.4332, -0.0519 0.7126 0.4348, -0.0443 0.7126 0.4332, -0.0448 0.7126 0.4349, -0.0453 0.7126 0.5145, -1.5433 0.7126 0.6405, -1.4677 0.7126 0.7175, -1.1024 0.7126 0.5269, -1.3754 0.7126 0.7734, -1.2722 0.7126 0.8048, -1.1988 0.7126 0.811, -1.6269 0.7126 0.4434, -1.6067 0.7126 0.5145, -1.1024 0.7126 0.5145, -1.6032 0.7126 0.5269, -1.5975 0.7126 0.5472, -1.25 0.7126 0.0118, -1.4173 0.7126 -0.1693, -1.1024 0.7126 -0.311, -1.4173 0.7126 -0.311, 1.2697 0.7126 0.0118, 1.2598 0.7126 -0.311, 1.2598 0.7126 0.0354, 1.4902 0.7126 0.1656, 1.6319 0.7126 0.0354, 1.4902 0.7126 0.0354, 1.6319 0.7126 -0.1693, 1.4902 0.7126 -0.1693, 1.4902 0.7126 0.5269, 1.607 0.7126 0.5145, 1.4902 0.7126 0.5145, 1.621 0.7126 0.4743, 1.4902 0.7126 0.4332, 1.4688 0.7126 0.7165, 1.4902 0.7126 0.6952, 1.5374 0.7126 0.648, 1.589 0.7126 0.5659, 1.6026 0.7126 0.5269, 1.2952 0.7126 0.8002, 1.3867 0.7126 0.7681, 1.1024 0.7126 0.8307, 1.1811 0.7126 0.8307, 1.1811 0.7126 0.811, 1.1024 0.7126 0.5269, 1.063 0.7126 0.811, 1.063 0.7126 0.8307, 1.1024 0.7126 0.5145, 0.9646 0.7126 0.5269, 0.9646 0.7126 0.811, 0.3708 0.7126 0.4484, 0.4921 0.7126 0.5145, 0.4921 0.7126 0.4961, 0.5906 0.7126 0.4961, 0.7923 0.7126 0.4332, 0.7923 0.7126 0.4961, 0.9449 0.7126 0.4332, 0.9449 0.7126 0.4961, 1.1024 0.7126 0.4332, 0.9646 0.7126 0.4961, 0.9646 0.7126 0.5145, 0.4134 0.7126 0.811, -0.0443 0.7126 0.811, -0.0519 0.7126 0.811, -0.0888 0.7126 0.811, -0.1534 0.7126 0.811, -0.1612 0.7126 0.811, -0.1612 0.7126 0.5269, -0.1976 0.7126 0.811, -0.1976 0.7126 0.5269, -0.2169 0.7126 0.811, -0.2169 0.7126 0.5269, -0.2556 0.7126 0.811, -0.2556 0.7126 0.5269, -0.2608 0.7126 0.811, -0.2608 0.7126 0.5269, -0.292 0.7126 0.811, -0.292 0.7126 0.5269, -0.3914 0.7126 0.5269, -0.4231 0.7126 0.5269, -0.4921 0.7126 0.5269, -0.4921 0.7126 0.7323, -0.4231 0.7126 0.4332, -0.5906 0.7126 0.4332, -0.5906 0.7126 0.4961, -0.7923 0.7126 0.4961, -0.7923 0.7126 0.4332, -0.9449 0.7126 0.4961, -0.9449 0.7126 0.4332, -0.9646 0.7126 0.4961, -1.1024 0.7126 0.4332, -0.9646 0.7126 0.5145, -1.063 0.7126 0.811, -1.063 0.7126 0.8307, -1.6277 0.7126 0.4332, -0.9646 0.7126 0.5269, -0.9646 0.7126 0.811, 1.1713 0.7126 0.0118, 1.1024 0.7126 -0.311, 1.1024 0.7126 0.0354, 1.25 0.7126 0.0591, 1.2598 0.7126 0.1656, 1.1024 0.7126 0.1656, 1.1713 0.7126 0.0591, 1.1713 0.7126 0.0354, 1.25 0.7126 0.0118, 1.25 0.7126 0.0354, 0.9449 0.7126 0.1656, 0.9449 0.7126 0.0354, 0.935 0.7126 0.0591, 0.935 0.7126 0.0354, 0.7923 0.7126 0.1656, 0.8563 0.7126 0.0591, 0.7923 0.7126 0.0354, 0.8563 0.7126 0.0354, 0.8563 0.7126 0.0118, 0.935 0.7126 0.0118, 0.9449 0.7126 -0.311, 0.7923 0.7126 -0.311, 0.5906 0.7126 0.0354, 0.6496 0.7126 0.0354, 0.6496 0.7126 0.0118, 0.6496 0.7126 0.0591, 0.7283 0.7126 0.0591, 0.7283 0.7126 0.0354, 0.7283 0.7126 0.0118, 0.5906 0.7126 -0.311, 0.3595 0.7126 0.0354, 0.3346 0.7126 0.0591, 0.3346 0.7126 0.0354, 0.2559 0.7126 0.0591, 0.1969 0.7126 0.0354, 0.2559 0.7126 0.0354, 0.2559 0.7126 0.0118, 0.3346 0.7126 0.0118, 0.3595 0.7126 -0.311, 0.1969 0.7126 -0.311, -1.25 0.7126 0.0591, -1.6319 0.7126 0.1656, -1.1024 0.7126 0.1656, -1.1713 0.7126 0.0591, -1.25 0.7126 0.0354, -1.2697 0.7126 0.0118, -1.3484 0.7126 0.0118, -1.6319 0.7126 -0.1693, -1.3484 0.7126 0.0354, -1.6319 0.7126 0.0354, -1.3484 0.7126 0.0591, -1.2697 0.7126 0.0591, -1.2697 0.7126 0.0354, -0.9449 0.7126 0.0354, -0.935 0.7126 0.0354, -0.935 0.7126 0.0118, -0.8563 0.7126 0.0118, -0.7923 0.7126 -0.311, -0.9449 0.7126 -0.311, -0.935 0.7126 0.0591, -0.9449 0.7126 0.1656, -0.8563 0.7126 0.0591, -0.7923 0.7126 0.1656, -0.8563 0.7126 0.0354, -0.7923 0.7126 0.0354, -0.6496 0.7126 0.0118, -0.5906 0.7126 -0.311, -0.7283 0.7126 0.0118, -0.5906 0.7126 0.0354, -0.6496 0.7126 0.0354, -0.5906 0.7126 0.1656, -0.6496 0.7126 0.0591, -0.7283 0.7126 0.0591, -0.7283 0.7126 0.0354, -0.3346 0.7126 0.0591, -0.3346 0.7126 0.0354, -0.3914 0.7126 0.0354, -0.3346 0.7126 0.0118, -0.2556 0.7126 0.1656, -0.2559 0.7126 0.0591, -0.2608 0.7126 0.1656, -0.2608 0.7126 0.0591, -0.292 0.7126 0.1656, -0.292 0.7126 0.0591, -0.3914 0.7126 0.1656, 1.2697 0.7126 0.0591, 1.2697 0.7126 0.0354, 1.4173 0.7126 -0.311, 1.4173 0.7126 -0.1693, 1.3484 0.7126 0.0118, 1.3484 0.7126 0.0354, 1.3484 0.7126 0.0591, 0.9547 0.7126 0.0354, 0.9547 0.7126 0.0118, 0.9547 0.7126 0.0591, 1.0335 0.7126 0.0591, 1.0335 0.7126 0.0354, 1.0335 0.7126 0.0118, 0.4528 0.7126 0.0354, 0.4528 0.7126 0.0118, 0.4528 0.7126 0.0591, 0.5315 0.7126 0.0591, 0.5315 0.7126 0.0354, 0.5315 0.7126 0.0118, 0.0591 0.7126 0.0591, 0.0591 0.7126 0.0354, 0.0401 0.7126 0.0354, 0.0591 0.7126 0.0118, -0.0591 0.7126 0.0591, -0.1534 0.7126 -0.311, -0.1378 0.7126 0.0118, -0.0888 0.7126 -0.311, -0.0888 0.7126 0.0118, -0.0519 0.7126 -0.311, -0.4528 0.7126 0.0354, -0.4528 0.7126 0.0118, -0.5315 0.7126 0.0118, -0.4231 0.7126 0.1656, -0.4528 0.7126 0.0591, -0.5315 0.7126 0.0591, -0.5315 0.7126 0.0354, -1.0335 0.7126 0.0354, -1.0335 0.7126 0.0118, -0.9547 0.7126 0.0118, -0.9547 0.7126 0.0354, -0.9547 0.7126 0.0591, -1.0335 0.7126 0.0591, -0.2809 0.7126 0.4999, -0.2858 0.7126 0.4929, -0.278 0.7126 0.5027, -0.2872 0.7126 0.4585, -0.2829 0.7126 0.4504, -0.2776 0.7126 0.4445, -0.2692 0.7126 0.4385, -0.2608 0.7126 0.4332, -0.2887 0.7126 0.4852, -0.2899 0.7126 0.4742, -0.2895 0.7126 0.4676, -0.2608 0.7126 0.5145, -0.2556 0.7126 0.5145, -0.2556 0.7126 0.5126, -0.2601 0.7126 0.5121, -0.2608 0.7126 0.5118, -0.2697 0.7126 0.5085, -0.2556 0.7126 0.4332, -0.2465 0.7126 0.4335, -0.2244 0.7126 0.4336, -0.225 0.7126 0.5137, -0.2478 0.7126 0.5135, -0.2608 0.7126 0.4353, -0.26 0.7126 0.435, -0.2556 0.7126 0.4345, -0.1564 0.7126 0.3488, -0.1569 0.7126 0.3524, -0.1534 0.7126 0.4103, -0.1579 0.7126 0.3419, -0.1568 0.7126 0.3449, -0.1562 0.7126 0.3194, -0.1598 0.7126 0.3171, -0.1612 0.7126 0.3166, -0.1612 0.7126 0.3378, -0.1592 0.7126 0.3398, -0.1608 0.7126 0.338, -0.1561 0.7126 0.3091, -0.1534 0.7126 0.1656, -0.1612 0.7126 0.3072, -0.1612 0.7126 0.1656, -0.1626 0.7126 0.3067, -0.1915 0.7126 0.3318, -0.1934 0.7126 0.3291, -0.1923 0.7126 0.353, -0.1944 0.7126 0.3261, -0.1948 0.7126 0.3224, -0.163 0.7126 0.361, -0.1659 0.7126 0.3627, -0.1612 0.7126 0.4103, -0.1581 0.7126 0.3556, -0.16 0.7126 0.3583, -0.1612 0.7126 0.3594, -0.1714 0.7126 0.3646, -0.1788 0.7126 0.3654, -0.1976 0.7126 0.4103, -0.1854 0.7126 0.3648, -0.1924 0.7126 0.3628, -0.1943 0.7126 0.3183, -0.1976 0.7126 0.1656, -0.1931 0.7126 0.3152, -0.1912 0.7126 0.3125, -0.1883 0.7126 0.31, -0.1852 0.7126 0.3082, -0.1796 0.7126 0.3064, -0.1716 0.7126 0.3056, -0.1778 0.7126 0.3573, -0.1748 0.7126 0.3571, -0.1668 0.7126 0.3497, -0.1721 0.7126 0.3564, -0.1699 0.7126 0.3552, -0.1669 0.7126 0.3483, -0.1672 0.7126 0.3468, -0.168 0.7126 0.3454, -0.1689 0.7126 0.3443, -0.1725 0.7126 0.3421, -0.1846 0.7126 0.3564, -0.1786 0.7126 0.3393, -0.1903 0.7126 0.3542, -0.1825 0.7126 0.3377, -0.1891 0.7126 0.334, -0.1683 0.7126 0.3539, -0.1675 0.7126 0.3526, -0.167 0.7126 0.3513, -0.166 0.7126 0.3146, -0.1715 0.7126 0.3321, -0.1655 0.7126 0.3349, -0.1726 0.7126 0.3138, -0.1731 0.7126 0.3138, -0.1781 0.7126 0.3293, -0.1782 0.7126 0.3143, -0.1845 0.7126 0.3214, -0.1844 0.7126 0.3227, -0.1808 0.7126 0.3153, -0.1817 0.7126 0.3158, -0.1829 0.7126 0.3168, -0.1838 0.7126 0.3181, -0.1843 0.7126 0.3195, -0.184 0.7126 0.3243, -0.1832 0.7126 0.3256, -0.182 0.7126 0.3269, -0.2552 0.7126 0.3636, -0.2169 0.7126 0.1656, -0.2169 0.7126 0.3481, -0.2262 0.7126 0.3208, -0.2289 0.7126 0.3207, -0.2556 0.7126 0.4103, -0.2169 0.7126 0.4103, -0.2448 0.7126 0.3636, -0.2288 0.7126 0.2979, -0.2242 0.7126 0.2891, -0.2205 0.7126 0.2847, -0.2274 0.7126 0.3161, -0.2276 0.7126 0.3161, -0.2281 0.7126 0.318, -0.2003 0.7126 0.3639, -0.2115 0.7126 0.3639, -0.2198 0.7126 0.2841, -0.2169 0.7126 0.2821, -0.2163 0.7126 0.2817, -0.2019 0.7126 0.2896, -0.2039 0.7126 0.2889, -0.2123 0.7126 0.2802, -0.2083 0.7126 0.2798, -0.2018 0.7126 0.2806, -0.2061 0.7126 0.2799, -0.21 0.7126 0.2886, -0.2122 0.7126 0.2894, -0.2075 0.7126 0.2884, -0.214 0.7126 0.2907, -0.2159 0.7126 0.2928, -0.2169 0.7126 0.2946, -0.3238 0.7126 0.3059, -0.3087 0.7126 0.3151, -0.3087 0.7126 0.306, -0.2762 0.7126 0.3423, -0.276 0.7126 0.3154, -0.292 0.7126 0.3422, -0.292 0.7126 0.3152, -0.3048 0.7126 0.3421, -0.3244 0.7126 0.386, -0.3074 0.7126 0.3769, -0.3074 0.7126 0.3861, -0.3594 0.7126 0.3844, -0.3691 0.7126 0.3808, -0.3049 0.7126 0.3513, -0.292 0.7126 0.3513, -0.3594 0.7126 0.3073, -0.3458 0.7126 0.3057, -0.292 0.7126 0.3862, -0.3472 0.7126 0.3858, -0.3865 0.7126 0.3307, -0.3823 0.7126 0.3227, -0.3774 0.7126 0.375, -0.3803 0.7126 0.3721, -0.3852 0.7126 0.3651, -0.377 0.7126 0.3167, -0.3685 0.7126 0.3107, -0.388 0.7126 0.3575, -0.3893 0.7126 0.3465, -0.3888 0.7126 0.3399, -0.292 0.7126 0.377, -0.2765 0.7126 0.3771, -0.2763 0.7126 0.3515, -0.292 0.7126 0.3061, -0.2662 0.7126 0.3864, -0.2608 0.7126 0.4103, -0.2656 0.7126 0.3063, -0.4461 0.7126 0.3269, -0.4231 0.7126 0.3271, -0.4541 0.7126 0.305, -0.4655 0.7126 0.3049, -0.4356 0.7126 0.3852, -0.4127 0.7126 0.3272, -0.4049 0.7126 0.3053, -0.9449 0.7126 0.4103, -0.7923 0.7126 0.4103, -0.5906 0.7126 0.4103, -0.4245 0.7126 0.3852, -0.292 0.7126 -0.311, -0.292 0.7126 0.0118, -0.2608 0.7126 -0.311, -0.2608 0.7126 0.0118, -0.2556 0.7126 -0.311, -0.3914 0.7126 0.4332, -0.3362 0.7126 0.5129, -0.3914 0.7126 0.5145, -0.3251 0.7126 0.513, -0.2169 0.7126 -0.311, -0.2169 0.7126 0.0354, -0.1976 0.7126 -0.311, -0.1976 0.7126 0.0354, -0.1612 0.7126 -0.311, -0.1612 0.7126 0.0354, -0.0888 0.7126 0.0591, -0.1612 0.7126 0.4332, -0.1306 0.7126 0.4332, -0.1976 0.7126 0.4338, -0.1324 0.7126 0.364, -0.1357 0.7126 0.3621, -0.1425 0.7126 0.3072, -0.1325 0.7126 0.3072, -0.1024 0.7126 0.3509, -0.1025 0.7126 0.3606, -0.1281 0.7126 0.3653, -0.1384 0.7126 0.3595, -0.1404 0.7126 0.3563, -0.142 0.7126 0.3518, -0.1428 0.7126 0.344, -0.1046 0.7126 0.3618, -0.1121 0.7126 0.3647, -0.1222 0.7126 0.3658, -0.1007 0.7126 0.3347, -0.1038 0.7126 0.3373, -0.1081 0.7126 0.3395, -0.1088 0.7126 0.3549, -0.1158 0.7126 0.3413, -0.1246 0.7126 0.3573, -0.1212 0.7126 0.3577, -0.1151 0.7126 0.3571, -0.1048 0.7126 0.3082, -0.1015 0.7126 0.3106, -0.1004 0.7126 0.3118, -0.0983 0.7126 0.3149, -0.0971 0.7126 0.3183, -0.0966 0.7126 0.3228, -0.0973 0.7126 0.3283, -0.0987 0.7126 0.3318, -0.1327 0.7126 0.3436, -0.1324 0.7126 0.348, -0.1314 0.7126 0.3516, -0.1302 0.7126 0.3537, -0.1325 0.7126 0.3161, -0.1323 0.7126 0.3161, -0.1199 0.7126 0.3066, -0.1147 0.7126 0.306, -0.1087 0.7126 0.3068, -0.1306 0.7126 0.3137, -0.1275 0.7126 0.3103, -0.1239 0.7126 0.308, -0.1287 0.7126 0.3553, -0.1269 0.7126 0.3565, -0.0443 0.7126 -0.311, -0.0443 0.7126 0.0354, 0.0401 0.7126 -0.311, -0.1281 0.7126 0.4329, 0.1378 0.7126 0.0118, 0.1378 0.7126 0.0354, 0.1378 0.7126 0.0591, 0.0371 0.7126 0.4332, 0.7923 0.7126 0.4103, 0.9449 0.7126 0.4103, 1.1024 0.7126 0.4103, 1.2598 0.7126 0.5145, 1.2598 0.7126 0.4332, 1.2598 0.7126 0.4103, 1.4902 0.7126 0.4103, 1.6257 0.7126 0.4332, 1.6282 0.7126 0.4103, 1.6319 0.7126 0.378, 1.6319 0.7126 0.1656, 0.2554 0.1225 -0.185, 0.2549 0.122 -0.185, 0.2165 0.122 -0.185, 0.2165 0.2394 -0.185, 0.2245 0.2378 -0.185, 0.2664 0.1368 -0.185, 0.2411 0.2309 -0.185, 0.2554 0.22 -0.185, 0.2664 0.2057 -0.185, 0.2732 0.1891 -0.185, 0.2732 0.1534 -0.185, 0.2756 0.1712 -0.185, 1.2952 0.248 -0.1584, 1.1988 0.248 -0.1693, 1.4653 0.248 -0.1693, 1.6319 0.248 0.2638, 1.621 0.248 0.1674, 1.6319 0.248 0.0022, 1.589 0.248 0.0759, 1.6245 0.248 -0.0111, 1.5374 0.248 -0.0062, 1.5676 0.248 -0.0884, 1.4948 0.248 -0.151, 1.4688 0.248 -0.0748, 1.3867 0.248 -0.1264, -1.5374 0.248 -0.0062, -1.589 0.248 0.0759, -1.6319 0.248 0.0022, -1.621 0.248 0.1674, -1.6319 0.248 0.2638, -1.1988 0.248 -0.1693, -1.2952 0.248 -0.1584, -1.4653 0.248 -0.1693, -1.3867 0.248 -0.1264, -1.4948 0.248 -0.151, -1.4688 0.248 -0.0748, -1.5676 0.248 -0.0884, -1.6245 0.248 -0.0111, 1.1811 0.6614 0.8307, 1.063 0.6614 0.8307, -0.6612 0.4685 0.6622, -0.6629 0.4685 0.6619, -0.9646 0.4606 0.7522, -0.6605 0.4685 0.6622, -0.664 0.4686 0.6614, -0.6646 0.4686 0.6609, -0.9646 0.483 0.4961, -0.6652 0.4687 0.6603, -0.6655 0.4687 0.6595, -0.638 0.4726 0.6151, -0.4921 0.483 0.4961, -0.5987 0.4685 0.6622, -0.4921 0.4624 0.7323, -0.4722 0.4606 0.7522, -0.6657 0.4688 0.6584, -0.6657 0.469 0.6568, -0.6648 0.4693 0.6532, -0.6644 0.4693 0.6525, -0.6597 0.4701 0.6435, 0.4722 0.4606 0.7522, 0.9646 0.4606 0.7522, 0.6636 0.4685 0.6616, 0.6644 0.4686 0.6611, 0.6657 0.4688 0.6589, 0.6654 0.4687 0.6598, 0.665 0.4686 0.6605, 0.662 0.4698 0.6474, 0.6643 0.4693 0.6524, 0.9646 0.483 0.4961, 0.6652 0.4692 0.6545, 0.6657 0.4689 0.6573, 0.6624 0.4685 0.662, 0.6605 0.4685 0.6622, 0.4921 0.4624 0.7323, 0.5989 0.4685 0.6622, 0.4921 0.483 0.4961, 0.6382 0.4726 0.6153, 0.6441 0.472 0.6224, 0.4134 0.3964 0.811, 0.9646 0.3964 0.811, -1.063 0.2992 0.811, -1.063 0.3464 0.8228, -1.1811 0.2992 0.811, -1.1811 0.3464 0.8228, 1.1811 0.2992 0.811, 1.1811 0.3464 0.8228, 1.063 0.2992 0.811, 1.063 0.3464 0.8228, -0.9646 0.3964 0.811, -0.4134 0.3964 0.811, -1.0236 0.0433 0.811, -1.1988 0.0433 0.811, -0.9449 -0.0354 0.7323, -1.1988 -0.0354 0.7323, -1.0236 0.1811 0.811, -0.9449 0.1811 0.7323, -0.3543 0.1811 0.811, -0.9449 0.1811 0.5571, -0.4331 0.1811 0.5571, -0.4331 0.1811 0.7323, -0.3543 0.0433 0.811, -0.4331 -0.0354 0.7323, 0.3543 0.0433 0.811, 0.4331 -0.0354 0.7323, 0.3543 0.1811 0.811, 0.4331 0.1811 0.7323, 1.0236 0.1811 0.811, 0.4331 0.1811 0.5571, 0.9449 0.1811 0.5571, 0.9449 0.1811 0.7323, 0.9449 -0.0354 0.7323, 1.0236 0.0433 0.811, 1.1988 0.0433 0.811, 1.1988 -0.0354 0.7323, 1.5531 -0.0354 0.378, 1.6319 0.0433 0.378, 1.621 0.0433 0.4743, 1.5443 -0.0354 0.4568, 1.589 0.0433 0.5659, 1.5181 -0.0354 0.5317, 1.5374 0.0433 0.648, 1.4758 -0.0354 0.5989, 1.4688 0.0433 0.7165, 1.4197 -0.0354 0.655, 1.3867 0.0433 0.7681, 1.3526 -0.0354 0.6972, 1.2952 0.0433 0.8002, 1.2777 -0.0354 0.7234, 1.6319 0.0433 0.2638, 1.5531 -0.0354 0.2638, 1.1988 0.0433 -0.1693, 1.2952 0.0433 -0.1584, 1.3867 0.0433 -0.1264, 1.4688 0.0433 -0.0748, 1.5374 0.0433 -0.0062, 1.589 0.0433 0.0759, 1.621 0.0433 0.1674, -1.6319 0.0433 0.2638, -1.621 0.0433 0.1674, -1.589 0.0433 0.0759, -1.5374 0.0433 -0.0062, -1.4688 0.0433 -0.0748, -1.3867 0.0433 -0.1264, -1.2952 0.0433 -0.1584, -1.1988 0.0433 -0.1693, -1.5531 -0.0354 0.2638, -1.6319 0.0433 0.378, -1.5531 -0.0354 0.378, -1.272 0.0433 0.8028, -1.2777 -0.0354 0.7234, -1.2952 0.0433 0.8002, -1.375 0.0433 0.7722, -1.3526 -0.0354 0.6972, -1.3867 0.0433 0.7681, -1.4676 0.0433 0.7173, -1.4197 -0.0354 0.655, -1.4688 0.0433 0.7165, -1.5374 0.0433 0.648, -1.4758 -0.0354 0.5989, -1.5424 0.0433 0.64, -1.5181 -0.0354 0.5317, -1.589 0.0433 0.5659, -1.5957 0.0433 0.5466, -1.5443 -0.0354 0.4568, -1.6245 0.0433 0.4431, -1.621 0.0433 0.4743, 0.3346 0.122 -0.185, 0.3346 0.0827 -0.1693, 0.2165 0.0827 -0.1693, -0.3346 0.0827 -0.1693, -0.3346 0.122 -0.185, -0.2165 0.0827 -0.1693, -0.2165 0.122 -0.185, -0.9449 -0.0354 0.5571, -1.1594 -0.0354 0.5571, -1.2002 -0.0354 0.5517, -1.2382 -0.0354 0.536, -1.2708 -0.0354 0.511, -1.2958 -0.0354 0.4784, -1.3116 -0.0354 0.4404, -1.1988 -0.0354 -0.0905, -0.9449 -0.0354 -0.0905, -0.9449 -0.0354 0.0847, -1.3169 -0.0354 0.3996, -1.3169 -0.0354 0.2421, -1.313 -0.0354 0.2071, -1.5443 -0.0354 0.1849, -1.3013 -0.0354 0.1738, -1.1594 -0.0354 0.0847, -1.1945 -0.0354 0.0886, -1.2777 -0.0354 -0.0817, -1.2278 -0.0354 0.1002, -1.3526 -0.0354 -0.0555, -1.2576 -0.0354 0.119, -1.4197 -0.0354 -0.0132, -1.2826 -0.0354 0.1439, -1.4758 -0.0354 0.0429, -1.5181 -0.0354 0.11, -0.4331 -0.0354 0.5571, -1.1594 -0.5866 0.5571, 1.1594 -0.5866 0.5571, 1.1594 -0.0354 0.5571, 0.9449 -0.0354 0.5571, 0.4331 -0.0354 0.5571, 1.2002 -0.0354 0.5517, 1.2382 -0.0354 0.536, 1.2708 -0.0354 0.511, 1.2958 -0.0354 0.4784, 1.3116 -0.0354 0.4404, 1.3169 -0.0354 0.3996, 1.3116 -0.0354 0.2014, 1.5443 -0.0354 0.1849, 1.3169 -0.0354 0.2421, 0.9449 -0.0354 0.0847, 0.9449 -0.0354 -0.0905, 1.1594 -0.0354 0.0847, 1.1988 -0.0354 -0.0905, 1.2002 -0.0354 0.09, 1.2777 -0.0354 -0.0817, 1.2382 -0.0354 0.1057, 1.3526 -0.0354 -0.0555, 1.2708 -0.0354 0.1308, 1.4197 -0.0354 -0.0132, 1.2958 -0.0354 0.1634, 1.4758 -0.0354 0.0429, 1.5181 -0.0354 0.11, -0.2165 0.1693 -0.1693, -0.2165 0.2335 -0.1105, 0.2165 0.1693 -0.1693, 0.2165 0.2335 -0.1105, -0.2165 0.2505 0.0847, 0.2165 0.2505 0.0847, -0.2165 0.4567 0.0847, 0.2165 0.4567 0.0847, 1.0039 0.0433 -0.1693, 0.9449 -0.0158 -0.1102, 1.0039 0.2598 -0.1693, 0.9449 0.2401 -0.1102, 0.9449 0.1811 0.0669, 0.4331 0.1811 0.0669, 0.4331 0.2401 -0.1102, 0.374 0.2598 -0.1693, 0.4331 -0.0158 -0.1102, 0.374 0.0433 -0.1693, 0.4331 -0.0354 -0.0905, -0.4331 -0.0354 -0.0905, -0.4331 -0.0158 -0.1102, -0.374 0.0433 -0.1693, -0.374 0.2598 -0.1693, -0.4331 0.2401 -0.1102, -0.4331 0.1811 0.0669, -0.9449 0.1811 0.0669, -0.9449 0.2401 -0.1102, -1.0039 0.2598 -0.1693, -0.9449 -0.0158 -0.1102, -1.0039 0.0433 -0.1693, -1.3169 -0.626 0.2421, -1.3159 -0.6268 0.2245, -1.3081 -0.6331 0.1901, -1.313 -0.6292 0.2071, -1.2826 -0.6341 0.1439, -1.2927 -0.6454 0.1581, -1.3004 -0.6392 0.1742, -1.2576 -0.6141 0.119, -1.2278 -0.5991 0.1002, -1.1594 -0.5866 0.0847, -1.1771 -0.5874 0.0856, -1.1945 -0.5898 0.0886, -1.2115 -0.5937 0.0935, -1.3169 -0.626 0.3996, -1.18 -0.5877 0.5557, -1.2002 -0.5909 0.5517, -1.2197 -0.5962 0.5451, -1.2382 -0.6035 0.536, -1.2553 -0.6127 0.5245, -1.2708 -0.6235 0.511, -1.2927 -0.6454 0.4836, -1.2958 -0.6429 0.4784, -1.3156 -0.6271 0.4202, -1.3116 -0.6303 0.4404, -1.3049 -0.6356 0.4599, -0.9449 0.1811 0.0847, 1.1594 -0.5866 0.0847, -0.4331 0.1811 0.0847, -0.4331 -0.0354 0.0847, 0.4331 -0.0354 0.0847, 0.4331 0.1811 0.0847, 0.9449 0.1811 0.0847, -1.1358 -0.6654 0.4587, 1.2677 -0.6654 0.4587, 1.2927 -0.6454 0.4836, 1.1358 -0.6654 0.4587, 1.2708 -0.6235 0.511, 1.2553 -0.6127 0.5245, -1.2677 -0.6654 0.4587, -1.0295 -0.6654 0.4587, -0.5453 -0.6654 0.4587, 1.2382 -0.6035 0.536, 1.2197 -0.5962 0.5451, 1.2002 -0.5909 0.5517, -0.439 -0.6654 0.4587, -0.3484 -0.6654 0.4587, -0.2421 -0.6654 0.4587, 0.5453 -0.6654 0.4587, 1.0295 -0.6654 0.4587, 1.18 -0.5877 0.5557, 0.1516 -0.6654 0.4587, 0.2421 -0.6654 0.4587, 0.3484 -0.6654 0.4587, 0.439 -0.6654 0.4587, -0.1516 -0.6654 0.4587, -0.0453 -0.6654 0.4587, 0.0453 -0.6654 0.4587, 1.3169 -0.626 0.3996, 1.3156 -0.6271 0.4202, 1.3116 -0.6303 0.4404, 1.3049 -0.6356 0.4599, 1.2955 -0.6432 0.4782, 1.3169 -0.626 0.2421, 1.18 -0.5877 0.086, 1.2002 -0.5909 0.09, 1.2197 -0.5962 0.0966, 1.2382 -0.6035 0.1057, 1.2553 -0.6127 0.1172, 1.2708 -0.6235 0.1308, 1.2927 -0.6454 0.1581, 1.2958 -0.6429 0.1634, 1.3156 -0.6271 0.2216, 1.3116 -0.6303 0.2014, 1.3049 -0.6356 0.1819, 1.0295 -0.6654 0.1831, 0.5453 -0.6654 0.1831, 0.439 -0.6654 0.1831, 0.3484 -0.6654 0.1831, 0.2421 -0.6654 0.1831, 1.1358 -0.6654 0.1831, 0.1516 -0.6654 0.1831, 0.0453 -0.6654 0.1831, -0.0453 -0.6654 0.1831, -0.1516 -0.6654 0.1831, -0.2421 -0.6654 0.1831, -0.3484 -0.6654 0.1831, -0.439 -0.6654 0.1831, -0.5453 -0.6654 0.1831, 1.2677 -0.6654 0.1831, -1.1358 -0.6654 0.1831, -1.2677 -0.6654 0.1831, -1.0295 -0.6654 0.1831, -1.2185 -0.7047 0.3504, -1.2185 -0.7047 0.4488, -1.2677 -0.6654 0.4488, -1.2677 -0.6654 0.1929, -1.2185 -0.7047 0.1929, -1.2185 -0.7047 0.2913, 1.2677 -0.6654 0.4488, 1.1358 -0.6654 0.4488, 1.2185 -0.7047 0.2913, 1.2185 -0.7047 0.1929, 1.2677 -0.6654 0.1929, 1.2185 -0.7047 0.4488, 1.2185 -0.7047 0.3504, -1.1358 -0.6654 0.4488
            ]
        }
        coordIndex [
            0,1,2,-1,3,4,5,-1,6,7,8,-1,9,10,11,-1,12,13,14,-1,15,16,17,-1,18,19,20,-1,21,22,23,-1,24,25,26,-1,27,28,29,-1,30,31,32,-1,33,34,35,-1,36,37,38,-1,39,40,41,-1,42,43,44,-1,45,46,47,-1,48,49,50,-1,48,50,51,-1,50,52,53,-1,53,54,50,-1,50,54,55,-1,50,55,51,-1,56,57,58,-1,58,57,59,-1,58,59,50,-1,50,59,60,-1,50,60,52,-1,61,62,63,-1,61,63,64,-1,62,61,65,-1,65,61,66,-1,65,66,67,-1,68,69,26,-1,26,69,70,-1,26,70,67,-1,71,72,73,-1,73,74,71,-1,71,74,75,-1,71,75,76,-1,68,77,78,-1,78,77,79,-1,78,79,80,-1,45,47,81,-1,82,83,84,-1,84,83,85,-1,84,85,86,-1,87,88,89,-1,89,88,90,-1,89,90,91,-1,92,93,94,-1,94,93,95,-1,94,95,96,-1,96,95,97,-1,98,99,85,-1,85,99,100,-1,85,100,101,-1,101,102,85,-1,85,102,103,-1,85,103,86,-1,92,104,93,-1,93,104,105,-1,93,105,106,-1,106,107,93,-1,93,107,108,-1,93,108,85,-1,85,108,109,-1,85,109,98,-1,110,111,95,-1,112,113,114,-1,114,113,115,-1,116,117,118,-1,118,117,119,-1,118,119,120,-1,120,121,118,-1,118,121,122,-1,118,122,123,-1,110,95,124,-1,125,126,116,-1,116,126,127,-1,116,127,128,-1,111,129,95,-1,95,129,130,-1,95,130,116,-1,116,130,131,-1,116,131,125,-1,132,133,93,-1,93,133,134,-1,134,135,93,-1,93,135,136,-1,93,136,95,-1,95,136,137,-1,95,137,124,-1,112,138,113,-1,113,138,139,-1,113,139,93,-1,93,139,140,-1,93,140,132,-1,128,141,116,-1,116,141,142,-1,116,142,143,-1,143,144,116,-1,116,144,145,-1,116,145,117,-1,123,146,118,-1,118,146,147,-1,118,147,148,-1,148,147,149,-1,148,149,150,-1,151,152,147,-1,147,152,153,-1,147,153,149,-1,154,155,156,-1,156,157,154,-1,154,157,158,-1,154,158,159,-1,155,154,160,-1,160,154,161,-1,160,161,162,-1,162,161,163,-1,162,163,164,-1,165,166,147,-1,164,151,162,-1,162,151,147,-1,162,147,167,-1,167,147,166,-1,168,169,170,-1,169,171,170,-1,170,171,172,-1,170,172,173,-1,174,175,165,-1,165,175,176,-1,165,176,177,-1,178,179,177,-1,177,179,180,-1,177,180,165,-1,181,182,170,-1,170,182,183,-1,184,185,170,-1,170,185,186,-1,183,187,170,-1,170,187,188,-1,170,188,184,-1,186,189,170,-1,170,189,190,-1,170,190,168,-1,191,192,146,-1,146,192,181,-1,146,181,147,-1,147,181,170,-1,147,170,165,-1,165,170,173,-1,165,173,174,-1,191,193,192,-1,192,193,194,-1,192,194,195,-1,196,197,113,-1,198,199,200,-1,200,199,201,-1,115,113,202,-1,202,113,197,-1,202,197,203,-1,203,197,204,-1,203,204,205,-1,206,207,208,-1,208,207,209,-1,208,209,210,-1,210,209,211,-1,210,211,212,-1,212,211,213,-1,214,215,209,-1,209,215,216,-1,209,216,211,-1,211,216,217,-1,217,216,218,-1,218,216,219,-1,218,219,220,-1,220,219,200,-1,220,200,204,-1,204,200,201,-1,204,201,205,-1,113,221,196,-1,196,221,222,-1,196,222,223,-1,44,43,224,-1,225,226,227,-1,228,229,230,-1,226,230,227,-1,227,230,229,-1,227,229,231,-1,230,232,228,-1,228,232,233,-1,228,233,234,-1,235,236,237,-1,237,236,238,-1,239,237,240,-1,240,237,238,-1,240,238,241,-1,241,238,242,-1,241,242,243,-1,244,245,246,-1,246,245,247,-1,246,247,235,-1,235,247,248,-1,235,248,236,-1,236,248,249,-1,236,249,250,-1,240,251,239,-1,239,251,252,-1,239,252,253,-1,243,242,254,-1,254,242,255,-1,254,255,256,-1,257,258,259,-1,260,261,262,-1,263,264,265,-1,266,267,263,-1,263,267,268,-1,265,269,263,-1,263,269,270,-1,263,270,262,-1,262,270,271,-1,262,271,260,-1,266,272,273,-1,268,274,263,-1,263,274,275,-1,263,275,276,-1,277,278,279,-1,279,278,280,-1,279,280,281,-1,273,282,266,-1,266,282,283,-1,266,283,267,-1,276,284,263,-1,263,284,285,-1,263,285,264,-1,272,266,279,-1,279,266,286,-1,279,286,277,-1,287,288,289,-1,287,289,40,-1,40,289,290,-1,40,290,41,-1,291,292,293,-1,293,292,294,-1,293,294,295,-1,296,297,41,-1,41,297,298,-1,295,299,293,-1,293,299,300,-1,293,300,301,-1,301,302,293,-1,293,302,303,-1,293,303,41,-1,41,303,304,-1,41,304,296,-1,298,305,41,-1,41,305,306,-1,41,306,39,-1,307,41,308,-1,308,41,290,-1,308,290,309,-1,309,290,310,-1,309,310,311,-1,311,310,312,-1,311,312,313,-1,307,314,41,-1,41,314,315,-1,41,315,293,-1,293,315,316,-1,293,316,317,-1,317,316,318,-1,317,318,319,-1,319,318,320,-1,319,320,313,-1,313,320,321,-1,313,321,311,-1,322,323,324,-1,323,325,324,-1,324,325,326,-1,324,326,327,-1,328,329,330,-1,330,329,331,-1,330,331,324,-1,324,331,332,-1,324,332,322,-1,333,30,334,-1,334,30,335,-1,334,335,336,-1,337,338,339,-1,340,341,342,-1,342,341,343,-1,342,343,344,-1,345,346,347,-1,347,346,348,-1,347,348,349,-1,350,351,345,-1,345,351,352,-1,352,353,345,-1,345,353,354,-1,345,354,346,-1,28,355,29,-1,29,355,356,-1,29,356,350,-1,357,358,359,-1,360,359,27,-1,359,360,357,-1,357,360,361,-1,357,361,362,-1,363,364,360,-1,360,364,365,-1,360,365,361,-1,72,71,366,-1,366,71,367,-1,366,367,46,-1,46,367,368,-1,46,368,47,-1,47,368,369,-1,47,369,370,-1,370,369,371,-1,370,371,372,-1,372,371,373,-1,372,373,374,-1,374,373,375,-1,374,375,363,-1,363,375,376,-1,363,376,364,-1,25,367,26,-1,26,367,71,-1,26,71,68,-1,68,71,76,-1,68,76,77,-1,67,66,26,-1,26,66,377,-1,26,377,24,-1,63,56,64,-1,64,56,58,-1,64,58,378,-1,378,312,379,-1,379,312,310,-1,379,310,380,-1,380,310,290,-1,380,290,381,-1,381,290,289,-1,381,289,382,-1,382,289,383,-1,382,383,384,-1,384,383,385,-1,384,385,386,-1,386,385,387,-1,386,387,388,-1,388,387,389,-1,388,389,390,-1,390,389,391,-1,390,391,392,-1,392,391,393,-1,392,393,23,-1,23,393,394,-1,23,394,21,-1,394,395,21,-1,21,395,396,-1,21,396,397,-1,398,399,400,-1,400,399,401,-1,401,399,402,-1,401,402,403,-1,403,402,404,-1,403,404,405,-1,405,404,406,-1,405,406,407,-1,327,36,324,-1,324,36,38,-1,324,38,408,-1,408,38,409,-1,410,328,406,-1,406,328,330,-1,406,330,407,-1,407,330,324,-1,407,324,411,-1,411,324,408,-1,411,408,412,-1,413,414,415,-1,416,417,339,-1,418,419,415,-1,415,419,420,-1,415,420,413,-1,414,413,338,-1,338,413,421,-1,338,421,339,-1,339,421,422,-1,339,422,416,-1,423,424,425,-1,425,424,426,-1,423,425,427,-1,427,425,428,-1,427,428,429,-1,429,428,430,-1,429,430,431,-1,432,433,431,-1,431,433,434,-1,431,434,429,-1,435,436,437,-1,436,435,438,-1,438,435,83,-1,438,83,439,-1,439,83,427,-1,439,427,440,-1,440,427,429,-1,440,429,441,-1,441,429,434,-1,441,434,437,-1,437,434,442,-1,437,442,435,-1,85,443,444,-1,444,443,445,-1,85,444,93,-1,93,444,446,-1,93,446,447,-1,447,446,448,-1,447,448,449,-1,450,451,449,-1,449,451,452,-1,449,452,447,-1,453,454,455,-1,32,31,455,-1,455,31,456,-1,455,456,453,-1,457,333,458,-1,458,333,334,-1,458,334,459,-1,459,334,460,-1,459,460,461,-1,461,460,462,-1,461,462,463,-1,463,462,454,-1,463,454,464,-1,464,454,453,-1,464,453,465,-1,465,453,457,-1,465,457,458,-1,466,467,468,-1,469,470,468,-1,468,470,471,-1,468,471,466,-1,472,473,474,-1,474,473,475,-1,474,475,476,-1,476,475,477,-1,478,479,480,-1,480,479,470,-1,480,470,477,-1,477,470,469,-1,477,469,476,-1,481,482,483,-1,483,482,484,-1,483,484,475,-1,475,484,485,-1,475,485,477,-1,477,485,486,-1,477,486,480,-1,487,488,489,-1,489,488,490,-1,491,492,493,-1,493,492,494,-1,493,494,495,-1,495,494,496,-1,495,496,497,-1,417,498,339,-1,339,498,499,-1,339,499,337,-1,500,338,501,-1,501,338,337,-1,501,337,344,-1,344,337,502,-1,344,502,342,-1,342,502,503,-1,342,503,340,-1,340,503,504,-1,424,505,506,-1,505,424,507,-1,507,424,423,-1,507,423,508,-1,508,423,418,-1,508,418,509,-1,509,418,415,-1,509,415,510,-1,510,415,414,-1,510,414,506,-1,506,414,433,-1,506,433,424,-1,424,433,432,-1,424,432,426,-1,443,511,512,-1,511,443,513,-1,513,443,85,-1,513,85,514,-1,514,85,83,-1,514,83,515,-1,515,83,435,-1,515,435,516,-1,516,435,442,-1,516,442,512,-1,512,442,451,-1,512,451,443,-1,443,451,450,-1,443,450,445,-1,517,518,519,-1,519,518,520,-1,521,215,222,-1,222,215,214,-1,222,214,223,-1,522,523,524,-1,524,523,525,-1,524,525,526,-1,527,2,528,-1,528,2,1,-1,528,1,529,-1,529,1,479,-1,529,479,481,-1,481,479,478,-1,481,478,482,-1,530,531,483,-1,483,531,532,-1,483,532,481,-1,481,532,533,-1,481,533,529,-1,32,534,535,-1,30,32,335,-1,335,32,535,-1,335,535,471,-1,471,535,536,-1,471,536,466,-1,466,536,537,-1,466,537,538,-1,534,32,539,-1,539,32,455,-1,539,455,538,-1,538,455,473,-1,538,473,466,-1,466,473,472,-1,466,472,467,-1,540,541,224,-1,540,224,542,-1,44,543,544,-1,544,545,44,-1,44,545,546,-1,44,546,547,-1,541,548,224,-1,224,548,549,-1,224,549,44,-1,44,549,550,-1,44,550,543,-1,551,552,553,-1,553,554,551,-1,551,554,555,-1,551,555,224,-1,224,555,556,-1,224,556,542,-1,557,558,236,-1,236,558,559,-1,236,559,238,-1,238,559,560,-1,238,560,552,-1,552,560,561,-1,552,561,553,-1,546,562,547,-1,547,562,563,-1,547,563,557,-1,557,563,564,-1,557,564,558,-1,565,566,567,-1,568,569,570,-1,571,572,573,-1,568,570,574,-1,571,573,570,-1,570,573,575,-1,570,575,574,-1,569,565,570,-1,570,565,567,-1,570,567,576,-1,576,567,577,-1,576,577,578,-1,578,577,579,-1,578,579,580,-1,581,582,583,-1,583,582,584,-1,583,584,585,-1,586,587,588,-1,566,589,567,-1,567,589,590,-1,567,590,588,-1,588,590,591,-1,588,591,586,-1,587,592,588,-1,588,592,593,-1,588,593,594,-1,594,593,595,-1,594,595,596,-1,597,598,585,-1,585,598,594,-1,585,594,583,-1,583,594,596,-1,597,599,598,-1,598,599,600,-1,598,600,601,-1,601,602,598,-1,598,602,603,-1,598,603,579,-1,579,603,604,-1,579,604,580,-1,605,606,607,-1,607,606,608,-1,607,608,609,-1,607,610,605,-1,605,610,611,-1,605,611,612,-1,612,613,605,-1,605,613,614,-1,605,614,615,-1,615,614,616,-1,615,616,617,-1,617,616,618,-1,617,618,583,-1,583,618,619,-1,583,619,581,-1,620,621,609,-1,609,621,622,-1,609,622,607,-1,623,624,572,-1,572,624,625,-1,572,625,573,-1,623,626,624,-1,624,626,627,-1,624,627,628,-1,628,627,629,-1,628,630,631,-1,629,632,628,-1,628,632,633,-1,628,633,634,-1,634,635,628,-1,628,635,636,-1,628,636,630,-1,631,637,628,-1,628,637,638,-1,628,638,639,-1,640,641,491,-1,642,643,644,-1,645,646,647,-1,640,648,641,-1,641,648,649,-1,641,649,650,-1,651,652,643,-1,643,652,653,-1,643,653,644,-1,646,594,654,-1,644,647,642,-1,642,647,646,-1,642,646,655,-1,655,646,654,-1,650,656,641,-1,641,656,657,-1,641,657,658,-1,659,660,8,-1,658,661,641,-1,641,661,662,-1,641,662,598,-1,8,654,659,-1,659,654,594,-1,659,594,663,-1,663,594,598,-1,663,598,664,-1,664,598,662,-1,665,666,667,-1,667,666,668,-1,667,668,660,-1,660,668,669,-1,660,669,8,-1,8,669,670,-1,8,670,6,-1,671,672,673,-1,674,675,676,-1,676,675,677,-1,676,677,678,-1,671,679,680,-1,680,679,681,-1,682,683,227,-1,677,672,678,-1,678,672,671,-1,678,671,684,-1,684,671,680,-1,684,680,685,-1,497,686,687,-1,688,681,231,-1,231,681,679,-1,231,679,227,-1,227,679,689,-1,227,689,682,-1,497,690,691,-1,683,692,227,-1,227,692,693,-1,227,693,694,-1,691,695,497,-1,497,695,696,-1,497,696,686,-1,694,697,227,-1,227,697,698,-1,227,698,497,-1,497,698,699,-1,497,699,690,-1,680,700,685,-1,685,700,701,-1,685,701,702,-1,687,671,497,-1,497,671,673,-1,497,673,495,-1,495,673,703,-1,495,703,493,-1,688,231,704,-1,704,231,705,-1,704,705,706,-1,707,708,709,-1,709,708,530,-1,709,530,710,-1,710,530,483,-1,710,483,711,-1,708,712,530,-1,530,712,713,-1,530,713,497,-1,497,713,3,-1,497,3,227,-1,227,3,5,-1,454,33,455,-1,455,33,35,-1,455,35,473,-1,473,35,714,-1,473,714,475,-1,475,714,715,-1,475,715,483,-1,483,715,716,-1,483,716,711,-1,711,716,5,-1,711,5,717,-1,717,5,4,-1,2,489,0,-1,0,489,490,-1,0,490,718,-1,718,490,719,-1,718,719,720,-1,720,719,721,-1,720,721,722,-1,527,531,2,-1,2,531,530,-1,2,530,489,-1,489,530,497,-1,489,497,487,-1,487,497,496,-1,34,410,35,-1,35,410,406,-1,35,406,714,-1,714,406,404,-1,714,404,715,-1,715,404,402,-1,715,402,716,-1,716,402,399,-1,716,399,5,-1,5,399,398,-1,5,398,227,-1,227,398,723,-1,227,723,225,-1,225,723,724,-1,400,18,398,-1,398,18,20,-1,398,20,723,-1,723,20,725,-1,723,725,724,-1,724,725,224,-1,724,224,726,-1,726,224,43,-1,703,706,493,-1,493,706,705,-1,493,705,491,-1,491,705,645,-1,491,645,640,-1,640,645,647,-1,721,15,722,-1,722,15,17,-1,722,17,727,-1,727,17,728,-1,727,728,729,-1,729,728,730,-1,729,730,731,-1,731,730,732,-1,731,732,522,-1,522,732,14,-1,522,14,523,-1,523,14,13,-1,16,492,17,-1,17,492,491,-1,17,491,728,-1,728,491,641,-1,728,641,730,-1,730,641,598,-1,730,598,732,-1,732,598,579,-1,732,579,14,-1,14,579,577,-1,14,577,12,-1,12,577,733,-1,229,42,231,-1,231,42,44,-1,231,44,705,-1,705,44,547,-1,705,547,645,-1,645,547,557,-1,645,557,646,-1,646,557,236,-1,646,236,594,-1,594,236,250,-1,594,250,588,-1,588,250,734,-1,588,734,567,-1,567,734,262,-1,567,262,735,-1,735,262,261,-1,249,736,250,-1,250,736,256,-1,250,256,734,-1,734,256,255,-1,734,255,262,-1,262,255,257,-1,262,257,263,-1,263,257,259,-1,19,396,20,-1,20,396,395,-1,20,395,725,-1,725,395,394,-1,725,394,224,-1,224,394,393,-1,224,393,551,-1,551,393,391,-1,551,391,552,-1,552,391,389,-1,552,389,238,-1,238,389,387,-1,238,387,242,-1,242,387,385,-1,242,385,255,-1,255,385,383,-1,255,383,257,-1,257,383,289,-1,257,289,258,-1,258,289,288,-1,737,738,567,-1,739,740,215,-1,741,742,216,-1,737,567,743,-1,738,744,567,-1,567,744,745,-1,567,745,746,-1,746,747,567,-1,567,747,739,-1,567,739,577,-1,577,739,215,-1,577,215,733,-1,733,215,521,-1,742,748,216,-1,216,748,749,-1,216,749,567,-1,567,749,750,-1,567,750,743,-1,751,752,741,-1,741,752,753,-1,741,753,754,-1,754,753,755,-1,756,757,755,-1,755,757,758,-1,755,758,754,-1,759,760,215,-1,215,760,761,-1,215,761,762,-1,762,763,215,-1,215,763,764,-1,215,764,216,-1,216,764,765,-1,216,765,741,-1,741,765,766,-1,741,766,751,-1,767,768,755,-1,755,768,769,-1,755,769,770,-1,740,771,772,-1,773,774,215,-1,215,774,775,-1,215,775,759,-1,772,776,740,-1,740,776,777,-1,740,777,215,-1,215,777,778,-1,215,778,773,-1,770,779,755,-1,755,779,780,-1,755,780,756,-1,525,9,526,-1,526,9,11,-1,526,11,781,-1,781,11,782,-1,781,782,783,-1,735,784,567,-1,567,784,291,-1,567,291,216,-1,216,291,293,-1,216,293,219,-1,219,293,317,-1,219,317,200,-1,200,317,319,-1,200,319,198,-1,782,519,783,-1,783,519,520,-1,783,520,452,-1,452,520,785,-1,452,785,447,-1,447,785,786,-1,447,786,93,-1,93,786,787,-1,93,787,113,-1,10,521,11,-1,11,521,222,-1,11,222,782,-1,782,222,221,-1,782,221,519,-1,519,221,113,-1,519,113,517,-1,517,113,787,-1,378,58,312,-1,312,58,50,-1,312,50,313,-1,313,50,49,-1,313,49,319,-1,319,49,788,-1,319,788,198,-1,82,87,83,-1,83,87,89,-1,83,89,427,-1,427,89,789,-1,427,789,423,-1,423,789,790,-1,423,790,418,-1,418,790,791,-1,91,81,89,-1,89,81,47,-1,89,47,789,-1,789,47,370,-1,789,370,790,-1,790,370,372,-1,790,372,791,-1,791,372,374,-1,27,29,360,-1,360,29,792,-1,360,792,363,-1,363,792,793,-1,363,793,374,-1,374,793,794,-1,374,794,791,-1,791,794,417,-1,791,417,418,-1,418,417,416,-1,418,416,419,-1,350,345,29,-1,29,345,347,-1,29,347,792,-1,792,347,349,-1,792,349,793,-1,793,349,795,-1,793,795,794,-1,794,795,340,-1,794,340,417,-1,417,340,504,-1,417,504,498,-1,348,796,349,-1,349,796,797,-1,349,797,795,-1,795,797,798,-1,795,798,340,-1,340,798,799,-1,340,799,341,-1,800,801,802,-1,802,803,800,-1,800,803,804,-1,800,804,805,-1,805,804,806,-1,805,806,807,-1,807,808,805,-1,805,808,809,-1,805,809,810,-1,810,809,811,-1,812,813,814,-1,815,816,817,-1,817,816,818,-1,817,818,819,-1,819,818,820,-1,819,820,821,-1,821,820,822,-1,822,820,823,-1,822,823,814,-1,814,823,824,-1,814,824,812,-1,825,826,827,-1,827,826,828,-1,827,828,829,-1,830,831,832,-1,832,831,833,-1,832,833,834,-1,834,833,835,-1,834,835,836,-1,836,835,825,-1,836,825,837,-1,837,825,827,-1,838,358,839,-1,839,358,357,-1,839,357,362,-1,840,841,842,-1,840,842,843,-1,841,844,842,-1,842,844,845,-1,842,845,846,-1,846,845,847,-1,846,847,848,-1,846,849,850,-1,850,849,851,-1,850,851,852,-1,852,851,843,-1,852,843,853,-1,853,843,842,-1,848,854,846,-1,846,854,855,-1,846,855,856,-1,856,857,846,-1,846,857,858,-1,846,858,849,-1,859,860,861,-1,861,860,862,-1,863,864,860,-1,860,864,865,-1,860,865,862,-1,866,867,868,-1,868,867,869,-1,868,869,860,-1,860,869,870,-1,860,870,863,-1,861,871,859,-1,859,871,872,-1,859,872,873,-1,873,872,874,-1,873,874,875,-1,875,874,876,-1,875,876,868,-1,868,876,877,-1,868,877,866,-1,859,878,860,-1,860,878,879,-1,880,881,882,-1,882,881,883,-1,884,885,886,-1,886,885,887,-1,842,888,853,-1,853,888,889,-1,890,891,892,-1,892,891,893,-1,890,892,894,-1,894,892,895,-1,896,894,895,-1,897,898,895,-1,895,898,899,-1,895,899,896,-1,896,899,900,-1,900,899,901,-1,900,901,902,-1,902,901,903,-1,902,903,904,-1,904,903,905,-1,906,904,905,-1,907,908,905,-1,905,908,909,-1,905,909,906,-1,910,911,909,-1,909,911,906,-1,911,910,912,-1,912,910,913,-1,914,915,916,-1,914,916,917,-1,917,916,918,-1,917,918,919,-1,919,918,920,-1,919,920,921,-1,921,920,922,-1,921,922,923,-1,923,922,924,-1,923,924,925,-1,925,924,926,-1,925,926,927,-1,927,926,912,-1,927,912,913,-1,915,914,928,-1,928,914,929,-1,930,813,812,-1,930,812,931,-1,931,812,824,-1,931,824,932,-1,932,824,823,-1,932,823,933,-1,933,823,820,-1,933,820,934,-1,934,820,818,-1,934,818,935,-1,935,818,816,-1,935,816,936,-1,936,816,815,-1,936,815,928,-1,937,829,828,-1,937,828,938,-1,938,828,826,-1,938,826,939,-1,939,826,825,-1,939,825,940,-1,940,825,835,-1,940,835,941,-1,941,835,833,-1,941,833,942,-1,942,833,831,-1,942,831,943,-1,943,831,830,-1,943,830,944,-1,937,945,946,-1,946,945,947,-1,891,948,893,-1,893,948,949,-1,948,950,949,-1,949,950,951,-1,949,951,952,-1,951,953,952,-1,952,953,954,-1,952,954,955,-1,954,956,955,-1,955,956,957,-1,955,957,958,-1,958,957,959,-1,958,959,960,-1,959,961,960,-1,960,961,962,-1,960,962,963,-1,946,947,964,-1,964,947,963,-1,964,963,965,-1,965,963,962,-1,966,967,801,-1,801,967,968,-1,801,968,802,-1,969,970,971,-1,971,970,972,-1,973,892,974,-1,974,892,893,-1,974,893,975,-1,975,893,949,-1,975,949,976,-1,976,949,952,-1,976,952,977,-1,977,952,955,-1,977,955,978,-1,978,955,958,-1,978,958,979,-1,980,981,982,-1,958,960,979,-1,979,960,963,-1,979,963,983,-1,983,963,947,-1,983,947,984,-1,984,947,945,-1,984,945,985,-1,985,945,986,-1,985,986,987,-1,982,988,980,-1,980,988,989,-1,980,989,990,-1,990,989,991,-1,990,991,992,-1,992,991,993,-1,992,993,994,-1,994,993,995,-1,994,995,996,-1,996,995,987,-1,996,987,997,-1,997,987,986,-1,897,895,973,-1,973,895,892,-1,998,898,897,-1,974,999,973,-1,973,999,1000,-1,1000,1001,1002,-1,908,907,1002,-1,1002,907,1003,-1,1002,1003,1000,-1,1000,1003,998,-1,1000,998,973,-1,973,998,897,-1,998,901,898,-1,898,901,899,-1,901,998,903,-1,903,998,1003,-1,907,905,1003,-1,1003,905,903,-1,908,1002,909,-1,909,1002,910,-1,910,1002,913,-1,913,1002,1001,-1,913,1001,927,-1,927,1001,1004,-1,927,1004,925,-1,925,1004,1005,-1,925,1005,923,-1,923,1005,1006,-1,923,1006,921,-1,921,1006,1007,-1,921,1007,919,-1,919,1007,1008,-1,919,1008,917,-1,917,1008,1009,-1,1010,1011,1012,-1,1012,1011,929,-1,1012,929,1009,-1,1009,929,914,-1,1009,914,917,-1,1013,1014,1015,-1,1015,1014,1016,-1,1015,1016,1017,-1,1017,1016,1018,-1,1017,1018,1019,-1,1019,1018,1020,-1,1019,1020,1021,-1,1021,1020,1022,-1,1021,1022,1023,-1,1023,1022,1024,-1,1023,1024,1010,-1,1010,1024,1025,-1,1010,1025,1011,-1,1016,930,931,-1,1016,931,1018,-1,1018,931,932,-1,1018,932,1020,-1,1020,932,933,-1,1020,933,1022,-1,1022,933,934,-1,1022,934,1024,-1,1024,934,935,-1,1024,935,1025,-1,1025,935,936,-1,1025,936,1011,-1,1011,936,928,-1,1011,928,929,-1,945,937,938,-1,945,938,986,-1,986,938,939,-1,986,939,997,-1,997,939,940,-1,997,940,996,-1,996,940,941,-1,996,941,994,-1,994,941,942,-1,994,942,992,-1,992,942,943,-1,992,943,990,-1,990,943,944,-1,990,944,980,-1,1026,1027,1028,-1,1028,1027,1029,-1,1030,1031,1027,-1,1027,1031,1029,-1,1032,1033,1030,-1,1030,1033,1031,-1,1034,930,1035,-1,1035,930,1016,-1,1035,1016,1014,-1,1034,1035,1036,-1,1036,1035,1037,-1,1038,1039,1037,-1,1037,1039,1040,-1,1037,1040,1036,-1,1036,1040,1041,-1,1042,1043,1040,-1,1040,1043,1041,-1,1044,1045,1046,-1,1047,1043,1046,-1,1046,1043,1042,-1,1046,1042,1044,-1,1047,1046,1048,-1,1048,1046,1049,-1,1050,1051,1049,-1,1049,1051,1052,-1,1049,1052,1048,-1,1048,1052,1053,-1,1054,1055,1052,-1,1052,1055,1053,-1,944,1055,980,-1,980,1055,1054,-1,980,1054,981,-1,1056,984,1057,-1,1057,984,985,-1,987,1058,985,-1,985,1058,1059,-1,985,1059,1057,-1,1060,1061,987,-1,987,1061,1062,-1,987,1062,1058,-1,987,995,1060,-1,1060,995,993,-1,1060,993,1063,-1,1063,993,991,-1,1063,991,1064,-1,989,988,1065,-1,1065,1066,989,-1,989,1066,1067,-1,989,1067,991,-1,991,1067,1068,-1,991,1068,1064,-1,983,984,1069,-1,1069,984,1056,-1,999,974,1070,-1,1070,974,975,-1,1070,975,1071,-1,1071,975,1072,-1,1072,975,976,-1,1072,976,1073,-1,1073,976,1074,-1,1074,976,977,-1,1074,977,1075,-1,1075,977,1076,-1,1076,977,978,-1,1076,978,1077,-1,979,983,1069,-1,1069,1078,979,-1,979,1078,1079,-1,979,1079,978,-1,978,1079,1080,-1,978,1080,1077,-1,1054,1052,981,-1,981,1052,1051,-1,981,1051,982,-1,982,1051,1081,-1,1013,1015,1082,-1,1081,1083,982,-1,982,1083,1084,-1,1085,1086,1087,-1,1087,1013,1085,-1,1085,1013,1082,-1,1085,1082,1084,-1,1084,1082,1065,-1,1084,1065,982,-1,982,1065,988,-1,1072,1073,1088,-1,1089,1090,1091,-1,1091,1090,1092,-1,1091,1092,1093,-1,1072,1088,1071,-1,1076,1094,1075,-1,1075,1094,1088,-1,1075,1088,1074,-1,1074,1088,1073,-1,1095,1096,999,-1,1093,1097,1091,-1,1091,1097,1098,-1,1091,1098,1099,-1,1096,1100,999,-1,999,1100,1101,-1,999,1101,1102,-1,1103,1104,1000,-1,1000,1104,1091,-1,1000,1091,1105,-1,1105,1091,1099,-1,1095,999,1088,-1,1088,999,1070,-1,1088,1070,1071,-1,1106,1107,1000,-1,1107,1108,1000,-1,1000,1108,1109,-1,1000,1109,1103,-1,1102,1110,999,-1,999,1110,1111,-1,999,1111,1000,-1,1000,1111,1112,-1,1000,1112,1106,-1,1113,1009,1114,-1,1114,1009,1008,-1,1114,1008,1115,-1,1115,1008,1116,-1,1116,1008,1007,-1,1116,1007,1117,-1,1006,1005,1097,-1,1097,1093,1006,-1,1006,1093,1092,-1,1006,1092,1007,-1,1007,1092,1090,-1,1007,1090,1117,-1,1004,1001,1000,-1,1000,1105,1004,-1,1004,1105,1099,-1,1004,1099,1005,-1,1005,1099,1098,-1,1005,1098,1097,-1,1013,1087,1038,-1,1037,1035,1038,-1,1038,1035,1014,-1,1038,1014,1013,-1,1113,1118,1009,-1,1009,1118,1012,-1,1082,1015,1119,-1,1119,1015,1017,-1,1119,1017,1120,-1,1120,1017,1121,-1,1121,1017,1019,-1,1121,1019,1122,-1,1122,1019,1123,-1,1123,1019,1021,-1,1123,1021,1124,-1,1124,1021,1125,-1,1125,1021,1023,-1,1125,1023,1126,-1,1010,1012,1118,-1,1118,1127,1010,-1,1010,1127,1128,-1,1010,1128,1023,-1,1023,1128,1129,-1,1023,1129,1126,-1,1086,1039,1087,-1,1087,1039,1038,-1,1039,1086,1085,-1,1085,1044,1039,-1,1039,1044,1042,-1,1039,1042,1040,-1,1084,1045,1085,-1,1085,1045,1044,-1,1084,1083,1050,-1,1045,1084,1046,-1,1046,1084,1050,-1,1046,1050,1049,-1,1081,1051,1083,-1,1083,1051,1050,-1,1130,1131,1082,-1,1131,1132,1082,-1,1082,1132,1133,-1,1082,1133,1134,-1,1121,1122,1135,-1,1134,1136,1082,-1,1082,1136,1137,-1,1082,1137,1065,-1,1137,1138,1065,-1,1065,1138,1139,-1,1065,1139,1140,-1,1140,1141,1065,-1,1065,1141,1142,-1,1065,1142,1143,-1,1121,1135,1120,-1,1125,1144,1124,-1,1124,1144,1135,-1,1124,1135,1123,-1,1123,1135,1122,-1,1145,1068,1067,-1,1146,1061,1145,-1,1145,1061,1060,-1,1143,1147,1065,-1,1065,1147,1145,-1,1065,1145,1066,-1,1066,1145,1067,-1,1130,1082,1135,-1,1135,1082,1119,-1,1135,1119,1120,-1,1060,1063,1145,-1,1145,1063,1064,-1,1145,1064,1068,-1,1148,1149,1150,-1,1150,1094,1076,-1,1076,1077,1150,-1,1150,1077,1080,-1,1150,1080,1079,-1,1059,1151,1057,-1,1057,1151,1056,-1,1061,1146,1062,-1,1062,1146,1151,-1,1062,1151,1058,-1,1058,1151,1059,-1,1151,1152,1056,-1,1056,1152,1153,-1,1056,1153,1069,-1,1153,1148,1069,-1,1069,1148,1150,-1,1069,1150,1078,-1,1078,1150,1079,-1,1089,1091,1154,-1,1154,1091,1155,-1,1156,1157,1158,-1,1158,1144,1125,-1,1125,1126,1158,-1,1158,1126,1129,-1,1158,1129,1128,-1,1154,1113,1114,-1,1154,1159,1113,-1,1113,1159,1160,-1,1113,1160,1118,-1,1160,1156,1118,-1,1118,1156,1158,-1,1118,1158,1127,-1,1127,1158,1128,-1,1114,1115,1154,-1,1154,1115,1116,-1,1154,1116,1089,-1,1089,1116,1117,-1,1089,1117,1090,-1,1150,1161,1094,-1,1094,1161,1088,-1,
        ]
    }
}
Shape{
    appearance Appearance {
        material  Material 	{
            diffuseColor 0.9686274509803922 0.8784313725490196 0.6
            specularColor 0.6784313725490196 0.615686274509804 0.4196078431372549
            ambientIntensity 0.8737
            transparency 0.0
            shininess 0.5
        }
    }
    geometry IndexedFaceSet {
        ccw TRUE
        solid FALSE
        coord DEF co Coordinate {
            point [
                -1.1289 -1.5556 0.4587, -1.0364 -1.5556 0.4587, -1.1358 -1.5162 0.4587, -1.0295 -1.5162 0.4587, -1.1358 -0.6654 0.4587, -1.0295 -0.6654 0.4587
            ]
        }
        coordIndex [
            0,1,2,-1,2,1,3,-1,2,3,4,-1,4,3,5,-1,
        ]
    }
}
Shape{
    appearance Appearance {
        material  Material 	{
            diffuseColor 0.2235294117647059 0.2235294117647059 0.2235294117647059
            specularColor 0.11372549019607843 0.11372549019607843 0.11372549019607843
            ambientIntensity 0.2235
            transparency 0.0
            shininess 0.5
        }
    }
    geometry IndexedFaceSet {
        ccw TRUE
        solid FALSE
        coord DEF co Coordinate {
            point [
                -0.5453 -0.6654 0.4587, -1.0295 -0.6654 0.4587, -0.5453 -0.6654 0.4488, -1.0295 -0.6654 0.4488
            ]
        }
        coordIndex [
            0,1,2,-1,2,1,3,-1,
        ]
    }
}
Shape{
    appearance Appearance {
        material  Material 	{
            diffuseColor 0.9686274509803922 0.8784313725490196 0.6
            specularColor 0.6784313725490196 0.615686274509804 0.4196078431372549
            ambientIntensity 0.8737
            transparency 0.0
            shininess 0.5
        }
    }
    geometry IndexedFaceSet {
        ccw TRUE
        solid FALSE
        coord DEF co Coordinate {
            point [
                -0.439 -0.6654 0.4587, -0.5453 -0.6654 0.4587, -0.439 -1.5162 0.4587, -0.5453 -1.5162 0.4587, -0.4459 -1.5556 0.4587, -0.5384 -1.5556 0.4587
            ]
        }
        coordIndex [
            0,1,2,-1,2,1,3,-1,2,3,4,-1,4,3,5,-1,
        ]
    }
}
Shape{
    appearance Appearance {
        material  Material 	{
            diffuseColor 0.2235294117647059 0.2235294117647059 0.2235294117647059
            specularColor 0.11372549019607843 0.11372549019607843 0.11372549019607843
            ambientIntensity 0.2235
            transparency 0.0
            shininess 0.5
        }
    }
    geometry IndexedFaceSet {
        ccw TRUE
        solid FALSE
        coord DEF co Coordinate {
            point [
                -0.3484 -0.6654 0.4587, -0.439 -0.6654 0.4587, -0.3484 -0.6654 0.4488, -0.439 -0.6654 0.4488
            ]
        }
        coordIndex [
            0,1,2,-1,2,1,3,-1,
        ]
    }
}
Shape{
    appearance Appearance {
        material  Material 	{
            diffuseColor 0.9686274509803922 0.8784313725490196 0.6
            specularColor 0.6784313725490196 0.615686274509804 0.4196078431372549
            ambientIntensity 0.8737
            transparency 0.0
            shininess 0.5
        }
    }
    geometry IndexedFaceSet {
        ccw TRUE
        solid FALSE
        coord DEF co Coordinate {
            point [
                -0.3415 -1.3587 0.4587, -0.249 -1.3587 0.4587, -0.3484 -1.3193 0.4587, -0.2421 -1.3193 0.4587, -0.3484 -0.6654 0.4587, -0.2421 -0.6654 0.4587
            ]
        }
        coordIndex [
            0,1,2,-1,2,1,3,-1,2,3,4,-1,4,3,5,-1,
        ]
    }
}
Shape{
    appearance Appearance {
        material  Material 	{
            diffuseColor 0.2235294117647059 0.2235294117647059 0.2235294117647059
            specularColor 0.11372549019607843 0.11372549019607843 0.11372549019607843
            ambientIntensity 0.2235
            transparency 0.0
            shininess 0.5
        }
    }
    geometry IndexedFaceSet {
        ccw TRUE
        solid FALSE
        coord DEF co Coordinate {
            point [
                -0.1516 -0.6654 0.4587, -0.2421 -0.6654 0.4587, -0.1516 -0.6654 0.4488, -0.2421 -0.6654 0.4488
            ]
        }
        coordIndex [
            0,1,2,-1,2,1,3,-1,
        ]
    }
}
Shape{
    appearance Appearance {
        material  Material 	{
            diffuseColor 0.9686274509803922 0.8784313725490196 0.6
            specularColor 0.6784313725490196 0.615686274509804 0.4196078431372549
            ambientIntensity 0.8737
            transparency 0.0
            shininess 0.5
        }
    }
    geometry IndexedFaceSet {
        ccw TRUE
        solid FALSE
        coord DEF co Coordinate {
            point [
                -0.1433 -1.3587 0.4587, -0.0535 -1.3587 0.4587, -0.1516 -1.3115 0.4587, -0.0453 -1.3115 0.4587, -0.1516 -0.6654 0.4587, -0.0453 -0.6654 0.4587
            ]
        }
        coordIndex [
            0,1,2,-1,2,1,3,-1,2,3,4,-1,4,3,5,-1,
        ]
    }
}
Shape{
    appearance Appearance {
        material  Material 	{
            diffuseColor 0.2235294117647059 0.2235294117647059 0.2235294117647059
            specularColor 0.11372549019607843 0.11372549019607843 0.11372549019607843
            ambientIntensity 0.2235
            transparency 0.0
            shininess 0.5
        }
    }
    geometry IndexedFaceSet {
        ccw TRUE
        solid FALSE
        coord DEF co Coordinate {
            point [
                0.0453 -0.6654 0.4587, -0.0453 -0.6654 0.4587, 0.0453 -0.6654 0.4488, -0.0453 -0.6654 0.4488
            ]
        }
        coordIndex [
            0,1,2,-1,2,1,3,-1,
        ]
    }
}
Shape{
    appearance Appearance {
        material  Material 	{
            diffuseColor 0.9686274509803922 0.8784313725490196 0.6
            specularColor 0.6784313725490196 0.615686274509804 0.4196078431372549
            ambientIntensity 0.8737
            transparency 0.0
            shininess 0.5
        }
    }
    geometry IndexedFaceSet {
        ccw TRUE
        solid FALSE
        coord DEF co Coordinate {
            point [
                0.1516 -0.6654 0.4587, 0.0453 -0.6654 0.4587, 0.1516 -1.3115 0.4587, 0.0453 -1.3115 0.4587, 0.1433 -1.3587 0.4587, 0.0535 -1.3587 0.4587
            ]
        }
        coordIndex [
            0,1,2,-1,2,1,3,-1,2,3,4,-1,4,3,5,-1,
        ]
    }
}
Shape{
    appearance Appearance {
        material  Material 	{
            diffuseColor 0.2235294117647059 0.2235294117647059 0.2235294117647059
            specularColor 0.11372549019607843 0.11372549019607843 0.11372549019607843
            ambientIntensity 0.2235
            transparency 0.0
            shininess 0.5
        }
    }
    geometry IndexedFaceSet {
        ccw TRUE
        solid FALSE
        coord DEF co Coordinate {
            point [
                0.2421 -0.6654 0.4587, 0.1516 -0.6654 0.4587, 0.2421 -0.6654 0.4488, 0.1516 -0.6654 0.4488
            ]
        }
        coordIndex [
            0,1,2,-1,2,1,3,-1,
        ]
    }
}
Shape{
    appearance Appearance {
        material  Material 	{
            diffuseColor 0.9686274509803922 0.8784313725490196 0.6
            specularColor 0.6784313725490196 0.615686274509804 0.4196078431372549
            ambientIntensity 0.8737
            transparency 0.0
            shininess 0.5
        }
    }
    geometry IndexedFaceSet {
        ccw TRUE
        solid FALSE
        coord DEF co Coordinate {
            point [
                0.3484 -0.6654 0.4587, 0.2421 -0.6654 0.4587, 0.3484 -1.3193 0.4587, 0.2421 -1.3193 0.4587, 0.3415 -1.3587 0.4587, 0.249 -1.3587 0.4587
            ]
        }
        coordIndex [
            0,1,2,-1,2,1,3,-1,2,3,4,-1,4,3,5,-1,
        ]
    }
}
Shape{
    appearance Appearance {
        material  Material 	{
            diffuseColor 0.2235294117647059 0.2235294117647059 0.2235294117647059
            specularColor 0.11372549019607843 0.11372549019607843 0.11372549019607843
            ambientIntensity 0.2235
            transparency 0.0
            shininess 0.5
        }
    }
    geometry IndexedFaceSet {
        ccw TRUE
        solid FALSE
        coord DEF co Coordinate {
            point [
                0.439 -0.6654 0.4587, 0.3484 -0.6654 0.4587, 0.439 -0.6654 0.4488, 0.3484 -0.6654 0.4488
            ]
        }
        coordIndex [
            0,1,2,-1,2,1,3,-1,
        ]
    }
}
Shape{
    appearance Appearance {
        material  Material 	{
            diffuseColor 0.9686274509803922 0.8784313725490196 0.6
            specularColor 0.6784313725490196 0.615686274509804 0.4196078431372549
            ambientIntensity 0.8737
            transparency 0.0
            shininess 0.5
        }
    }
    geometry IndexedFaceSet {
        ccw TRUE
        solid FALSE
        coord DEF co Coordinate {
            point [
                0.5453 -0.6654 0.4587, 0.439 -0.6654 0.4587, 0.5453 -1.5162 0.4587, 0.439 -1.5162 0.4587, 0.5384 -1.5556 0.4587, 0.4459 -1.5556 0.4587
            ]
        }
        coordIndex [
            0,1,2,-1,2,1,3,-1,2,3,4,-1,4,3,5,-1,
        ]
    }
}
Shape{
    appearance Appearance {
        material  Material 	{
            diffuseColor 0.2235294117647059 0.2235294117647059 0.2235294117647059
            specularColor 0.11372549019607843 0.11372549019607843 0.11372549019607843
            ambientIntensity 0.2235
            transparency 0.0
            shininess 0.5
        }
    }
    geometry IndexedFaceSet {
        ccw TRUE
        solid FALSE
        coord DEF co Coordinate {
            point [
                1.0295 -0.6654 0.4587, 0.5453 -0.6654 0.4587, 1.0295 -0.6654 0.4488, 0.5453 -0.6654 0.4488
            ]
        }
        coordIndex [
            0,1,2,-1,2,1,3,-1,
        ]
    }
}
Shape{
    appearance Appearance {
        material  Material 	{
            diffuseColor 0.9686274509803922 0.8784313725490196 0.6
            specularColor 0.6784313725490196 0.615686274509804 0.4196078431372549
            ambientIntensity 0.8737
            transparency 0.0
            shininess 0.5
        }
    }
    geometry IndexedFaceSet {
        ccw TRUE
        solid FALSE
        coord DEF co Coordinate {
            point [
                1.1358 -0.6654 0.4587, 1.0295 -0.6654 0.4587, 1.1358 -1.5162 0.4587, 1.0295 -1.5162 0.4587, 1.1289 -1.5556 0.4587, 1.0364 -1.5556 0.4587
            ]
        }
        coordIndex [
            0,1,2,-1,2,1,3,-1,2,3,4,-1,4,3,5,-1,
        ]
    }
}
Shape{
    appearance Appearance {
        material  Material 	{
            diffuseColor 0.2235294117647059 0.2235294117647059 0.2235294117647059
            specularColor 0.11372549019607843 0.11372549019607843 0.11372549019607843
            ambientIntensity 0.2235
            transparency 0.0
            shininess 0.5
        }
    }
    geometry IndexedFaceSet {
        ccw TRUE
        solid FALSE
        coord DEF co Coordinate {
            point [
                1.0295 -0.6654 0.1929, 0.5453 -0.6654 0.1929, 1.0295 -0.6654 0.1831, 0.5453 -0.6654 0.1831
            ]
        }
        coordIndex [
            0,1,2,-1,2,1,3,-1,
        ]
    }
}
Shape{
    appearance Appearance {
        material  Material 	{
            diffuseColor 0.9686274509803922 0.8784313725490196 0.6
            specularColor 0.6784313725490196 0.615686274509804 0.4196078431372549
            ambientIntensity 0.8737
            transparency 0.0
            shininess 0.5
        }
    }
    geometry IndexedFaceSet {
        ccw TRUE
        solid FALSE
        coord DEF co Coordinate {
            point [
                0.5384 -1.5556 0.1831, 0.4459 -1.5556 0.1831, 0.5453 -1.5162 0.1831, 0.439 -1.5162 0.1831, 0.5453 -0.6654 0.1831, 0.439 -0.6654 0.1831
            ]
        }
        coordIndex [
            0,1,2,-1,2,1,3,-1,2,3,4,-1,4,3,5,-1,
        ]
    }
}
Shape{
    appearance Appearance {
        material  Material 	{
            diffuseColor 0.2235294117647059 0.2235294117647059 0.2235294117647059
            specularColor 0.11372549019607843 0.11372549019607843 0.11372549019607843
            ambientIntensity 0.2235
            transparency 0.0
            shininess 0.5
        }
    }
    geometry IndexedFaceSet {
        ccw TRUE
        solid FALSE
        coord DEF co Coordinate {
            point [
                0.439 -0.6654 0.1929, 0.3484 -0.6654 0.1929, 0.439 -0.6654 0.1831, 0.3484 -0.6654 0.1831
            ]
        }
        coordIndex [
            0,1,2,-1,2,1,3,-1,
        ]
    }
}
Shape{
    appearance Appearance {
        material  Material 	{
            diffuseColor 0.9686274509803922 0.8784313725490196 0.6
            specularColor 0.6784313725490196 0.615686274509804 0.4196078431372549
            ambientIntensity 0.8737
            transparency 0.0
            shininess 0.5
        }
    }
    geometry IndexedFaceSet {
        ccw TRUE
        solid FALSE
        coord DEF co Coordinate {
            point [
                0.2421 -0.6654 0.1831, 0.3484 -0.6654 0.1831, 0.2421 -1.3193 0.1831, 0.3484 -1.3193 0.1831, 0.249 -1.3587 0.1831, 0.3415 -1.3587 0.1831
            ]
        }
        coordIndex [
            0,1,2,-1,2,1,3,-1,2,3,4,-1,4,3,5,-1,
        ]
    }
}
Shape{
    appearance Appearance {
        material  Material 	{
            diffuseColor 0.2235294117647059 0.2235294117647059 0.2235294117647059
            specularColor 0.11372549019607843 0.11372549019607843 0.11372549019607843
            ambientIntensity 0.2235
            transparency 0.0
            shininess 0.5
        }
    }
    geometry IndexedFaceSet {
        ccw TRUE
        solid FALSE
        coord DEF co Coordinate {
            point [
                0.2421 -0.6654 0.1929, 0.1516 -0.6654 0.1929, 0.2421 -0.6654 0.1831, 0.1516 -0.6654 0.1831
            ]
        }
        coordIndex [
            0,1,2,-1,2,1,3,-1,
        ]
    }
}
Shape{
    appearance Appearance {
        material  Material 	{
            diffuseColor 0.9686274509803922 0.8784313725490196 0.6
            specularColor 0.6784313725490196 0.615686274509804 0.4196078431372549
            ambientIntensity 0.8737
            transparency 0.0
            shininess 0.5
        }
    }
    geometry IndexedFaceSet {
        ccw TRUE
        solid FALSE
        coord DEF co Coordinate {
            point [
                0.0453 -0.6654 0.1831, 0.1516 -0.6654 0.1831, 0.0453 -1.3115 0.1831, 0.1516 -1.3115 0.1831, 0.0535 -1.3587 0.1831, 0.1433 -1.3587 0.1831
            ]
        }
        coordIndex [
            0,1,2,-1,2,1,3,-1,2,3,4,-1,4,3,5,-1,
        ]
    }
}
Shape{
    appearance Appearance {
        material  Material 	{
            diffuseColor 0.2235294117647059 0.2235294117647059 0.2235294117647059
            specularColor 0.11372549019607843 0.11372549019607843 0.11372549019607843
            ambientIntensity 0.2235
            transparency 0.0
            shininess 0.5
        }
    }
    geometry IndexedFaceSet {
        ccw TRUE
        solid FALSE
        coord DEF co Coordinate {
            point [
                0.0453 -0.6654 0.1929, -0.0453 -0.6654 0.1929, 0.0453 -0.6654 0.1831, -0.0453 -0.6654 0.1831
            ]
        }
        coordIndex [
            0,1,2,-1,2,1,3,-1,
        ]
    }
}
Shape{
    appearance Appearance {
        material  Material 	{
            diffuseColor 0.9686274509803922 0.8784313725490196 0.6
            specularColor 0.6784313725490196 0.615686274509804 0.4196078431372549
            ambientIntensity 0.8737
            transparency 0.0
            shininess 0.5
        }
    }
    geometry IndexedFaceSet {
        ccw TRUE
        solid FALSE
        coord DEF co Coordinate {
            point [
                -0.0535 -1.3587 0.1831, -0.1433 -1.3587 0.1831, -0.0453 -1.3115 0.1831, -0.1516 -1.3115 0.1831, -0.0453 -0.6654 0.1831, -0.1516 -0.6654 0.1831
            ]
        }
        coordIndex [
            0,1,2,-1,2,1,3,-1,2,3,4,-1,4,3,5,-1,
        ]
    }
}
Shape{
    appearance Appearance {
        material  Material 	{
            diffuseColor 0.2235294117647059 0.2235294117647059 0.2235294117647059
            specularColor 0.11372549019607843 0.11372549019607843 0.11372549019607843
            ambientIntensity 0.2235
            transparency 0.0
            shininess 0.5
        }
    }
    geometry IndexedFaceSet {
        ccw TRUE
        solid FALSE
        coord DEF co Coordinate {
            point [
                -0.2421 -0.6654 0.1831, -0.1516 -0.6654 0.1831, -0.2421 -0.6654 0.1929, -0.1516 -0.6654 0.1929
            ]
        }
        coordIndex [
            0,1,2,-1,2,1,3,-1,
        ]
    }
}
Shape{
    appearance Appearance {
        material  Material 	{
            diffuseColor 0.9686274509803922 0.8784313725490196 0.6
            specularColor 0.6784313725490196 0.615686274509804 0.4196078431372549
            ambientIntensity 0.8737
            transparency 0.0
            shininess 0.5
        }
    }
    geometry IndexedFaceSet {
        ccw TRUE
        solid FALSE
        coord DEF co Coordinate {
            point [
                -0.249 -1.3587 0.1831, -0.3415 -1.3587 0.1831, -0.2421 -1.3193 0.1831, -0.3484 -1.3193 0.1831, -0.2421 -0.6654 0.1831, -0.3484 -0.6654 0.1831
            ]
        }
        coordIndex [
            0,1,2,-1,2,1,3,-1,2,3,4,-1,4,3,5,-1,
        ]
    }
}
Shape{
    appearance Appearance {
        material  Material 	{
            diffuseColor 0.2235294117647059 0.2235294117647059 0.2235294117647059
            specularColor 0.11372549019607843 0.11372549019607843 0.11372549019607843
            ambientIntensity 0.2235
            transparency 0.0
            shininess 0.5
        }
    }
    geometry IndexedFaceSet {
        ccw TRUE
        solid FALSE
        coord DEF co Coordinate {
            point [
                -0.439 -0.6654 0.1831, -0.3484 -0.6654 0.1831, -0.439 -0.6654 0.1929, -0.3484 -0.6654 0.1929
            ]
        }
        coordIndex [
            0,1,2,-1,2,1,3,-1,
        ]
    }
}
Shape{
    appearance Appearance {
        material  Material 	{
            diffuseColor 0.9686274509803922 0.8784313725490196 0.6
            specularColor 0.6784313725490196 0.615686274509804 0.4196078431372549
            ambientIntensity 0.8737
            transparency 0.0
            shininess 0.5
        }
    }
    geometry IndexedFaceSet {
        ccw TRUE
        solid FALSE
        coord DEF co Coordinate {
            point [
                -0.4459 -1.5556 0.1831, -0.5384 -1.5556 0.1831, -0.439 -1.5162 0.1831, -0.5453 -1.5162 0.1831, -0.439 -0.6654 0.1831, -0.5453 -0.6654 0.1831
            ]
        }
        coordIndex [
            0,1,2,-1,2,1,3,-1,2,3,4,-1,4,3,5,-1,
        ]
    }
}
Shape{
    appearance Appearance {
        material  Material 	{
            diffuseColor 0.2235294117647059 0.2235294117647059 0.2235294117647059
            specularColor 0.11372549019607843 0.11372549019607843 0.11372549019607843
            ambientIntensity 0.2235
            transparency 0.0
            shininess 0.5
        }
    }
    geometry IndexedFaceSet {
        ccw TRUE
        solid FALSE
        coord DEF co Coordinate {
            point [
                -1.0295 -0.6654 0.1831, -0.5453 -0.6654 0.1831, -1.0295 -0.6654 0.1929, -0.5453 -0.6654 0.1929
            ]
        }
        coordIndex [
            0,1,2,-1,2,1,3,-1,
        ]
    }
}
Shape{
    appearance Appearance {
        material  Material 	{
            diffuseColor 0.9686274509803922 0.8784313725490196 0.6
            specularColor 0.6784313725490196 0.615686274509804 0.4196078431372549
            ambientIntensity 0.8737
            transparency 0.0
            shininess 0.5
        }
    }
    geometry IndexedFaceSet {
        ccw TRUE
        solid FALSE
        coord DEF co Coordinate {
            point [
                -1.1358 -0.6654 0.1831, -1.0295 -0.6654 0.1831, -1.1358 -1.5162 0.1831, -1.0295 -1.5162 0.1831, -1.1289 -1.5556 0.1831, -1.0364 -1.5556 0.1831
            ]
        }
        coordIndex [
            0,1,2,-1,2,1,3,-1,2,3,4,-1,4,3,5,-1,
        ]
    }
}
Shape{
    appearance Appearance {
        material  Material 	{
            diffuseColor 0.2235294117647059 0.2235294117647059 0.2235294117647059
            specularColor 0.11372549019607843 0.11372549019607843 0.11372549019607843
            ambientIntensity 0.2235
            transparency 0.0
            shininess 0.5
        }
    }
    geometry IndexedFaceSet {
        ccw TRUE
        solid FALSE
        coord DEF co Coordinate {
            point [
                -1.2677 -0.6654 0.1831, -1.1358 -0.6654 0.1831, -1.2677 -0.6654 0.1929, -1.1358 -0.6654 0.1929, 1.2677 -0.6654 0.1929, 1.1358 -0.6654 0.1929, 1.2677 -0.6654 0.1831, 1.1358 -0.6654 0.1831
            ]
        }
        coordIndex [
            0,1,2,-1,2,1,3,-1,4,5,6,-1,6,5,7,-1,
        ]
    }
}
Shape{
    appearance Appearance {
        material  Material 	{
            diffuseColor 0.9686274509803922 0.8784313725490196 0.6
            specularColor 0.6784313725490196 0.615686274509804 0.4196078431372549
            ambientIntensity 0.8737
            transparency 0.0
            shininess 0.5
        }
    }
    geometry IndexedFaceSet {
        ccw TRUE
        solid FALSE
        coord DEF co Coordinate {
            point [
                1.1289 -1.5556 0.1831, 1.0364 -1.5556 0.1831, 1.1358 -1.5162 0.1831, 1.0295 -1.5162 0.1831, 1.1358 -0.6654 0.1831, 1.0295 -0.6654 0.1831
            ]
        }
        coordIndex [
            0,1,2,-1,2,1,3,-1,2,3,4,-1,4,3,5,-1,
        ]
    }
}
Shape{
    appearance Appearance {
        material  Material 	{
            diffuseColor 0.8509803921568627 0.8509803921568627 0.8509803921568627
            specularColor 0.4235294117647059 0.4235294117647059 0.4235294117647059
            ambientIntensity 0.851
            transparency 0.0
            shininess 0.5
        }
    }
    geometry IndexedFaceSet {
        ccw TRUE
        solid FALSE
        coord DEF co Coordinate {
            point [
                -1.2185 -1.1967 0.3504, -1.2185 -0.7047 0.3504, -1.2185 -1.1967 0.2913, -1.2185 -0.7047 0.2913
            ]
        }
        coordIndex [
            0,1,2,-1,2,1,3,-1,
        ]
    }
}
Shape{
    appearance Appearance {
        material  Material 	{
            diffuseColor 0.2235294117647059 0.2235294117647059 0.2235294117647059
            specularColor 0.11372549019607843 0.11372549019607843 0.11372549019607843
            ambientIntensity 0.2235
            transparency 0.0
            shininess 0.5
        }
    }
    geometry IndexedFaceSet {
        ccw TRUE
        solid FALSE
        coord DEF co Coordinate {
            point [
                -1.2185 -0.7047 0.4488, -1.2185 -0.7047 0.3504, -1.2055 -0.7142 0.4488, -1.2055 -0.7142 0.3504, -1.1943 -0.7264 0.4488, -1.1943 -0.7264 0.3504, -1.186 -0.7407 0.4488, -1.186 -0.7407 0.3504, -1.1809 -0.7565 0.4488, -1.1809 -0.7565 0.3504, -1.1791 -0.7729 0.4488, -1.1791 -0.7729 0.3504, -1.2163 -1.7087 0.4488, 1.2163 -1.7087 0.4488, -1.0433 -1.6002 0.4488, 0.2421 -1.3193 0.4488, 0.2421 -0.6654 0.4488, 0.1516 -0.6654 0.4488, 0.1516 -1.3115 0.4488, 0.1378 -1.3902 0.4488, 0.2559 -1.3981 0.4488, 0.1378 -1.4034 0.4488, 0.2559 -1.4034 0.4488, -0.5453 -1.5162 0.4488, -0.5453 -0.6654 0.4488, -1.0295 -0.6654 0.4488, 0.439 -0.6654 0.4488, 0.3484 -0.6654 0.4488, 0.439 -1.5162 0.4488, 0.3484 -1.3193 0.4488, -1.1869 -1.2822 0.4488, -1.1963 -1.2971 0.4488, -1.1358 -1.5162 0.4488, -1.2088 -1.3096 0.4488, -1.122 -1.6002 0.4488, -1.122 -1.5949 0.4488, -0.3484 -0.6654 0.4488, -0.439 -0.6654 0.4488, -0.3484 -1.3193 0.4488, -0.439 -1.5162 0.4488, -0.3346 -1.3981 0.4488, -0.3346 -1.4034 0.4488, 0.3346 -1.3981 0.4488, 0.3346 -1.4034 0.4488, 0.4528 -1.5949 0.4488, -0.4528 -1.6002 0.4488, 0.0591 -1.4034 0.4488, -1.2776 -1.3268 0.4488, -1.2776 -1.4951 0.4488, -1.2579 -1.3268 0.4488, -1.2404 -1.3248 0.4488, -1.2237 -1.319 0.4488, -0.1516 -0.6654 0.4488, -0.2421 -0.6654 0.4488, -0.1516 -1.3115 0.4488, -0.2421 -1.3193 0.4488, -0.1378 -1.3902 0.4488, -0.2559 -1.3981 0.4488, -0.1378 -1.4034 0.4488, -0.2559 -1.4034 0.4488, -0.0591 -1.4034 0.4488, -0.0591 -1.3902 0.4488, 0.0591 -1.3902 0.4488, -0.0453 -1.3115 0.4488, 0.0453 -1.3115 0.4488, -0.0453 -0.6654 0.4488, 0.0453 -0.6654 0.4488, 1.2776 -1.3268 0.4488, 1.2579 -1.3268 0.4488, 1.2776 -1.4951 0.4488, 1.1358 -1.5162 0.4488, 1.1963 -1.2971 0.4488, 1.1869 -1.2822 0.4488, 0.4528 -1.6002 0.4488, 0.5315 -1.6002 0.4488, 1.0433 -1.6002 0.4488, 0.5315 -1.5949 0.4488, 1.0433 -1.5949 0.4488, 0.5453 -1.5162 0.4488, 1.0295 -1.5162 0.4488, 0.5453 -0.6654 0.4488, 1.0295 -0.6654 0.4488, -1.1358 -0.6654 0.4488, -1.0295 -1.5162 0.4488, -1.0433 -1.5949 0.4488, -0.5315 -1.5949 0.4488, -0.5315 -1.6002 0.4488, -0.4528 -1.5949 0.4488, 1.122 -1.5949 0.4488, 1.122 -1.6002 0.4488, 1.1809 -0.7565 0.4488, 1.186 -0.7407 0.4488, 1.1358 -0.6654 0.4488, 1.1943 -0.7264 0.4488, -1.1791 -1.248 0.4488, -1.1811 -1.2656 0.4488, 1.2404 -1.3248 0.4488, 1.2237 -1.319 0.4488, 1.2088 -1.3096 0.4488, -1.2677 -0.6654 0.4488, 1.2055 -0.7141 0.4488, 1.2185 -0.7047 0.4488, 1.2677 -0.6654 0.4488, 1.1811 -1.2656 0.4488, 1.1791 -1.248 0.4488, 1.1791 -0.7729 0.4488, 0.3484 -0.6654 0.1929, 0.439 -0.6654 0.1929, 0.3484 -1.3193 0.1929, 0.439 -1.5162 0.1929, 0.3346 -1.3981 0.1929, 0.3346 -1.4034 0.1929, -1.2022 -1.3037 0.1929, -1.1897 -1.2874 0.1929, -1.1358 -1.5162 0.1929, -1.122 -1.5949 0.1929, -1.122 -1.6002 0.1929, -1.2375 -1.3241 0.1929, 1.2088 -1.3096 0.1929, 1.1358 -1.5162 0.1929, 1.1963 -1.2971 0.1929, 1.1869 -1.2822 0.1929, -1.2579 -1.3268 0.1929, 0.1516 -0.6654 0.1929, 0.2421 -0.6654 0.1929, 0.1516 -1.3115 0.1929, 0.2421 -1.3193 0.1929, 0.1378 -1.3902 0.1929, 0.2559 -1.3981 0.1929, 0.1378 -1.4034 0.1929, 0.2559 -1.4034 0.1929, 0.4528 -1.5949 0.1929, 0.4528 -1.6002 0.1929, 1.2055 -0.7141 0.1929, 1.1358 -0.6654 0.1929, 1.2185 -0.7047 0.1929, 1.2677 -0.6654 0.1929, 1.1943 -0.7264 0.1929, 1.186 -0.7407 0.1929, 1.1809 -0.7565 0.1929, 1.0433 -1.6002 0.1929, 1.122 -1.6002 0.1929, 1.2163 -1.7087 0.1929, 1.122 -1.5949 0.1929, -1.2776 -1.4951 0.1929, -1.2776 -1.3268 0.1929, -0.439 -0.6654 0.1929, -0.3484 -0.6654 0.1929, -0.439 -1.5162 0.1929, -0.3484 -1.3193 0.1929, 1.2776 -1.3268 0.1929, 1.2776 -1.4951 0.1929, 1.2579 -1.3268 0.1929, 1.2404 -1.3248 0.1929, 1.2237 -1.319 0.1929, -1.2185 -1.3162 0.1929, -1.1809 -0.7565 0.1929, -1.186 -0.7407 0.1929, -1.1358 -0.6654 0.1929, -1.1943 -0.7264 0.1929, -1.2163 -1.7087 0.1929, -1.0433 -1.6002 0.1929, 0.5453 -1.5162 0.1929, 0.5453 -0.6654 0.1929, 1.0295 -0.6654 0.1929, -1.1818 -1.2684 0.1929, -1.1791 -1.248 0.1929, -1.1791 -0.7729 0.1929, -0.3346 -1.3981 0.1929, -0.3346 -1.4034 0.1929, -0.4528 -1.5949 0.1929, -0.2559 -1.4034 0.1929, -0.4528 -1.6002 0.1929, 0.5315 -1.6002 0.1929, 0.5315 -1.5949 0.1929, 1.0433 -1.5949 0.1929, 1.0295 -1.5162 0.1929, 1.1791 -0.7729 0.1929, 1.1791 -1.248 0.1929, 1.1811 -1.2656 0.1929, -1.2055 -0.7142 0.1929, -1.2185 -0.7047 0.1929, -1.2677 -0.6654 0.1929, -0.2421 -0.6654 0.1929, -0.1516 -0.6654 0.1929, -0.2421 -1.3193 0.1929, -0.1516 -1.3115 0.1929, -0.2559 -1.3981 0.1929, -0.1378 -1.3902 0.1929, -0.1378 -1.4034 0.1929, -0.0591 -1.4034 0.1929, -1.0295 -0.6654 0.1929, -0.5453 -0.6654 0.1929, -1.0295 -1.5162 0.1929, -0.5453 -1.5162 0.1929, -1.0433 -1.5949 0.1929, -0.5315 -1.5949 0.1929, -0.5315 -1.6002 0.1929, -0.0453 -0.6654 0.1929, 0.0453 -0.6654 0.1929, -0.0453 -1.3115 0.1929, 0.0453 -1.3115 0.1929, -0.0591 -1.3902 0.1929, 0.0591 -1.3902 0.1929, 0.0591 -1.4034 0.1929, -1.2185 -0.7047 0.2913, -1.2055 -0.7142 0.2913, -1.1943 -0.7264 0.2913, -1.186 -0.7407 0.2913, -1.1809 -0.7565 0.2913, -1.1791 -0.7729 0.2913
            ]
        }
        coordIndex [
            0,1,2,-1,2,1,3,-1,2,3,4,-1,4,3,5,-1,4,5,6,-1,6,5,7,-1,6,7,8,-1,8,7,9,-1,8,9,10,-1,10,9,11,-1,12,13,14,-1,15,16,17,-1,17,18,15,-1,15,18,19,-1,15,19,20,-1,20,19,21,-1,20,21,22,-1,23,24,25,-1,26,27,28,-1,28,27,29,-1,30,31,32,-1,32,31,33,-1,14,34,12,-1,12,34,35,-1,12,35,32,-1,36,37,38,-1,38,37,39,-1,38,39,40,-1,40,39,41,-1,29,42,28,-1,28,42,43,-1,28,43,44,-1,44,43,22,-1,44,22,45,-1,45,22,21,-1,45,21,46,-1,47,48,49,-1,49,48,12,-1,49,12,50,-1,50,12,32,-1,50,32,51,-1,51,32,33,-1,52,53,54,-1,54,53,55,-1,54,55,56,-1,56,55,57,-1,56,57,58,-1,57,59,58,-1,58,59,45,-1,58,45,60,-1,60,45,46,-1,60,46,61,-1,61,46,62,-1,61,62,63,-1,63,62,64,-1,63,64,65,-1,65,64,66,-1,67,68,69,-1,69,68,13,-1,70,71,72,-1,73,13,74,-1,74,13,75,-1,74,75,76,-1,76,75,77,-1,76,77,78,-1,78,77,79,-1,78,79,80,-1,80,79,81,-1,6,8,82,-1,25,83,23,-1,23,83,84,-1,23,84,85,-1,85,84,14,-1,85,14,86,-1,86,14,13,-1,86,13,45,-1,45,13,73,-1,45,73,44,-1,6,82,4,-1,41,39,59,-1,59,39,87,-1,59,87,45,-1,70,88,13,-1,13,88,89,-1,13,89,75,-1,90,91,92,-1,92,91,93,-1,8,10,82,-1,82,10,94,-1,82,94,32,-1,32,94,95,-1,32,95,30,-1,68,96,13,-1,13,96,97,-1,13,97,70,-1,70,97,98,-1,70,98,71,-1,99,0,82,-1,82,0,2,-1,82,2,4,-1,93,100,92,-1,92,100,101,-1,92,101,102,-1,72,103,70,-1,70,103,104,-1,70,104,92,-1,92,104,105,-1,92,105,90,-1,106,107,108,-1,108,107,109,-1,108,109,110,-1,110,109,111,-1,112,113,114,-1,115,116,117,-1,118,119,120,-1,120,119,121,-1,117,116,122,-1,123,124,125,-1,125,124,126,-1,125,126,127,-1,127,126,128,-1,127,128,129,-1,111,109,130,-1,130,109,131,-1,130,131,132,-1,133,134,135,-1,135,134,136,-1,133,137,134,-1,134,137,138,-1,134,138,139,-1,140,141,142,-1,142,141,143,-1,142,143,119,-1,144,145,122,-1,146,147,148,-1,148,147,149,-1,150,151,152,-1,152,151,142,-1,152,142,153,-1,153,142,119,-1,153,119,154,-1,154,119,118,-1,115,117,114,-1,114,117,155,-1,114,155,112,-1,156,157,158,-1,158,157,159,-1,144,122,160,-1,160,122,116,-1,160,116,161,-1,162,163,164,-1,113,165,114,-1,114,165,166,-1,114,166,158,-1,158,166,167,-1,158,167,156,-1,149,168,148,-1,148,168,169,-1,148,169,170,-1,170,169,171,-1,170,171,172,-1,142,173,140,-1,140,173,174,-1,140,174,175,-1,175,174,162,-1,175,162,176,-1,176,162,164,-1,139,177,134,-1,134,177,178,-1,134,178,119,-1,119,178,179,-1,119,179,121,-1,159,180,158,-1,158,180,181,-1,158,181,182,-1,183,184,185,-1,185,184,186,-1,185,186,187,-1,187,186,188,-1,187,188,171,-1,171,188,189,-1,171,189,172,-1,172,189,190,-1,172,190,132,-1,191,192,193,-1,193,192,194,-1,193,194,195,-1,195,194,196,-1,195,196,161,-1,161,196,197,-1,161,197,160,-1,160,197,172,-1,160,172,142,-1,142,172,132,-1,142,132,173,-1,198,199,200,-1,200,199,201,-1,200,201,202,-1,202,201,203,-1,202,203,190,-1,190,203,204,-1,190,204,132,-1,132,204,129,-1,132,129,130,-1,130,129,128,-1,205,181,206,-1,206,181,180,-1,206,180,207,-1,207,180,159,-1,207,159,208,-1,208,159,157,-1,208,157,209,-1,209,157,156,-1,209,156,210,-1,210,156,167,-1,
        ]
    }
}
Shape{
    appearance Appearance {
        material  Material 	{
            diffuseColor 0.9686274509803922 0.8784313725490196 0.6
            specularColor 0.6784313725490196 0.615686274509804 0.4196078431372549
            ambientIntensity 0.8737
            transparency 0.0
            shininess 0.5
        }
    }
    geometry IndexedFaceSet {
        ccw TRUE
        solid FALSE
        coord DEF co Coordinate {
            point [
                1.1358 -1.5162 0.4587, 1.1358 -1.5162 0.4488, 1.1358 -0.6654 0.4587, 1.1358 -0.6654 0.4488
            ]
        }
        coordIndex [
            0,1,2,-1,2,1,3,-1,
        ]
    }
}
Shape{
    appearance Appearance {
        material  Material 	{
            diffuseColor 0.8509803921568627 0.8509803921568627 0.8509803921568627
            specularColor 0.4235294117647059 0.4235294117647059 0.4235294117647059
            ambientIntensity 0.851
            transparency 0.0
            shininess 0.5
        }
    }
    geometry IndexedFaceSet {
        ccw TRUE
        solid FALSE
        coord DEF co Coordinate {
            point [
                1.2185 -1.1967 0.2913, 1.2185 -0.7047 0.2913, 1.2185 -1.1967 0.3504, 1.2185 -0.7047 0.3504
            ]
        }
        coordIndex [
            0,1,2,-1,2,1,3,-1,
        ]
    }
}
Shape{
    appearance Appearance {
        material  Material 	{
            diffuseColor 0.2235294117647059 0.2235294117647059 0.2235294117647059
            specularColor 0.11372549019607843 0.11372549019607843 0.11372549019607843
            ambientIntensity 0.2235
            transparency 0.0
            shininess 0.5
        }
    }
    geometry IndexedFaceSet {
        ccw TRUE
        solid FALSE
        coord DEF co Coordinate {
            point [
                1.2185 -0.7047 0.1929, 1.2185 -0.7047 0.2913, 1.2055 -0.7141 0.1929, 1.2055 -0.7141 0.2913, 1.1943 -0.7264 0.1929, 1.1943 -0.7264 0.2913, 1.186 -0.7407 0.1929, 1.186 -0.7407 0.2913, 1.1809 -0.7565 0.1929, 1.1809 -0.7565 0.2913, 1.1791 -0.7729 0.1929, 1.1791 -0.7729 0.2913, 1.2185 -0.7047 0.3504, 1.2185 -0.7047 0.4488, 1.2055 -0.7141 0.3504, 1.2055 -0.7141 0.4488, 1.1943 -0.7264 0.3504, 1.1943 -0.7264 0.4488, 1.186 -0.7407 0.3504, 1.186 -0.7407 0.4488, 1.1809 -0.7565 0.3504, 1.1809 -0.7565 0.4488, 1.1791 -0.7729 0.3504, 1.1791 -0.7729 0.4488
            ]
        }
        coordIndex [
            0,1,2,-1,2,1,3,-1,2,3,4,-1,4,3,5,-1,4,5,6,-1,6,5,7,-1,6,7,8,-1,8,7,9,-1,8,9,10,-1,10,9,11,-1,12,13,14,-1,14,13,15,-1,14,15,16,-1,16,15,17,-1,16,17,18,-1,18,17,19,-1,18,19,20,-1,20,19,21,-1,20,21,22,-1,22,21,23,-1,
        ]
    }
}
Shape{
    appearance Appearance {
        material  Material 	{
            diffuseColor 0.9686274509803922 0.8784313725490196 0.6
            specularColor 0.6784313725490196 0.615686274509804 0.4196078431372549
            ambientIntensity 0.8737
            transparency 0.0
            shininess 0.5
        }
    }
    geometry IndexedFaceSet {
        ccw TRUE
        solid FALSE
        coord DEF co Coordinate {
            point [
                -1.1358 -0.6654 0.4587, -1.1358 -0.6654 0.4488, -1.1358 -1.5162 0.4587, -1.1358 -1.5162 0.4488, -1.122 -1.5949 0.4488, -1.122 -1.5949 0.4511, -1.1249 -1.5784 0.456, -1.1254 -1.5756 0.4568, -1.1289 -1.5556 0.4587, -1.122 -1.6002 0.4488, -1.0433 -1.6002 0.4488, -1.0433 -1.5949 0.4511, -1.0404 -1.5784 0.4562, -1.1254 -1.5756 0.4568, -1.0364 -1.5556 0.4587, -1.0433 -1.5949 0.4488, -1.0295 -1.5162 0.4488, -1.0295 -1.5162 0.4587, -1.0295 -0.6654 0.4587, -1.0295 -0.6654 0.4488, -0.5453 -0.6654 0.4587, -0.5453 -0.6654 0.4488, -0.5453 -1.5162 0.4587, -0.5453 -1.5162 0.4488, -0.5315 -1.5949 0.4488, -0.5315 -1.5949 0.4511, -0.5344 -1.5784 0.456, -0.5349 -1.5756 0.4568, -0.5384 -1.5556 0.4587, -0.4459 -1.5556 0.4587, -0.5315 -1.6002 0.4488, -0.4528 -1.6002 0.4488, -0.4528 -1.5949 0.4511, -0.4499 -1.5784 0.456, -0.4494 -1.5756 0.4568, -0.439 -1.5162 0.4488, -0.439 -1.5162 0.4587, -0.4528 -1.5949 0.4488, -0.439 -0.6654 0.4587, -0.439 -0.6654 0.4488, -0.3484 -0.6654 0.4587, -0.3484 -0.6654 0.4488, -0.3484 -1.3193 0.4587, -0.3484 -1.3193 0.4488, -0.3346 -1.3981 0.4488, -0.3346 -1.3981 0.4511, -0.3375 -1.3815 0.456, -0.338 -1.3787 0.4568, -0.3415 -1.3587 0.4587, -0.3346 -1.4034 0.4488, -0.2559 -1.4034 0.4488, -0.2559 -1.3981 0.4511, -0.253 -1.3815 0.456, -0.2525 -1.3788 0.4568, -0.249 -1.3587 0.4587, -0.2421 -1.3193 0.4488, -0.2421 -1.3193 0.4587, -0.2559 -1.3981 0.4488, -0.2525 -1.3788 0.4568, -0.2421 -0.6654 0.4587, -0.2421 -0.6654 0.4488, -0.1516 -0.6654 0.4587, -0.1516 -0.6654 0.4488, -0.1516 -1.3115 0.4587, -0.1516 -1.3115 0.4488, -0.1378 -1.3902 0.4488, -0.1378 -1.3902 0.4539, -0.1393 -1.3815 0.4559, -0.1433 -1.3587 0.4587, -0.1405 -1.3746 0.4575, -0.0535 -1.3587 0.4587, -0.1378 -1.4034 0.4488, -0.0591 -1.4034 0.4488, -0.0591 -1.3902 0.4539, -0.0575 -1.3815 0.4559, -0.0563 -1.3746 0.4575, -0.0591 -1.3902 0.4488, -0.0453 -1.3115 0.4488, -0.0453 -1.3115 0.4587, -0.0563 -1.3746 0.4575, -0.0453 -0.6654 0.4587, -0.0453 -0.6654 0.4488, 0.0453 -0.6654 0.4587, 0.0453 -0.6654 0.4488, 0.0453 -1.3115 0.4587, 0.0453 -1.3115 0.4488, 0.0591 -1.3902 0.4488, 0.0591 -1.3902 0.4539, 0.0575 -1.3815 0.4559, 0.0535 -1.3587 0.4587, 0.0563 -1.3746 0.4575, 0.1393 -1.3815 0.4559, 0.0591 -1.4034 0.4488, 0.1378 -1.4034 0.4488, 0.1378 -1.3902 0.4539, 0.1433 -1.3587 0.4587, 0.1405 -1.3746 0.4575, 0.1378 -1.3902 0.4488, 0.1516 -1.3115 0.4488, 0.1516 -1.3115 0.4587, 0.1405 -1.3746 0.4575, 0.1516 -0.6654 0.4587, 0.1516 -0.6654 0.4488, 0.2421 -0.6654 0.4587, 0.2421 -0.6654 0.4488, 0.2421 -1.3193 0.4587, 0.2421 -1.3193 0.4488, 0.2559 -1.3981 0.4488, 0.2559 -1.3981 0.4511, 0.253 -1.3815 0.456, 0.2525 -1.3787 0.4568, 0.249 -1.3587 0.4587, 0.2559 -1.4034 0.4488, 0.3346 -1.4034 0.4488, 0.3346 -1.3981 0.4511, 0.3375 -1.3815 0.456, 0.338 -1.3788 0.4568, 0.3415 -1.3587 0.4587, 0.3484 -1.3193 0.4488, 0.3484 -1.3193 0.4587, 0.3346 -1.3981 0.4488, 0.338 -1.3788 0.4568, 0.3484 -0.6654 0.4587, 0.3484 -0.6654 0.4488, 0.439 -0.6654 0.4587, 0.439 -0.6654 0.4488, 0.439 -1.5162 0.4587, 0.439 -1.5162 0.4488, 0.4528 -1.5949 0.4488, 0.4528 -1.5949 0.4511, 0.4499 -1.5784 0.456, 0.4494 -1.5756 0.4568, 0.4459 -1.5556 0.4587, 0.5384 -1.5556 0.4587, 0.4528 -1.6002 0.4488, 0.5315 -1.6002 0.4488, 0.5315 -1.5949 0.4511, 0.5344 -1.5784 0.456, 0.5349 -1.5756 0.4568, 0.5453 -1.5162 0.4488, 0.5453 -1.5162 0.4587, 0.5315 -1.5949 0.4488, 0.5453 -0.6654 0.4587, 0.5453 -0.6654 0.4488, 1.0295 -0.6654 0.4587, 1.0295 -0.6654 0.4488, 1.0295 -1.5162 0.4587, 1.0295 -1.5162 0.4488, 1.0433 -1.5949 0.4488, 1.0433 -1.5949 0.4511, 1.0404 -1.5784 0.456, 1.0399 -1.5756 0.4568, 1.0364 -1.5556 0.4587, 1.0433 -1.6002 0.4488, 1.122 -1.6002 0.4488, 1.122 -1.5949 0.4511, 1.1249 -1.5784 0.4562, 1.0399 -1.5756 0.4568, 1.1289 -1.5556 0.4587, 1.122 -1.5949 0.4488, 1.1358 -1.5162 0.4488, 1.1358 -1.5162 0.4587, 1.0295 -1.5162 0.1831, 1.0295 -1.5162 0.1929, 1.0295 -0.6654 0.1831, 1.0295 -0.6654 0.1929, 0.5453 -0.6654 0.1831, 0.5453 -0.6654 0.1929, 0.5453 -1.5162 0.1831, 0.5453 -1.5162 0.1929, 0.5384 -1.5556 0.1831, 0.5315 -1.5949 0.1929, 0.5315 -1.5949 0.1906, 0.5344 -1.5784 0.1856, 0.5315 -1.6002 0.1929, 0.4528 -1.6002 0.1929, 0.4528 -1.5949 0.1906, 0.4499 -1.5784 0.1856, 0.4459 -1.5556 0.1831, 0.4528 -1.5949 0.1929, 0.439 -1.5162 0.1929, 0.439 -1.5162 0.1831, 0.439 -0.6654 0.1831, 0.439 -0.6654 0.1929, 0.3484 -0.6654 0.1831, 0.3484 -0.6654 0.1929, 0.3484 -1.3193 0.1831, 0.3484 -1.3193 0.1929, 0.3415 -1.3587 0.1831, 0.3346 -1.3981 0.1929, 0.3346 -1.3981 0.1906, 0.3375 -1.3816 0.1856, 0.3346 -1.4034 0.1929, 0.2559 -1.4034 0.1929, 0.2559 -1.3981 0.1906, 0.253 -1.3816 0.1856, 0.249 -1.3587 0.1831, 0.2559 -1.3981 0.1929, 0.2421 -1.3193 0.1929, 0.2421 -1.3193 0.1831, 0.2421 -0.6654 0.1831, 0.2421 -0.6654 0.1929, 0.1516 -0.6654 0.1831, 0.1516 -0.6654 0.1929, 0.1516 -1.3115 0.1831, 0.1516 -1.3115 0.1929, 0.1378 -1.3902 0.1878, 0.1393 -1.3816 0.1856, 0.1378 -1.3902 0.1929, 0.1433 -1.3587 0.1831, 0.1378 -1.4034 0.1929, 0.0591 -1.4034 0.1929, 0.0591 -1.3902 0.1878, 0.0575 -1.3816 0.1856, 0.0535 -1.3587 0.1831, 0.0591 -1.3902 0.1929, 0.0453 -1.3115 0.1929, 0.0453 -1.3115 0.1831, 0.0453 -0.6654 0.1831, 0.0453 -0.6654 0.1929, -0.0453 -0.6654 0.1831, -0.0453 -0.6654 0.1929, -0.0453 -1.3115 0.1831, -0.0453 -1.3115 0.1929, -0.0591 -1.3902 0.1878, -0.0575 -1.3816 0.1856, -0.0591 -1.3902 0.1929, -0.0535 -1.3587 0.1831, -0.0591 -1.4034 0.1929, -0.1378 -1.4034 0.1929, -0.1378 -1.3902 0.1878, -0.1393 -1.3816 0.1856, -0.1433 -1.3587 0.1831, -0.1378 -1.3902 0.1929, -0.1516 -1.3115 0.1929, -0.1516 -1.3115 0.1831, -0.1516 -0.6654 0.1831, -0.1516 -0.6654 0.1929, -0.2421 -0.6654 0.1831, -0.2421 -0.6654 0.1929, -0.2421 -1.3193 0.1831, -0.2421 -1.3193 0.1929, -0.249 -1.3587 0.1831, -0.2559 -1.3981 0.1929, -0.2559 -1.3981 0.1906, -0.253 -1.3816 0.1856, -0.2559 -1.4034 0.1929, -0.3346 -1.4034 0.1929, -0.3346 -1.3981 0.1906, -0.3375 -1.3816 0.1856, -0.3415 -1.3587 0.1831, -0.3346 -1.3981 0.1929, -0.3484 -1.3193 0.1929, -0.3484 -1.3193 0.1831, -0.3484 -0.6654 0.1831, -0.3484 -0.6654 0.1929, -0.439 -0.6654 0.1831, -0.439 -0.6654 0.1929, -0.439 -1.5162 0.1831, -0.439 -1.5162 0.1929, -0.4459 -1.5556 0.1831, -0.4528 -1.5949 0.1929, -0.4528 -1.5949 0.1906, -0.4499 -1.5784 0.1856, -0.4528 -1.6002 0.1929, -0.5315 -1.6002 0.1929, -0.5315 -1.5949 0.1906, -0.5344 -1.5784 0.1856, -0.5384 -1.5556 0.1831, -0.5315 -1.5949 0.1929, -0.5453 -1.5162 0.1929, -0.5453 -1.5162 0.1831, -0.5453 -0.6654 0.1831, -0.5453 -0.6654 0.1929, -1.0295 -0.6654 0.1831, -1.0295 -0.6654 0.1929, -1.0295 -1.5162 0.1831, -1.0295 -1.5162 0.1929, -1.0364 -1.5556 0.1831, -1.0433 -1.5949 0.1929, -1.0433 -1.5949 0.1906, -1.0404 -1.5784 0.1856, -1.0433 -1.6002 0.1929, -1.122 -1.6002 0.1929, -1.122 -1.5949 0.1906, -1.1249 -1.5784 0.1856, -1.1289 -1.5556 0.1831, -1.122 -1.5949 0.1929, -1.1358 -1.5162 0.1929, -1.1358 -1.5162 0.1831, -1.1358 -0.6654 0.1831, -1.1358 -0.6654 0.1929, 1.1358 -0.6654 0.1831, 1.1358 -0.6654 0.1929, 1.1358 -1.5162 0.1831, 1.1358 -1.5162 0.1929, 1.1289 -1.5556 0.1831, 1.122 -1.5949 0.1929, 1.122 -1.5949 0.1906, 1.1249 -1.5784 0.1856, 1.122 -1.6002 0.1929, 1.0433 -1.6002 0.1929, 1.0433 -1.5949 0.1906, 1.0404 -1.5784 0.1856, 1.0364 -1.5556 0.1831, 1.0433 -1.5949 0.1929
            ]
        }
        coordIndex [
            0,1,2,-1,2,1,3,-1,4,5,3,-1,3,5,6,-1,6,7,3,-1,3,7,8,-1,3,8,2,-1,9,10,5,-1,5,10,11,-1,5,11,6,-1,6,11,12,-1,6,12,13,-1,13,12,14,-1,13,14,8,-1,11,15,12,-1,12,15,16,-1,12,16,14,-1,14,16,17,-1,17,16,18,-1,18,16,19,-1,20,21,22,-1,22,21,23,-1,24,25,23,-1,23,25,26,-1,26,27,23,-1,23,27,28,-1,23,28,22,-1,29,28,27,-1,30,31,25,-1,25,31,32,-1,25,32,26,-1,26,32,33,-1,26,33,27,-1,27,33,34,-1,27,34,29,-1,35,36,29,-1,32,37,33,-1,33,37,35,-1,33,35,34,-1,34,35,29,-1,36,35,38,-1,38,35,39,-1,40,41,42,-1,42,41,43,-1,44,45,43,-1,43,45,46,-1,46,47,43,-1,43,47,48,-1,43,48,42,-1,49,50,45,-1,45,50,51,-1,45,51,46,-1,46,51,52,-1,46,52,47,-1,47,52,53,-1,47,53,48,-1,48,53,54,-1,55,56,54,-1,51,57,52,-1,52,57,55,-1,52,55,58,-1,58,55,54,-1,56,55,59,-1,59,55,60,-1,61,62,63,-1,63,62,64,-1,65,66,67,-1,63,64,68,-1,68,64,65,-1,68,65,69,-1,69,65,67,-1,70,68,69,-1,71,72,66,-1,66,72,73,-1,66,73,67,-1,67,73,74,-1,67,74,69,-1,69,74,75,-1,69,75,70,-1,74,73,76,-1,77,78,70,-1,77,70,76,-1,76,70,79,-1,76,79,74,-1,78,77,80,-1,80,77,81,-1,82,83,84,-1,84,83,85,-1,86,87,88,-1,84,85,89,-1,89,85,86,-1,89,86,90,-1,90,86,88,-1,91,88,87,-1,92,93,87,-1,87,93,94,-1,87,94,91,-1,95,89,90,-1,88,91,90,-1,90,91,96,-1,90,96,95,-1,91,94,97,-1,98,99,95,-1,98,95,97,-1,97,95,100,-1,97,100,91,-1,99,98,101,-1,101,98,102,-1,103,104,105,-1,105,104,106,-1,107,108,106,-1,106,108,109,-1,109,110,106,-1,106,110,111,-1,106,111,105,-1,112,113,108,-1,108,113,114,-1,108,114,109,-1,109,114,115,-1,109,115,110,-1,110,115,116,-1,110,116,111,-1,111,116,117,-1,118,119,117,-1,114,120,115,-1,115,120,118,-1,115,118,121,-1,121,118,117,-1,119,118,122,-1,122,118,123,-1,124,125,126,-1,126,125,127,-1,128,129,127,-1,127,129,130,-1,130,131,127,-1,127,131,132,-1,127,132,126,-1,133,132,131,-1,134,135,129,-1,129,135,136,-1,129,136,130,-1,130,136,137,-1,130,137,131,-1,131,137,138,-1,131,138,133,-1,139,140,133,-1,136,141,137,-1,137,141,139,-1,137,139,138,-1,138,139,133,-1,140,139,142,-1,142,139,143,-1,144,145,146,-1,146,145,147,-1,148,149,147,-1,147,149,150,-1,150,151,147,-1,147,151,152,-1,147,152,146,-1,153,154,149,-1,149,154,155,-1,149,155,150,-1,150,155,156,-1,150,156,157,-1,157,156,158,-1,157,158,152,-1,155,159,156,-1,156,159,160,-1,156,160,158,-1,158,160,161,-1,162,163,164,-1,164,163,165,-1,166,167,168,-1,168,167,169,-1,170,168,169,-1,171,172,169,-1,169,172,173,-1,169,173,170,-1,174,175,172,-1,172,175,176,-1,172,176,173,-1,176,177,173,-1,173,177,178,-1,173,178,170,-1,176,179,177,-1,177,179,180,-1,177,180,178,-1,178,180,181,-1,181,180,182,-1,182,180,183,-1,184,185,186,-1,186,185,187,-1,188,186,187,-1,189,190,187,-1,187,190,191,-1,187,191,188,-1,192,193,190,-1,190,193,194,-1,190,194,191,-1,194,195,191,-1,191,195,196,-1,191,196,188,-1,194,197,195,-1,195,197,198,-1,195,198,196,-1,196,198,199,-1,199,198,200,-1,200,198,201,-1,202,203,204,-1,204,203,205,-1,206,207,208,-1,208,207,209,-1,208,209,205,-1,205,209,204,-1,210,211,206,-1,206,211,212,-1,206,212,207,-1,212,213,207,-1,207,213,214,-1,207,214,209,-1,213,212,215,-1,213,215,214,-1,214,215,216,-1,214,216,217,-1,217,216,218,-1,218,216,219,-1,220,221,222,-1,222,221,223,-1,224,225,226,-1,226,225,227,-1,226,227,223,-1,223,227,222,-1,224,228,229,-1,229,230,224,-1,224,230,231,-1,224,231,225,-1,225,231,232,-1,225,232,227,-1,231,230,233,-1,231,233,232,-1,232,233,234,-1,232,234,235,-1,235,234,236,-1,236,234,237,-1,238,239,240,-1,240,239,241,-1,242,240,241,-1,243,244,241,-1,241,244,245,-1,241,245,242,-1,246,247,244,-1,244,247,248,-1,244,248,245,-1,248,249,245,-1,245,249,250,-1,245,250,242,-1,248,251,249,-1,249,251,252,-1,249,252,250,-1,250,252,253,-1,253,252,254,-1,254,252,255,-1,256,257,258,-1,258,257,259,-1,260,258,259,-1,261,262,259,-1,259,262,263,-1,259,263,260,-1,264,265,262,-1,262,265,266,-1,262,266,263,-1,266,267,263,-1,263,267,268,-1,263,268,260,-1,266,269,267,-1,267,269,270,-1,267,270,268,-1,268,270,271,-1,271,270,272,-1,272,270,273,-1,274,275,276,-1,276,275,277,-1,278,276,277,-1,279,280,277,-1,277,280,281,-1,277,281,278,-1,282,283,280,-1,280,283,284,-1,280,284,281,-1,284,285,281,-1,281,285,286,-1,281,286,278,-1,284,287,285,-1,285,287,288,-1,285,288,286,-1,286,288,289,-1,289,288,290,-1,290,288,291,-1,292,293,294,-1,294,293,295,-1,296,294,295,-1,297,298,295,-1,295,298,299,-1,295,299,296,-1,300,301,298,-1,298,301,302,-1,298,302,299,-1,302,303,299,-1,299,303,304,-1,299,304,296,-1,302,305,303,-1,303,305,163,-1,303,163,304,-1,304,163,162,-1,
        ]
    }
}
Shape{
    appearance Appearance {
        material  Material 	{
            diffuseColor 0.8509803921568627 0.8509803921568627 0.8509803921568627
            specularColor 0.4235294117647059 0.4235294117647059 0.4235294117647059
            ambientIntensity 0.851
            transparency 0.0
            shininess 0.5
        }
    }
    geometry IndexedFaceSet {
        ccw TRUE
        solid FALSE
        coord DEF co Coordinate {
            point [
                -1.2776 -1.4951 0.2913, -1.2265 -1.6733 0.2913, -1.2382 -1.6732 0.2913, -1.3148 -1.5591 0.2913, -1.3164 -1.5512 0.2913, -1.3169 -1.5433 0.2913, -1.2776 -1.3268 0.2913, -1.1791 -1.248 0.2913, -1.1818 -1.2684 0.2913, -1.2269 -1.2364 0.2913, -1.2393 -1.2572 0.2913, -1.2915 -1.6394 0.2913, -1.2951 -1.6299 0.2913, -1.2484 -1.6722 0.2913, -1.2199 -1.2132 0.2913, -1.2185 -1.1967 0.2913, -1.1791 -0.7729 0.2913, -1.2185 -0.7047 0.2913, -1.2055 -0.7142 0.2913, -1.3169 -1.2951 0.2913, -1.3004 -1.2937 0.2913, -1.2579 -1.3268 0.2913, -1.2772 -1.2867 0.2913, -1.2375 -1.3241 0.2913, -1.2564 -1.2743 0.2913, -1.1897 -1.2874 0.2913, -1.2022 -1.3037 0.2913, -1.2185 -1.3162 0.2913, -1.1943 -0.7264 0.2913, -1.186 -0.7407 0.2913, -1.1809 -0.7565 0.2913, -1.284 -1.6513 0.2913, -1.2618 -1.6682 0.2913, -1.2739 -1.6611 0.2913, -1.3169 -1.2951 0.3504, -1.3004 -1.2937 0.3504, -1.2772 -1.2867 0.3504, -1.2564 -1.2743 0.3504, -1.2393 -1.2572 0.3504, -1.2269 -1.2364 0.3504, -1.2199 -1.2132 0.3504, -1.2185 -1.1967 0.3504, -1.2382 -1.6732 0.3504, -1.2265 -1.6733 0.3504, -1.2776 -1.4951 0.3504, -1.3164 -1.5512 0.3504, -1.3148 -1.5591 0.3504, -1.2088 -1.3096 0.3504, -1.1963 -1.2971 0.3504, -1.1869 -1.2822 0.3504, -1.1811 -1.2656 0.3504, -1.1791 -1.248 0.3504, -1.2776 -1.3268 0.3504, -1.2579 -1.3268 0.3504, -1.2404 -1.3248 0.3504, -1.2237 -1.319 0.3504, -1.2951 -1.6299 0.3504, -1.2484 -1.6722 0.3504, -1.3169 -1.5433 0.3504, -1.2185 -0.7047 0.3504, -1.1791 -0.7729 0.3504, -1.2055 -0.7142 0.3504, -1.2915 -1.6394 0.3504, -1.284 -1.6513 0.3504, -1.2618 -1.6682 0.3504, -1.2739 -1.6611 0.3504, -1.1809 -0.7565 0.3504, -1.186 -0.7407 0.3504, -1.1943 -0.7264 0.3504
            ]
        }
        coordIndex [
            0,1,2,-1,3,4,0,-1,0,4,5,-1,0,5,6,-1,7,8,9,-1,9,8,10,-1,11,12,13,-1,9,14,7,-1,7,14,15,-1,7,15,16,-1,16,15,17,-1,16,17,18,-1,3,0,12,-1,12,0,2,-1,12,2,13,-1,5,19,6,-1,6,19,20,-1,6,20,21,-1,21,20,22,-1,21,22,23,-1,23,22,24,-1,8,25,10,-1,10,25,26,-1,10,26,24,-1,24,26,27,-1,24,27,23,-1,18,28,16,-1,16,28,29,-1,16,29,30,-1,11,13,31,-1,31,13,32,-1,31,32,33,-1,19,34,20,-1,20,34,35,-1,20,35,22,-1,22,35,36,-1,22,36,24,-1,24,36,37,-1,24,37,10,-1,10,37,38,-1,10,38,9,-1,9,38,39,-1,9,39,14,-1,14,39,40,-1,14,40,15,-1,15,40,41,-1,42,43,44,-1,45,46,44,-1,47,38,37,-1,47,48,38,-1,38,48,49,-1,38,49,39,-1,39,49,50,-1,39,50,40,-1,40,50,51,-1,40,51,41,-1,52,53,36,-1,36,53,54,-1,36,54,37,-1,37,54,55,-1,37,55,47,-1,44,46,42,-1,42,46,56,-1,42,56,57,-1,36,35,52,-1,52,35,34,-1,52,34,44,-1,44,34,58,-1,44,58,45,-1,41,51,59,-1,59,51,60,-1,59,60,61,-1,56,62,57,-1,57,62,63,-1,57,63,64,-1,64,63,65,-1,66,67,60,-1,60,67,68,-1,60,68,61,-1,
        ]
    }
}
Shape{
    appearance Appearance {
        material  Material 	{
            diffuseColor 0.2235294117647059 0.2235294117647059 0.2235294117647059
            specularColor 0.11372549019607843 0.11372549019607843 0.11372549019607843
            ambientIntensity 0.2235
            transparency 0.0
            shininess 0.5
        }
    }
    geometry IndexedFaceSet {
        ccw TRUE
        solid FALSE
        coord DEF co Coordinate {
            point [
                -1.1791 -1.248 0.4488, -1.1791 -0.7729 0.4488, -1.1791 -1.248 0.3504, -1.1791 -0.7729 0.3504, -1.2579 -1.3268 0.3504, -1.2579 -1.3268 0.4488, -1.2404 -1.3248 0.3504, -1.2404 -1.3248 0.4488, -1.2237 -1.319 0.3504, -1.2237 -1.319 0.4488, -1.2088 -1.3096 0.3504, -1.2088 -1.3096 0.4488, -1.1963 -1.2971 0.3504, -1.1963 -1.2971 0.4488, -1.1869 -1.2822 0.3504, -1.1869 -1.2822 0.4488, -1.1811 -1.2656 0.3504, -1.1811 -1.2656 0.4488, -1.2776 -1.3268 0.4488, -1.2776 -1.3268 0.3504, -1.2776 -1.4951 0.4488, -1.2776 -1.4951 0.3504, -1.2776 -1.4951 0.2913, -1.2776 -1.4951 0.1929, -1.2265 -1.6733 0.2913, -1.2163 -1.7087 0.1929, -1.1937 -1.7874 0.252, -1.1937 -1.7874 0.3898, -1.2265 -1.6733 0.3504, -1.2163 -1.7087 0.4488, 1.1937 -1.7874 0.3898, 1.2163 -1.7087 0.4488, 1.2776 -1.4951 0.3504, 1.2776 -1.4951 0.4488, 1.2265 -1.6733 0.3504, 1.1937 -1.7874 0.252, 1.2265 -1.6733 0.2913, 1.2163 -1.7087 0.1929, 1.2776 -1.4951 0.2913, 1.2776 -1.4951 0.1929, 1.2776 -1.3268 0.3504, 1.2776 -1.3268 0.4488, 1.2579 -1.3268 0.4488, 1.2579 -1.3268 0.3504, 1.1791 -1.248 0.3504, 1.1791 -1.248 0.4488, 1.1811 -1.2656 0.3504, 1.1811 -1.2656 0.4488, 1.1869 -1.2822 0.3504, 1.1869 -1.2822 0.4488, 1.1963 -1.2971 0.3504, 1.1963 -1.2971 0.4488, 1.2088 -1.3096 0.3504, 1.2088 -1.3096 0.4488, 1.2237 -1.319 0.3504, 1.2237 -1.319 0.4488, 1.2404 -1.3248 0.3504, 1.2404 -1.3248 0.4488, 1.1791 -0.7729 0.4488, 1.1791 -0.7729 0.3504
            ]
        }
        coordIndex [
            0,1,2,-1,2,1,3,-1,4,5,6,-1,6,5,7,-1,6,7,8,-1,8,7,9,-1,8,9,10,-1,10,9,11,-1,10,11,12,-1,12,11,13,-1,12,13,14,-1,14,13,15,-1,14,15,16,-1,16,15,17,-1,16,17,2,-1,2,17,0,-1,18,5,19,-1,19,5,4,-1,20,18,21,-1,21,18,19,-1,22,23,24,-1,24,23,25,-1,25,26,24,-1,24,26,27,-1,24,27,28,-1,28,27,29,-1,28,29,21,-1,21,29,20,-1,27,30,29,-1,29,30,31,-1,32,33,34,-1,34,33,31,-1,31,30,34,-1,34,30,35,-1,34,35,36,-1,36,35,37,-1,36,37,38,-1,38,37,39,-1,32,40,33,-1,33,40,41,-1,42,41,43,-1,43,41,40,-1,44,45,46,-1,46,45,47,-1,46,47,48,-1,48,47,49,-1,48,49,50,-1,50,49,51,-1,50,51,52,-1,52,51,53,-1,52,53,54,-1,54,53,55,-1,54,55,56,-1,56,55,57,-1,56,57,43,-1,43,57,42,-1,58,45,59,-1,59,45,44,-1,
        ]
    }
}
Shape{
    appearance Appearance {
        material  Material 	{
            diffuseColor 0.9686274509803922 0.8784313725490196 0.6
            specularColor 0.6784313725490196 0.615686274509804 0.4196078431372549
            ambientIntensity 0.8737
            transparency 0.0
            shininess 0.5
        }
    }
    geometry IndexedFaceSet {
        ccw TRUE
        solid FALSE
        coord DEF co Coordinate {
            point [
                1.122 -1.5949 0.4511, 1.122 -1.6002 0.4488, 1.122 -1.5949 0.4488, 1.0433 -1.5949 0.4511, 1.0433 -1.5949 0.4488, 1.0433 -1.6002 0.4488, 0.5315 -1.5949 0.4511, 0.5315 -1.6002 0.4488, 0.5315 -1.5949 0.4488, 0.4528 -1.5949 0.4511, 0.4528 -1.5949 0.4488, 0.4528 -1.6002 0.4488, 0.3346 -1.3981 0.4511, 0.3346 -1.4034 0.4488, 0.3346 -1.3981 0.4488, 0.2559 -1.3981 0.4511, 0.2559 -1.3981 0.4488, 0.2559 -1.4034 0.4488, 0.1378 -1.3902 0.4539, 0.1378 -1.4034 0.4488, 0.1378 -1.3902 0.4488, 0.0591 -1.3902 0.4539, 0.0591 -1.3902 0.4488, 0.0591 -1.4034 0.4488, -0.0591 -1.3902 0.4539, -0.0591 -1.4034 0.4488, -0.0591 -1.3902 0.4488, -0.1378 -1.3902 0.4539, -0.1378 -1.3902 0.4488, -0.1378 -1.4034 0.4488, -0.2559 -1.3981 0.4511, -0.2559 -1.4034 0.4488, -0.2559 -1.3981 0.4488, -0.3346 -1.3981 0.4511, -0.3346 -1.3981 0.4488, -0.3346 -1.4034 0.4488, -0.4528 -1.5949 0.4511, -0.4528 -1.6002 0.4488, -0.4528 -1.5949 0.4488, -0.5315 -1.5949 0.4511, -0.5315 -1.5949 0.4488, -0.5315 -1.6002 0.4488, -1.0433 -1.5949 0.4511, -1.0433 -1.6002 0.4488, -1.0433 -1.5949 0.4488, -1.122 -1.5949 0.4511, -1.122 -1.5949 0.4488, -1.122 -1.6002 0.4488, 1.0433 -1.5949 0.1906, 1.0433 -1.6002 0.1929, 1.0433 -1.5949 0.1929, 1.122 -1.5949 0.1906, 1.122 -1.5949 0.1929, 1.122 -1.6002 0.1929
            ]
        }
        coordIndex [
            0,1,2,-1,3,4,5,-1,6,7,8,-1,9,10,11,-1,12,13,14,-1,15,16,17,-1,18,19,20,-1,21,22,23,-1,24,25,26,-1,27,28,29,-1,30,31,32,-1,33,34,35,-1,36,37,38,-1,39,40,41,-1,42,43,44,-1,45,46,47,-1,48,49,50,-1,51,52,53,-1,
        ]
    }
}
Shape{
    appearance Appearance {
        material  Material 	{
            diffuseColor 0.2235294117647059 0.2235294117647059 0.2235294117647059
            specularColor 0.11372549019607843 0.11372549019607843 0.11372549019607843
            ambientIntensity 0.2235
            transparency 0.0
            shininess 0.5
        }
    }
    geometry IndexedFaceSet {
        ccw TRUE
        solid FALSE
        coord DEF co Coordinate {
            point [
                1.1791 -0.7729 0.2913, 1.1791 -1.248 0.2913, 1.1791 -0.7729 0.1929, 1.1791 -1.248 0.1929, 1.1811 -1.2656 0.1929, 1.1811 -1.2656 0.2913, 1.1869 -1.2822 0.1929, 1.1869 -1.2822 0.2913, 1.1963 -1.2971 0.1929, 1.1963 -1.2971 0.2913, 1.2088 -1.3096 0.1929, 1.2088 -1.3096 0.2913, 1.2237 -1.319 0.1929, 1.2237 -1.319 0.2913, 1.2404 -1.3248 0.1929, 1.2404 -1.3248 0.2913, 1.2579 -1.3268 0.1929, 1.2579 -1.3268 0.2913, 1.2776 -1.3268 0.2913, 1.2776 -1.3268 0.1929, 1.2776 -1.4951 0.1929, 1.2776 -1.4951 0.2913, -1.2163 -1.7087 0.1929, 1.2163 -1.7087 0.1929, -1.1937 -1.7874 0.252, 1.1937 -1.7874 0.252, -1.2776 -1.4951 0.2913, -1.2776 -1.3268 0.2913, -1.2776 -1.4951 0.1929, -1.2776 -1.3268 0.1929, -1.2579 -1.3268 0.2913, -1.2579 -1.3268 0.1929, -1.2375 -1.3241 0.1929, -1.2375 -1.3241 0.2913, -1.2185 -1.3162 0.1929, -1.2185 -1.3162 0.2913, -1.2022 -1.3037 0.1929, -1.2022 -1.3037 0.2913, -1.1897 -1.2874 0.1929, -1.1897 -1.2874 0.2913, -1.1818 -1.2684 0.1929, -1.1818 -1.2684 0.2913, -1.1791 -1.248 0.1929, -1.1791 -1.248 0.2913, -1.1791 -0.7729 0.2913, -1.1791 -0.7729 0.1929
            ]
        }
        coordIndex [
            0,1,2,-1,2,1,3,-1,3,1,4,-1,4,1,5,-1,4,5,6,-1,6,5,7,-1,6,7,8,-1,8,7,9,-1,8,9,10,-1,10,9,11,-1,10,11,12,-1,12,11,13,-1,12,13,14,-1,14,13,15,-1,14,15,16,-1,16,15,17,-1,17,18,16,-1,16,18,19,-1,20,19,21,-1,21,19,18,-1,22,23,24,-1,24,23,25,-1,26,27,28,-1,28,27,29,-1,27,30,29,-1,29,30,31,-1,31,30,32,-1,32,30,33,-1,32,33,34,-1,34,33,35,-1,34,35,36,-1,36,35,37,-1,36,37,38,-1,38,37,39,-1,38,39,40,-1,40,39,41,-1,40,41,42,-1,42,41,43,-1,43,44,42,-1,42,44,45,-1,
        ]
    }
}
Shape{
    appearance Appearance {
        material  Material 	{
            diffuseColor 0.9686274509803922 0.8784313725490196 0.6
            specularColor 0.6784313725490196 0.615686274509804 0.4196078431372549
            ambientIntensity 0.8737
            transparency 0.0
            shininess 0.5
        }
    }
    geometry IndexedFaceSet {
        ccw TRUE
        solid FALSE
        coord DEF co Coordinate {
            point [
                -1.122 -1.5949 0.1906, -1.122 -1.6002 0.1929, -1.122 -1.5949 0.1929, -1.0433 -1.5949 0.1906, -1.0433 -1.5949 0.1929, -1.0433 -1.6002 0.1929, -0.5315 -1.5949 0.1906, -0.5315 -1.6002 0.1929, -0.5315 -1.5949 0.1929, -0.4528 -1.5949 0.1906, -0.4528 -1.5949 0.1929, -0.4528 -1.6002 0.1929, -0.3346 -1.3981 0.1906, -0.3346 -1.4034 0.1929, -0.3346 -1.3981 0.1929, -0.2559 -1.3981 0.1906, -0.2559 -1.3981 0.1929, -0.2559 -1.4034 0.1929, -0.1378 -1.3902 0.1878, -0.1378 -1.4034 0.1929, -0.1378 -1.3902 0.1929, -0.0591 -1.3902 0.1878, -0.0591 -1.3902 0.1929, -0.0591 -1.4034 0.1929, 0.0591 -1.3902 0.1878, 0.0591 -1.4034 0.1929, 0.0591 -1.3902 0.1929, 0.1378 -1.3902 0.1878, 0.1378 -1.3902 0.1929, 0.1378 -1.4034 0.1929, 0.2559 -1.3981 0.1906, 0.2559 -1.4034 0.1929, 0.2559 -1.3981 0.1929, 0.3346 -1.3981 0.1906, 0.3346 -1.3981 0.1929, 0.3346 -1.4034 0.1929, 0.4528 -1.5949 0.1906, 0.4528 -1.6002 0.1929, 0.4528 -1.5949 0.1929, 0.5315 -1.5949 0.1906, 0.5315 -1.5949 0.1929, 0.5315 -1.6002 0.1929
            ]
        }
        coordIndex [
            0,1,2,-1,3,4,5,-1,6,7,8,-1,9,10,11,-1,12,13,14,-1,15,16,17,-1,18,19,20,-1,21,22,23,-1,24,25,26,-1,27,28,29,-1,30,31,32,-1,33,34,35,-1,36,37,38,-1,39,40,41,-1,
        ]
    }
}
Shape{
    appearance Appearance {
        material  Material 	{
            diffuseColor 0.8509803921568627 0.8509803921568627 0.8509803921568627
            specularColor 0.4235294117647059 0.4235294117647059 0.4235294117647059
            ambientIntensity 0.851
            transparency 0.0
            shininess 0.5
        }
    }
    geometry IndexedFaceSet {
        ccw TRUE
        solid FALSE
        coord DEF co Coordinate {
            point [
                1.3164 -1.5512 0.3504, 1.3169 -1.5433 0.3504, 1.2776 -1.4951 0.3504, 1.1791 -1.248 0.3504, 1.1811 -1.2656 0.3504, 1.2317 -1.2459 0.3504, 1.2776 -1.3268 0.3504, 1.2265 -1.6733 0.3504, 1.2382 -1.6731 0.3504, 1.2474 -1.2663 0.3504, 1.1869 -1.2822 0.3504, 1.1963 -1.2971 0.3504, 1.2088 -1.3096 0.3504, 1.2237 -1.319 0.3504, 1.2677 -1.2819 0.3504, 1.2219 -1.2222 0.3504, 1.2185 -1.1967 0.3504, 1.1791 -0.7729 0.3504, 1.2185 -0.7047 0.3504, 1.2055 -0.7141 0.3504, 1.3169 -1.2951 0.3504, 1.2915 -1.2917 0.3504, 1.2579 -1.3268 0.3504, 1.2404 -1.3248 0.3504, 1.2484 -1.6722 0.3504, 1.2915 -1.6394 0.3504, 1.2951 -1.6299 0.3504, 1.3148 -1.5591 0.3504, 1.1943 -0.7264 0.3504, 1.186 -0.7407 0.3504, 1.1809 -0.7565 0.3504, 1.2618 -1.6682 0.3504, 1.2739 -1.6611 0.3504, 1.284 -1.6513 0.3504, 1.2185 -1.1967 0.2913, 1.2219 -1.2222 0.2913, 1.2317 -1.2459 0.2913, 1.2474 -1.2663 0.2913, 1.2677 -1.2819 0.2913, 1.2915 -1.2917 0.2913, 1.3169 -1.2951 0.2913, 1.2382 -1.6731 0.2913, 1.2265 -1.6733 0.2913, 1.2776 -1.4951 0.2913, 1.3169 -1.5433 0.2913, 1.2776 -1.3268 0.2913, 1.2579 -1.3268 0.2913, 1.2088 -1.3096 0.2913, 1.2237 -1.319 0.2913, 1.2404 -1.3248 0.2913, 1.2915 -1.6394 0.2913, 1.284 -1.6513 0.2913, 1.2739 -1.6611 0.2913, 1.186 -0.7407 0.2913, 1.1943 -0.7264 0.2913, 1.2055 -0.7141 0.2913, 1.1963 -1.2971 0.2913, 1.1869 -1.2822 0.2913, 1.1811 -1.2656 0.2913, 1.1791 -1.248 0.2913, 1.3164 -1.5512 0.2913, 1.3148 -1.5591 0.2913, 1.2951 -1.6299 0.2913, 1.2484 -1.6722 0.2913, 1.2618 -1.6682 0.2913, 1.2185 -0.7047 0.2913, 1.1791 -0.7729 0.2913, 1.1809 -0.7565 0.2913, -1.2265 -1.6733 0.2913, -1.2265 -1.6733 0.3504, -1.2382 -1.6732 0.2913, -1.2382 -1.6732 0.3504, -1.2484 -1.6722 0.3504, -1.2484 -1.6722 0.2913, -1.2618 -1.6682 0.3504, -1.2618 -1.6682 0.2913, -1.2739 -1.6611 0.3504, -1.2739 -1.6611 0.2913, -1.284 -1.6513 0.3504, -1.284 -1.6513 0.2913, -1.2915 -1.6394 0.3504, -1.2915 -1.6394 0.2913, -1.2951 -1.6299 0.3504, -1.2951 -1.6299 0.2913, -1.3148 -1.5591 0.2913, -1.3148 -1.5591 0.3504, -1.3169 -1.5433 0.3504, -1.3169 -1.5433 0.2913, -1.3164 -1.5512 0.2913, -1.3164 -1.5512 0.3504, -1.3169 -1.2951 0.2913, -1.3169 -1.2951 0.3504
            ]
        }
        coordIndex [
            0,1,2,-1,3,4,5,-1,2,1,6,-1,2,7,8,-1,5,4,9,-1,9,4,10,-1,9,10,11,-1,11,12,9,-1,9,12,13,-1,9,13,14,-1,5,15,3,-1,3,15,16,-1,3,16,17,-1,17,16,18,-1,17,18,19,-1,1,20,6,-1,6,20,21,-1,6,21,22,-1,22,21,14,-1,22,14,23,-1,23,14,13,-1,24,25,8,-1,8,25,26,-1,8,26,2,-1,2,26,27,-1,2,27,0,-1,28,29,19,-1,19,29,30,-1,19,30,17,-1,24,31,25,-1,25,31,32,-1,25,32,33,-1,34,16,35,-1,35,16,15,-1,35,15,36,-1,36,15,5,-1,36,5,37,-1,37,5,9,-1,37,9,38,-1,38,9,14,-1,38,14,39,-1,39,14,21,-1,39,21,40,-1,40,21,20,-1,41,42,43,-1,44,43,40,-1,40,43,45,-1,40,45,39,-1,39,45,46,-1,39,46,38,-1,47,37,48,-1,48,37,38,-1,48,38,49,-1,49,38,46,-1,50,51,52,-1,53,54,55,-1,47,56,37,-1,37,56,57,-1,37,57,36,-1,36,57,58,-1,36,58,35,-1,35,58,59,-1,35,59,34,-1,44,60,43,-1,43,60,61,-1,43,61,41,-1,41,61,62,-1,41,62,63,-1,63,62,50,-1,63,50,64,-1,64,50,52,-1,34,59,65,-1,65,59,66,-1,65,66,55,-1,55,66,67,-1,55,67,53,-1,68,69,70,-1,70,69,71,-1,70,71,72,-1,70,72,73,-1,73,72,74,-1,73,74,75,-1,75,74,76,-1,75,76,77,-1,77,76,78,-1,77,78,79,-1,79,78,80,-1,79,80,81,-1,81,80,82,-1,81,82,83,-1,84,83,85,-1,85,83,82,-1,86,87,88,-1,86,88,89,-1,89,88,84,-1,89,84,85,-1,90,87,91,-1,91,87,86,-1,
        ]
    }
}
Shape{
    appearance Appearance {
        material  Material 	{
            diffuseColor 0.2235294117647059 0.2235294117647059 0.2235294117647059
            specularColor 0.11372549019607843 0.11372549019607843 0.11372549019607843
            ambientIntensity 0.2235
            transparency 0.0
            shininess 0.5
        }
    }
    geometry IndexedFaceSet {
        ccw TRUE
        solid FALSE
        coord DEF co Coordinate {
            point [
                1.1937 -1.7874 0.252, 1.1937 -1.7874 0.3898, -1.1937 -1.7874 0.252, -1.1937 -1.7874 0.3898
            ]
        }
        coordIndex [
            0,1,2,-1,2,1,3,-1,
        ]
    }
}
Shape{
    appearance Appearance {
        material  Material 	{
            diffuseColor 0.8509803921568627 0.8509803921568627 0.8509803921568627
            specularColor 0.4235294117647059 0.4235294117647059 0.4235294117647059
            ambientIntensity 0.851
            transparency 0.0
            shininess 0.5
        }
    }
    geometry IndexedFaceSet {
        ccw TRUE
        solid FALSE
        coord DEF co Coordinate {
            point [
                1.2382 -1.6731 0.2913, 1.2382 -1.6731 0.3504, 1.2265 -1.6733 0.2913, 1.2265 -1.6733 0.3504, 1.2951 -1.6299 0.2913, 1.2951 -1.6299 0.3504, 1.2915 -1.6394 0.3504, 1.2915 -1.6394 0.2913, 1.284 -1.6513 0.3504, 1.284 -1.6513 0.2913, 1.2739 -1.6611 0.3504, 1.2739 -1.6611 0.2913, 1.2618 -1.6682 0.3504, 1.2618 -1.6682 0.2913, 1.2484 -1.6722 0.3504, 1.2484 -1.6722 0.2913, 1.3148 -1.5591 0.3504, 1.3148 -1.5591 0.2913, 1.3164 -1.5512 0.2913, 1.3164 -1.5512 0.3504, 1.3169 -1.5433 0.2913, 1.3169 -1.5433 0.3504, 1.3169 -1.2951 0.3504, 1.3169 -1.2951 0.2913
            ]
        }
        coordIndex [
            0,1,2,-1,2,1,3,-1,4,5,6,-1,4,6,7,-1,7,6,8,-1,7,8,9,-1,9,8,10,-1,9,10,11,-1,11,10,12,-1,11,12,13,-1,13,12,14,-1,13,14,15,-1,15,14,1,-1,15,1,0,-1,16,5,17,-1,17,5,4,-1,16,17,18,-1,16,18,19,-1,19,18,20,-1,19,20,21,-1,22,21,23,-1,23,21,20,-1,
        ]
    }
}
Shape{
    appearance Appearance {
        material  Material 	{
            diffuseColor 0.9686274509803922 0.8784313725490196 0.6
            specularColor 0.6784313725490196 0.615686274509804 0.4196078431372549
            ambientIntensity 0.8737
            transparency 0.0
            shininess 0.5
        }
    }
    geometry IndexedFaceSet {
        ccw TRUE
        solid FALSE
        coord DEF co Coordinate {
            point [
                -1.2697 0.9882 0.0118, -1.3484 0.9882 0.0118, -1.2697 0.9882 0.0591, -1.3484 0.9882 0.0591, -0.9547 0.9882 0.0118, -1.0335 0.9882 0.0118, -0.9547 0.9882 0.0591, -1.0335 0.9882 0.0591, -0.4528 0.9882 0.0118, -0.5315 0.9882 0.0118, -0.4528 0.9882 0.0591, -0.5315 0.9882 0.0591, -0.0591 0.9882 0.0118, -0.1378 0.9882 0.0118, -0.0591 0.9882 0.0591, -0.1378 0.9882 0.0591, 0.1378 0.9882 0.0118, 0.0591 0.9882 0.0118, 0.1378 0.9882 0.0591, 0.0591 0.9882 0.0591, 0.5315 0.9882 0.0118, 0.4528 0.9882 0.0118, 0.5315 0.9882 0.0591, 0.4528 0.9882 0.0591, 1.0335 0.9882 0.0118, 0.9547 0.9882 0.0118, 1.0335 0.9882 0.0591, 0.9547 0.9882 0.0591, 1.3484 0.9882 0.0118, 1.2697 0.9882 0.0118, 1.3484 0.9882 0.0591, 1.2697 0.9882 0.0591, -0.2559 0.9882 0.0118, -0.3346 0.9882 0.0118, -0.2559 0.9882 0.0591, -0.3346 0.9882 0.0591, -0.6496 0.9882 0.0118, -0.7283 0.9882 0.0118, -0.6496 0.9882 0.0591, -0.7283 0.9882 0.0591, -0.8563 0.9882 0.0118, -0.935 0.9882 0.0118, -0.8563 0.9882 0.0591, -0.935 0.9882 0.0591, -1.1713 0.9882 0.0118, -1.25 0.9882 0.0118, -1.1713 0.9882 0.0591, -1.25 0.9882 0.0591, 0.3346 0.9882 0.0118, 0.2559 0.9882 0.0118, 0.3346 0.9882 0.0591, 0.2559 0.9882 0.0591, 0.7283 0.9882 0.0118, 0.6496 0.9882 0.0118, 0.7283 0.9882 0.0591, 0.6496 0.9882 0.0591, 0.935 0.9882 0.0118, 0.8563 0.9882 0.0118, 0.935 0.9882 0.0591, 0.8563 0.9882 0.0591, 1.25 0.9882 0.0118, 1.1713 0.9882 0.0118, 1.25 0.9882 0.0591, 1.1713 0.9882 0.0591, -1.3484 0.7126 0.0591, -1.3484 0.7126 0.0354, -1.3484 0.7126 0.0118, -1.2697 0.7126 0.0591, -1.2697 0.7126 0.0118, -1.2697 0.7126 0.0354, -1.0335 0.7126 0.0591, -1.0335 0.7126 0.0354, -1.0335 0.7126 0.0118, -0.9547 0.7126 0.0591, -0.9547 0.7126 0.0118, -0.9547 0.7126 0.0354, -0.5315 0.7126 0.0591, -0.5315 0.7126 0.0354, -0.5315 0.7126 0.0118, -0.4528 0.7126 0.0591, -0.4528 0.7126 0.0118, -0.4528 0.7126 0.0354, -0.1378 0.7126 0.0591, -0.1378 0.7126 0.0354, -0.1378 0.7126 0.0118, -0.0591 0.7126 0.0591, -0.0888 0.7126 0.0591, -0.0591 0.7126 0.0118, -0.0591 0.7126 0.0354, -0.0888 0.7126 0.0118, 0.0591 0.7126 0.0591, 0.0591 0.7126 0.0354, 0.0591 0.7126 0.0118, 0.1378 0.7126 0.0591, 0.1378 0.7126 0.0118, 0.1378 0.7126 0.0354, 0.4528 0.7126 0.0591, 0.4528 0.7126 0.0354, 0.4528 0.7126 0.0118, 0.5315 0.7126 0.0591, 0.5315 0.7126 0.0118, 0.5315 0.7126 0.0354, 0.9547 0.7126 0.0591, 0.9547 0.7126 0.0354, 0.9547 0.7126 0.0118, 1.0335 0.7126 0.0591, 1.0335 0.7126 0.0118, 1.0335 0.7126 0.0354, 1.2697 0.7126 0.0591, 1.2697 0.7126 0.0354, 1.2697 0.7126 0.0118, 1.3484 0.7126 0.0591, 1.3484 0.7126 0.0118, 1.3484 0.7126 0.0354, -0.3346 0.7126 0.0591, -0.3346 0.7126 0.0354, -0.3346 0.7126 0.0118, -0.292 0.7126 0.0591, -0.2608 0.7126 0.0591, -0.2559 0.7126 0.0591, -0.2559 0.7126 0.0118, -0.2559 0.7126 0.0354, -0.292 0.7126 0.0118, -0.2608 0.7126 0.0118, -0.7283 0.7126 0.0591, -0.7283 0.7126 0.0354, -0.7283 0.7126 0.0118, -0.6496 0.7126 0.0591, -0.6496 0.7126 0.0118, -0.6496 0.7126 0.0354, -0.935 0.7126 0.0591, -0.935 0.7126 0.0354, -0.935 0.7126 0.0118, -0.8563 0.7126 0.0591, -0.8563 0.7126 0.0118, -0.8563 0.7126 0.0354, -1.1713 0.7126 0.0118, -1.1713 0.7126 0.0354, -1.1713 0.7126 0.0591, -1.25 0.7126 0.0118, -1.25 0.7126 0.0591, -1.25 0.7126 0.0354, 0.3346 0.7126 0.0118, 0.3346 0.7126 0.0354, 0.3346 0.7126 0.0591, 0.2559 0.7126 0.0118, 0.2559 0.7126 0.0591, 0.2559 0.7126 0.0354, 0.7283 0.7126 0.0118, 0.7283 0.7126 0.0354, 0.7283 0.7126 0.0591, 0.6496 0.7126 0.0118, 0.6496 0.7126 0.0591, 0.6496 0.7126 0.0354, 0.935 0.7126 0.0118, 0.935 0.7126 0.0354, 0.935 0.7126 0.0591, 0.8563 0.7126 0.0118, 0.8563 0.7126 0.0591, 0.8563 0.7126 0.0354, 1.1713 0.7126 0.0591, 1.1713 0.7126 0.0354, 1.1713 0.7126 0.0118, 1.25 0.7126 0.0591, 1.25 0.7126 0.0118, 1.25 0.7126 0.0354
            ]
        }
        coordIndex [
            0,1,2,-1,2,1,3,-1,4,5,6,-1,6,5,7,-1,8,9,10,-1,10,9,11,-1,12,13,14,-1,14,13,15,-1,16,17,18,-1,18,17,19,-1,20,21,22,-1,22,21,23,-1,24,25,26,-1,26,25,27,-1,28,29,30,-1,30,29,31,-1,32,33,34,-1,34,33,35,-1,36,37,38,-1,38,37,39,-1,40,41,42,-1,42,41,43,-1,44,45,46,-1,46,45,47,-1,48,49,50,-1,50,49,51,-1,52,53,54,-1,54,53,55,-1,56,57,58,-1,58,57,59,-1,60,61,62,-1,62,61,63,-1,64,3,65,-1,65,3,1,-1,65,1,66,-1,3,64,2,-1,2,64,67,-1,68,0,69,-1,69,0,2,-1,69,2,67,-1,0,68,1,-1,1,68,66,-1,70,7,71,-1,71,7,5,-1,71,5,72,-1,7,70,6,-1,6,70,73,-1,74,4,75,-1,75,4,6,-1,75,6,73,-1,4,74,5,-1,5,74,72,-1,76,11,77,-1,77,11,9,-1,77,9,78,-1,11,76,10,-1,10,76,79,-1,80,8,81,-1,81,8,10,-1,81,10,79,-1,8,80,9,-1,9,80,78,-1,82,15,83,-1,83,15,13,-1,83,13,84,-1,85,14,86,-1,86,14,15,-1,86,15,82,-1,87,12,88,-1,88,12,14,-1,88,14,85,-1,84,13,89,-1,89,13,12,-1,89,12,87,-1,90,19,91,-1,91,19,17,-1,91,17,92,-1,19,90,18,-1,18,90,93,-1,94,16,95,-1,95,16,18,-1,95,18,93,-1,16,94,17,-1,17,94,92,-1,96,23,97,-1,97,23,21,-1,97,21,98,-1,23,96,22,-1,22,96,99,-1,100,20,101,-1,101,20,22,-1,101,22,99,-1,20,100,21,-1,21,100,98,-1,102,27,103,-1,103,27,25,-1,103,25,104,-1,27,102,26,-1,26,102,105,-1,106,24,107,-1,107,24,26,-1,107,26,105,-1,24,106,25,-1,25,106,104,-1,108,31,109,-1,109,31,29,-1,109,29,110,-1,31,108,30,-1,30,108,111,-1,112,28,113,-1,113,28,30,-1,113,30,111,-1,28,112,29,-1,29,112,110,-1,114,35,115,-1,115,35,33,-1,115,33,116,-1,34,35,114,-1,114,117,34,-1,34,117,118,-1,34,118,119,-1,120,32,121,-1,121,32,34,-1,121,34,119,-1,116,33,122,-1,122,33,32,-1,122,32,123,-1,123,32,120,-1,124,39,125,-1,125,39,37,-1,125,37,126,-1,39,124,38,-1,38,124,127,-1,128,36,129,-1,129,36,38,-1,129,38,127,-1,36,128,37,-1,37,128,126,-1,130,43,131,-1,131,43,41,-1,131,41,132,-1,43,130,42,-1,42,130,133,-1,134,40,135,-1,135,40,42,-1,135,42,133,-1,40,134,41,-1,41,134,132,-1,136,44,137,-1,137,44,46,-1,137,46,138,-1,44,136,45,-1,45,136,139,-1,140,47,141,-1,141,47,45,-1,141,45,139,-1,47,140,46,-1,46,140,138,-1,142,48,143,-1,143,48,50,-1,143,50,144,-1,48,142,49,-1,49,142,145,-1,146,51,147,-1,147,51,49,-1,147,49,145,-1,51,146,50,-1,50,146,144,-1,148,52,149,-1,149,52,54,-1,149,54,150,-1,52,148,53,-1,53,148,151,-1,152,55,153,-1,153,55,53,-1,153,53,151,-1,55,152,54,-1,54,152,150,-1,154,56,155,-1,155,56,58,-1,155,58,156,-1,56,154,57,-1,57,154,157,-1,158,59,159,-1,159,59,57,-1,159,57,157,-1,59,158,58,-1,58,158,156,-1,160,63,161,-1,161,63,61,-1,161,61,162,-1,63,160,62,-1,62,160,163,-1,164,60,165,-1,165,60,62,-1,165,62,163,-1,60,164,61,-1,61,164,162,-1,
        ]
    }
}
Shape{
    appearance Appearance {
        material  Material 	{
            diffuseColor 0.2235294117647059 0.2235294117647059 0.2235294117647059
            specularColor 0.11372549019607843 0.11372549019607843 0.11372549019607843
            ambientIntensity 0.2235
            transparency 0.0
            shininess 0.5
        }
    }
    geometry IndexedFaceSet {
        ccw TRUE
        solid FALSE
        coord DEF co Coordinate {
            point [
                1.6319 0.6929 0.374, 1.6319 0.6929 0.378, 1.6319 0.689 0.378, -0.4921 0.7126 0.5145, -0.4921 0.7126 0.4961, -0.4921 0.483 0.4961, -0.4921 0.7126 0.5269, -0.4921 0.4624 0.7323, -0.4921 0.7126 0.7323, -0.9449 0.7126 0.4961, -0.9646 0.7126 0.4961, -0.9646 0.483 0.4961, -0.5906 0.7126 0.4961, -0.7923 0.7126 0.4961, 1.621 0.7126 0.4743, 1.621 0.0433 0.4743, 1.6319 0.0433 0.378, 1.6319 0.7126 0.378, 1.6282 0.7126 0.4103, 1.6257 0.7126 0.4332, 1.607 0.7126 0.5145, 1.6026 0.7126 0.5269, 1.589 0.0433 0.5659, 1.589 0.7126 0.5659, 1.5374 0.7126 0.648, 1.5374 0.0433 0.648, 1.4902 0.7126 0.6952, 1.4688 0.0433 0.7165, 1.1988 0.7126 0.811, 1.1988 0.0433 0.811, 1.2598 0.7126 0.8042, 1.2952 0.0433 0.8002, 1.2952 0.7126 0.8002, 1.3867 0.0433 0.7681, 1.3867 0.7126 0.7681, 1.4688 0.7126 0.7165, 1.063 0.2992 0.811, 1.063 0.3464 0.8228, 1.063 0.6535 0.8228, 1.063 0.6614 0.8307, 1.063 0.7126 0.8307, 1.063 0.7126 0.811, -0.4231 0.7126 0.8013, -0.4722 0.4606 0.7522, -0.4134 0.7126 0.811, -0.4134 0.3964 0.811, -0.9646 0.7126 0.5145, -0.9646 0.7126 0.5269, -0.9646 0.4606 0.7522, -0.9646 0.7126 0.811, -0.9646 0.3964 0.811, -1.6294 0.7126 0.4103, -1.6319 0.7126 0.378, -1.6319 0.6929 0.378, -1.6319 0.6929 0.374, -1.6319 0.689 0.378, -1.6245 0.0433 0.4431, -1.6319 0.0433 0.378, -1.1988 0.0433 0.811, -1.1988 0.7126 0.811, -1.272 0.0433 0.8028, -1.2722 0.7126 0.8048, -1.2952 0.0433 0.8002, -1.3754 0.7126 0.7734, -1.4677 0.7126 0.7175, -1.3867 0.0433 0.7681, -1.375 0.0433 0.7722, -1.5424 0.0433 0.64, -1.5374 0.0433 0.648, -1.5433 0.7126 0.6405, -1.4688 0.0433 0.7165, -1.4676 0.0433 0.7173, -1.589 0.0433 0.5659, -1.5975 0.7126 0.5472, -1.5957 0.0433 0.5466, -1.6032 0.7126 0.5269, -1.6067 0.7126 0.5145, -1.621 0.0433 0.4743, -1.6269 0.7126 0.4434, -1.6277 0.7126 0.4332, -1.1811 0.2992 0.811, -1.1811 0.7126 0.811, -1.0236 0.0433 0.811, -1.0236 0.1811 0.811, 0.3543 0.1811 0.811, 1.0236 0.1811 0.811, 1.1811 0.2992 0.811, 1.1811 0.7126 0.811, 1.0236 0.0433 0.811, -0.3543 0.0433 0.811, 0.3543 0.0433 0.811, -0.3914 0.7126 0.811, -1.063 0.2992 0.811, 0.9646 0.7126 0.811, 0.9646 0.3964 0.811, 0.4134 0.3964 0.811, -0.3543 0.1811 0.811, -1.063 0.7126 0.811, 0.4134 0.7126 0.811, 0.3595 0.7126 0.811, 0.1969 0.7126 0.811, 0.0401 0.7126 0.811, -0.0443 0.7126 0.811, -0.0519 0.7126 0.811, -0.0888 0.7126 0.811, -0.1534 0.7126 0.811, -0.1612 0.7126 0.811, -0.1976 0.7126 0.811, -0.2169 0.7126 0.811, -0.2556 0.7126 0.811, -0.2608 0.7126 0.811, -0.292 0.7126 0.811, 0.9646 0.4606 0.7522, 0.9646 0.7126 0.5269, 0.9646 0.483 0.4961, 0.9646 0.7126 0.5145, 0.9646 0.7126 0.4961, 0.9449 0.7126 0.4961, 0.7923 0.7126 0.4961, 0.4921 0.483 0.4961, 0.5906 0.7126 0.4961, 0.4921 0.7126 0.4961, 0.4921 0.7126 0.7323, 0.4921 0.4624 0.7323, 0.4921 0.7126 0.5269, 0.4921 0.7126 0.5145, 0.4722 0.4606 0.7522, 1.1811 0.3464 0.8228, 1.1811 0.6535 0.8228, 1.1811 0.6614 0.8307, 1.1811 0.7126 0.8307, -0.3346 0.122 -0.185, -0.3346 0.0827 -0.1693, -0.3346 0.3779 -0.185, -0.3346 0.4567 -0.1693, -0.3346 0.3937 -0.2008, -0.3346 0.4567 -0.2008, -0.2165 0.4567 -0.2008, -0.2165 0.3937 -0.2008, -0.2165 0.3779 -0.185, -0.2165 0.4567 0.0847, -0.2165 0.2505 0.0847, -0.2165 0.0827 -0.1693, -0.2165 0.122 -0.185, -0.2165 0.1693 -0.1693, -0.2165 0.2335 -0.1105, 0.2165 0.2335 -0.1105, 0.2165 0.2505 0.0847, 0.2165 0.4567 0.0847, 0.2165 0.4567 -0.2008, 0.2165 0.3937 -0.2008, 0.2165 0.3779 -0.185, 0.2165 0.2394 -0.185, 0.2165 0.1693 -0.1693, 0.2165 0.122 -0.185, 0.2165 0.0827 -0.1693, 0.3346 0.4567 -0.2008, 0.3346 0.3937 -0.2008, 0.3346 0.0827 -0.1693, 0.3346 0.122 -0.185, 0.3346 0.3779 -0.185, 0.3346 0.4567 -0.1693, -1.4173 0.4567 -0.311, -1.4173 0.7126 -0.311, -1.1024 0.7126 -0.311, -0.9449 0.7126 -0.311, -0.7923 0.7126 -0.311, -0.5906 0.7126 -0.311, -0.4231 0.7126 -0.311, -0.3914 0.7126 -0.311, -0.292 0.7126 -0.311, -0.2608 0.7126 -0.311, -0.2556 0.7126 -0.311, 1.4173 0.4567 -0.311, -0.2169 0.7126 -0.311, -0.1976 0.7126 -0.311, -0.1612 0.7126 -0.311, -0.1534 0.7126 -0.311, -0.0888 0.7126 -0.311, -0.0519 0.7126 -0.311, -0.0443 0.7126 -0.311, 0.0401 0.7126 -0.311, 0.1969 0.7126 -0.311, 0.3595 0.7126 -0.311, 0.5906 0.7126 -0.311, 0.7923 0.7126 -0.311, 0.9449 0.7126 -0.311, 1.1024 0.7126 -0.311, 1.2598 0.7126 -0.311, 1.4173 0.7126 -0.311, -1.4173 0.4567 -0.1693, -1.4173 0.7126 -0.1693, 1.4173 0.7126 -0.1693, 1.4173 0.4567 -0.1693, 1.6319 0.7126 0.1656, 1.6319 0.248 0.2638, 1.6319 0.0433 0.2638, 1.6319 0.7126 0.0354, 1.6319 0.248 0.0022, 1.6319 0.7126 -0.1693, 1.6319 0.248 -0.1347, 1.6319 0.248 -0.1693, 1.5979 0.248 -0.1693, -1.1811 0.3464 0.8228, -1.1811 0.6535 0.8228, -1.1811 0.6614 0.8307, -1.1811 0.7126 0.8307, -1.063 0.3464 0.8228, -1.063 0.6535 0.8228, -1.063 0.6614 0.8307, -1.063 0.7126 0.8307, -1.1024 0.7126 0.8307, 1.4902 0.7126 -0.1693, -1.6319 0.7126 -0.1693, -1.6319 0.248 -0.1693, -1.5979 0.248 -0.1693, -0.374 0.2598 -0.1693, -0.374 0.0433 -0.1693, 0.374 0.0433 -0.1693, -1.0039 0.2598 -0.1693, -1.0039 0.0433 -0.1693, -1.1988 0.0433 -0.1693, -1.1988 0.248 -0.1693, -1.4653 0.248 -0.1693, 1.1988 0.0433 -0.1693, 1.0039 0.0433 -0.1693, 1.1988 0.248 -0.1693, 1.0039 0.2598 -0.1693, 1.4653 0.248 -0.1693, 0.374 0.2598 -0.1693, -1.6319 0.7126 0.1656, -1.6319 0.0433 0.2638, -1.6319 0.248 0.2638, -1.6319 0.248 0.0022, -1.6319 0.7126 0.0354, -1.6319 0.248 -0.1347
            ]
        }
        coordIndex [
            0,1,2,-1,3,4,5,-1,3,5,6,-1,6,5,7,-1,6,7,8,-1,9,10,11,-1,5,4,12,-1,5,12,11,-1,11,12,13,-1,11,13,9,-1,1,14,2,-1,2,14,15,-1,2,15,16,-1,17,18,1,-1,1,18,19,-1,1,19,14,-1,14,20,15,-1,15,20,21,-1,15,21,22,-1,21,23,22,-1,22,23,24,-1,22,24,25,-1,25,24,26,-1,25,26,27,-1,28,29,30,-1,30,29,31,-1,30,31,32,-1,32,31,33,-1,32,33,34,-1,34,33,27,-1,34,27,35,-1,35,27,26,-1,36,37,38,-1,39,40,38,-1,38,40,41,-1,38,41,36,-1,8,7,42,-1,42,7,43,-1,42,43,44,-1,44,43,45,-1,10,46,11,-1,11,46,47,-1,11,47,48,-1,48,47,49,-1,48,49,50,-1,51,52,53,-1,53,54,55,-1,51,53,56,-1,56,53,55,-1,56,55,57,-1,58,59,60,-1,60,59,61,-1,60,61,62,-1,62,61,63,-1,64,65,63,-1,63,65,66,-1,63,66,62,-1,67,68,69,-1,69,68,70,-1,69,70,64,-1,64,70,71,-1,64,71,65,-1,67,69,72,-1,72,69,73,-1,72,73,74,-1,73,75,74,-1,74,75,76,-1,74,76,77,-1,77,76,78,-1,77,78,56,-1,56,78,79,-1,56,79,51,-1,80,81,59,-1,58,82,83,-1,36,84,85,-1,29,28,86,-1,86,28,87,-1,36,85,86,-1,86,85,88,-1,86,88,29,-1,89,90,84,-1,91,44,45,-1,59,58,80,-1,80,58,83,-1,80,83,92,-1,41,93,36,-1,36,93,94,-1,36,94,84,-1,84,94,95,-1,84,95,89,-1,89,95,96,-1,49,97,50,-1,50,97,92,-1,98,99,95,-1,95,99,100,-1,95,100,96,-1,96,100,101,-1,96,101,102,-1,102,103,96,-1,96,103,104,-1,96,104,105,-1,105,106,96,-1,96,106,107,-1,96,107,108,-1,108,109,96,-1,96,109,110,-1,96,110,111,-1,92,83,50,-1,50,83,96,-1,50,96,45,-1,45,96,111,-1,45,111,91,-1,94,93,112,-1,112,93,113,-1,112,113,114,-1,114,113,115,-1,114,115,116,-1,116,117,114,-1,114,117,118,-1,114,118,119,-1,119,118,120,-1,119,120,121,-1,122,123,124,-1,124,123,119,-1,124,119,125,-1,125,119,121,-1,123,122,126,-1,126,122,98,-1,126,98,95,-1,127,86,128,-1,128,86,87,-1,128,87,129,-1,129,87,130,-1,131,132,133,-1,133,132,134,-1,133,134,135,-1,135,134,136,-1,137,138,136,-1,136,138,135,-1,138,137,139,-1,139,137,140,-1,139,140,141,-1,142,143,144,-1,144,143,139,-1,144,139,145,-1,145,139,141,-1,146,147,148,-1,149,150,148,-1,148,150,151,-1,148,151,146,-1,146,151,152,-1,146,152,153,-1,153,152,154,-1,153,154,155,-1,156,157,149,-1,149,157,150,-1,158,159,160,-1,157,156,160,-1,160,156,161,-1,160,161,158,-1,162,163,164,-1,164,165,162,-1,162,165,166,-1,162,166,167,-1,167,168,162,-1,162,168,169,-1,162,169,170,-1,170,171,162,-1,162,171,172,-1,162,172,173,-1,173,172,174,-1,174,175,173,-1,173,175,176,-1,173,176,177,-1,177,178,173,-1,173,178,179,-1,173,179,180,-1,180,181,173,-1,173,181,182,-1,173,182,183,-1,183,184,173,-1,173,184,185,-1,173,185,186,-1,186,187,173,-1,173,187,188,-1,173,188,189,-1,190,191,162,-1,162,191,163,-1,189,192,173,-1,173,192,193,-1,173,193,161,-1,161,156,173,-1,173,156,149,-1,173,149,162,-1,134,190,136,-1,136,190,162,-1,136,162,137,-1,137,162,149,-1,137,149,140,-1,140,149,148,-1,194,17,0,-1,0,17,1,-1,2,16,195,-1,195,16,196,-1,0,2,194,-1,194,2,195,-1,194,195,197,-1,197,195,198,-1,197,198,199,-1,199,198,200,-1,199,200,201,-1,202,201,200,-1,80,203,204,-1,205,206,204,-1,204,206,81,-1,204,81,80,-1,207,92,208,-1,208,92,97,-1,208,97,209,-1,209,97,210,-1,206,205,211,-1,211,205,209,-1,211,209,210,-1,212,199,201,-1,213,191,214,-1,214,191,190,-1,214,190,215,-1,216,132,217,-1,217,132,142,-1,217,142,218,-1,219,190,216,-1,216,190,134,-1,216,134,132,-1,220,221,219,-1,219,221,222,-1,219,222,190,-1,190,222,223,-1,190,223,215,-1,193,192,212,-1,224,225,226,-1,226,225,227,-1,212,201,193,-1,193,201,202,-1,193,202,228,-1,144,153,142,-1,142,153,155,-1,142,155,218,-1,218,155,158,-1,218,158,229,-1,229,158,161,-1,229,161,227,-1,227,161,193,-1,227,193,226,-1,226,193,228,-1,53,52,54,-1,54,52,230,-1,231,57,232,-1,232,57,55,-1,55,54,232,-1,232,54,230,-1,232,230,233,-1,233,230,234,-1,233,234,235,-1,235,234,213,-1,235,213,214,-1,235,214,215,-1,
        ]
    }
}
Shape{
    appearance Appearance {
        material  Material 	{
            diffuseColor 1.0 1.0 1.0
            specularColor 0.5019607843137255 0.5019607843137255 0.5019607843137255
            ambientIntensity 1.0
            transparency 0.0
            shininess 0.5
        }
    }
    geometry IndexedFaceSet {
        ccw TRUE
        solid FALSE
        coord DEF co Coordinate {
            point [
                -0.0871 0.713 0.4437, -0.087 0.713 0.4346, -0.0871 0.7126 0.4437, -0.087 0.7126 0.4346, -0.0552 0.713 0.4439, -0.0552 0.7126 0.4439, -0.0557 0.713 0.5149, -0.0557 0.7126 0.5145, -0.0557 0.7126 0.5149, -0.0453 0.7126 0.515, -0.0453 0.713 0.515, -0.0519 0.7126 0.5149, -0.0448 0.7126 0.4349, -0.0448 0.713 0.4349, -0.0453 0.7126 0.5145, -0.0519 0.7126 0.4348
            ]
        }
        coordIndex [
            0,1,2,-1,2,1,3,-1,4,0,5,-1,5,0,2,-1,4,5,6,-1,6,5,7,-1,6,7,8,-1,9,10,11,-1,11,10,6,-1,11,6,8,-1,12,13,14,-1,14,13,10,-1,14,10,9,-1,3,1,15,-1,15,1,13,-1,15,13,12,-1,6,10,4,-1,4,10,13,-1,4,13,0,-1,0,13,1,-1,
        ]
    }
}
Shape{
    appearance Appearance {
        material  Material 	{
            diffuseColor 0.8509803921568627 0.8509803921568627 0.8509803921568627
            specularColor 0.4235294117647059 0.4235294117647059 0.4235294117647059
            ambientIntensity 0.851
            transparency 0.0
            shininess 0.5
        }
    }
    geometry IndexedFaceSet {
        ccw TRUE
        solid FALSE
        coord DEF co Coordinate {
            point [
                0.8898 0.3779 -0.185, 0.848 0.4197 -0.2268, 0.3346 0.3779 -0.185, 0.8422 0.4248 -0.2319, 0.8358 0.4291 -0.2362, 0.8288 0.4325 -0.2396, 0.8215 0.435 -0.2421, 0.814 0.4365 -0.2436, 0.8062 0.437 -0.2441, 0.3346 0.3937 -0.2008, 0.2067 0.437 -0.2441, 0.2165 0.3937 -0.2008, 0.2067 0.3779 -0.185, 0.2165 0.3779 -0.185, 0.2165 0.2394 -0.185, 0.2067 0.2401 -0.185, 1.6499 0.248 -0.1134, 1.6319 0.248 -0.1347, 1.6319 0.248 0.0022, 1.6802 0.248 0.2284, 1.7598 0.248 0.2284, 1.6801 0.248 0.1713, 1.7598 0.248 0.2008, 1.6627 0.248 0.0769, 1.7472 0.248 0.0887, 1.7099 0.248 -0.0179, -1.0772 0.248 -0.185, -1.0686 0.248 -0.185, -1.1639 0.248 -0.2143, -1.0686 0.248 -0.3031, -1.2559 0.248 -0.2244, -1.2559 0.248 -0.3031, -1.3169 0.248 -0.22, -1.368 0.248 -0.2905, -1.4098 0.248 -0.1956, -1.4746 0.248 -0.2532, -1.4653 0.248 -0.1693, -1.5701 0.248 -0.1932, -1.5979 0.248 -0.1693, 0.0208 0.2992 0.0037, 0.0208 0.3779 0.0037, -0.0697 0.2992 -0.0723, -0.0697 0.3779 -0.0723, 0.0217 0.2865 0.0026, -0.0688 0.2865 -0.0733, -0.066 0.2739 -0.0766, 0.0245 0.2739 -0.0007, -0.0615 0.2626 -0.082, 0.029 0.2626 -0.0061, -0.0555 0.2532 -0.0892, 0.035 0.2532 -0.0132, -0.0483 0.2461 -0.0978, 0.0422 0.2461 -0.0218, -0.0402 0.2416 -0.1074, 0.0503 0.2416 -0.0315, -0.0317 0.2401 -0.1175, 0.0588 0.2401 -0.0416, 0.1615 0.2401 -0.1639, 0.1615 0.3779 -0.1639, 0.1938 0.2401 -0.1836, 0.1938 0.3779 -0.1836, 0.1816 0.2401 -0.1794, 0.1816 0.3779 -0.1794, 0.1706 0.2401 -0.1727, 0.1706 0.3779 -0.1727, 0.1706 0.3779 -0.1727, 0.0135 0.437 -0.0795, -0.0317 0.437 -0.1175, 0.0076 0.4361 -0.071, -0.0399 0.4356 -0.1077, 0.0066 0.4354 -0.0688, 0.0031 0.4332 -0.0612, -0.048 0.4312 -0.098, 0.0019 0.431 -0.0563, 0.0003 0.4279 -0.0497, -0.0553 0.4242 -0.0893, 0.0002 0.4238 -0.0431, 0.0 0.4191 -0.0356, -0.0614 0.4147 -0.0821, 0.0014 0.4144 -0.0299, 0.0038 0.4063 -0.0201, -0.066 0.4033 -0.0767, 0.0054 0.4032 -0.0173, -0.0688 0.3907 -0.0733, 0.0122 0.3906 -0.0057, 0.0131 0.3889 -0.0042, 0.1162 0.437 -0.2019, 0.0031 0.4332 -0.0612, 0.0131 0.3889 -0.0042, 0.1344 0.437 -0.2194, 0.1565 0.437 -0.2329, 0.1938 0.3779 -0.1836, 0.181 0.437 -0.2413, 0.1816 0.3779 -0.1794, 0.8062 0.437 -0.3031, 0.2067 0.437 -0.3031, 0.181 0.437 -0.2413, 0.1683 0.437 -0.2989, 0.1565 0.437 -0.2329, 0.1318 0.437 -0.2865, 0.1344 0.437 -0.2194, 0.0988 0.437 -0.2665, 0.071 0.437 -0.2399, 0.8358 0.4291 -0.3031, 0.848 0.4197 -0.3031, 0.8215 0.435 -0.3031, 1.0686 0.248 -0.185, 1.0686 0.248 -0.3031, 1.038 0.252 -0.185, 1.038 0.252 -0.3031, 1.0096 0.2638 -0.185, 1.0096 0.2638 -0.3031, 0.9851 0.2826 -0.185, 0.9851 0.2826 -0.3031, -0.2165 0.3779 -0.185, -0.1791 0.3779 -0.185, -0.1811 0.3932 -0.2003, -0.1964 0.4197 -0.2268, -0.2022 0.4248 -0.2319, -0.2165 0.3937 -0.2008, -0.8898 0.3779 -0.185, -0.3346 0.3779 -0.185, -0.848 0.4197 -0.2268, -0.3346 0.3937 -0.2008, -0.187 0.4075 -0.2146, -0.8178 0.4359 -0.243, -0.8391 0.427 -0.2341, -0.8288 0.4325 -0.2396, -0.2087 0.4291 -0.2362, -0.2156 0.4325 -0.2396, -0.2229 0.435 -0.2421, -0.2305 0.4365 -0.2436, -0.2382 0.437 -0.2441, -0.8062 0.437 -0.2441, -0.812 0.4367 -0.2438, -0.2382 0.437 -0.3031, -0.8062 0.437 -0.3031, -0.8178 0.4359 -0.3031, -0.8288 0.4325 -0.3031, -0.8391 0.427 -0.3031, -0.848 0.4197 -0.3031, -0.9851 0.2826 -0.3031, -0.9851 0.2826 -0.185, -0.1791 0.3779 -0.3031, -0.1811 0.3932 -0.3031, -0.187 0.4075 -0.3031, -0.1964 0.4197 -0.3031, -0.2087 0.4291 -0.3031, -0.2229 0.435 -0.3031, -1.038 0.252 -0.3031, -1.038 0.252 -0.185, -1.0096 0.2638 -0.3031, -1.0096 0.2638 -0.185, -0.735 0.1614 -0.1063, -0.735 -0.0354 -0.1063, -0.744 0.1614 -0.1073, -0.744 -0.0354 -0.1073, -0.7525 0.1614 -0.1104, -0.7525 -0.0354 -0.1104, -0.7601 0.1614 -0.1153, -0.7601 -0.0354 -0.1153, -0.7663 0.1614 -0.1219, -0.7663 -0.0354 -0.1219, -0.7709 0.1614 -0.1297, -0.7709 -0.0354 -0.1297, -0.6619 -0.0354 -0.1063, -0.6619 0.1614 -0.1063, -0.6529 -0.0354 -0.1073, -0.6529 0.1614 -0.1073, -0.6444 -0.0354 -0.1104, -0.6444 0.1614 -0.1104, -0.6368 -0.0354 -0.1153, -0.6368 0.1614 -0.1153, -0.6305 -0.0354 -0.1219, -0.6305 0.1614 -0.1219, -0.6259 -0.0354 -0.1297, -0.6259 0.1614 -0.1297, -0.518 -0.0354 -0.0817, -0.518 0.1614 -0.0817, -0.5364 0.1614 -0.0505, -0.5364 -0.0354 -0.0505, -0.5614 0.1614 -0.0244, -0.5614 -0.0354 -0.0244, -0.5918 0.1614 -0.0046, -0.5918 -0.0354 -0.0046, -0.6259 0.1614 0.0077, -0.6259 -0.0354 0.0077, -0.6619 0.1614 0.0118, -0.6619 -0.0354 0.0118, -0.735 -0.0354 0.0118, -0.735 0.1614 0.0118, -0.8789 0.1614 -0.0817, -0.8789 -0.0354 -0.0817, -0.8605 -0.0354 -0.0505, -0.8605 0.1614 -0.0505, -0.8354 -0.0354 -0.0244, -0.8354 0.1614 -0.0244, -0.805 -0.0354 -0.0046, -0.805 0.1614 -0.0046, -0.771 -0.0354 0.0077, -0.771 0.1614 0.0077, -0.9196 0.1614 -0.1733, -0.9196 -0.0354 -0.1734, -0.9219 -0.0354 -0.1772, -0.9219 0.1614 -0.1772, -0.925 -0.0354 -0.1805, -0.925 0.1614 -0.1805, -0.9288 -0.0354 -0.183, -0.9288 0.1614 -0.183, -0.9331 -0.0354 -0.1845, -0.9331 0.1614 -0.1845, -0.9376 -0.0354 -0.185, -0.9376 0.1614 -0.185, -0.7956 -0.0354 -0.185, -0.6013 -0.0354 -0.185, -0.4593 -0.0354 -0.185, -0.4638 -0.0354 -0.1845, -0.468 -0.0354 -0.183, -0.4718 -0.0354 -0.1805, -0.4749 -0.0354 -0.1772, -0.4772 -0.0354 -0.1733, -0.4772 0.1614 -0.1733, -0.7956 0.1614 -0.185, -0.4749 0.1614 -0.1772, -0.4718 0.1614 -0.1805, -0.6013 0.1614 -0.185, -0.468 0.1614 -0.183, -0.4638 0.1614 -0.1845, -0.4593 0.1614 -0.185, 0.6623 -0.0354 -0.1063, 0.6623 0.1614 -0.1063, 0.7354 -0.0354 -0.1063, 0.7354 0.1614 -0.1063, 0.4776 -0.0354 -0.1734, 0.4776 0.1614 -0.1734, 0.4753 -0.0354 -0.1772, 0.4753 0.1614 -0.1772, 0.4722 -0.0354 -0.1805, 0.4722 0.1614 -0.1805, 0.4684 -0.0354 -0.183, 0.4684 0.1614 -0.183, 0.4641 -0.0354 -0.1845, 0.4641 0.1614 -0.1845, 0.4596 -0.0354 -0.185, 0.4596 0.1614 -0.185, 0.5184 0.1614 -0.0817, 0.5184 -0.0354 -0.0817, 0.5368 -0.0354 -0.0505, 0.5368 0.1614 -0.0505, 0.5618 -0.0354 -0.0244, 0.5618 0.1614 -0.0244, 0.5922 -0.0354 -0.0046, 0.5922 0.1614 -0.0046, 0.6263 -0.0354 0.0077, 0.6263 0.1614 0.0077, 0.6623 -0.0354 0.0118, 0.6623 0.1614 0.0118, 0.7354 -0.0354 0.0118, 0.7354 0.1614 0.0118, 0.8793 -0.0354 -0.0817, 0.8793 0.1614 -0.0817, 0.8609 0.1614 -0.0505, 0.8609 -0.0354 -0.0505, 0.8358 0.1614 -0.0244, 0.8358 -0.0354 -0.0244, 0.8054 0.1614 -0.0046, 0.8054 -0.0354 -0.0046, 0.7713 0.1614 0.0077, 0.7713 -0.0354 0.0077, 0.92 -0.0354 -0.1733, 0.92 0.1614 -0.1733, 0.938 -0.0354 -0.185, 0.938 0.1614 -0.185, 0.9335 -0.0354 -0.1845, 0.9335 0.1614 -0.1845, 0.9292 -0.0354 -0.183, 0.9292 0.1614 -0.183, 0.9254 -0.0354 -0.1805, 0.9254 0.1614 -0.1805, 0.9223 -0.0354 -0.1772, 0.9223 0.1614 -0.1772, 0.6533 0.1614 -0.1073, 0.6533 -0.0354 -0.1073, 0.6448 0.1614 -0.1104, 0.6448 -0.0354 -0.1104, 0.6372 0.1614 -0.1153, 0.6372 -0.0354 -0.1153, 0.6309 0.1614 -0.1219, 0.6309 -0.0354 -0.1219, 0.6263 0.1614 -0.1297, 0.6263 -0.0354 -0.1297, 0.7444 -0.0354 -0.1073, 0.7444 0.1614 -0.1073, 0.7529 -0.0354 -0.1104, 0.7529 0.1614 -0.1104, 0.7605 -0.0354 -0.1153, 0.7605 0.1614 -0.1153, 0.7667 -0.0354 -0.1219, 0.7667 0.1614 -0.1219, 0.7713 -0.0354 -0.1297, 0.7713 0.1614 -0.1297, 0.7959 -0.0354 -0.185, 0.6017 -0.0354 -0.185, 0.7959 0.1614 -0.185, 0.6017 0.1614 -0.185, 0.5184 -0.0354 0.7195, 0.5184 0.1614 0.7195, 0.5368 0.1614 0.6883, 0.5368 -0.0354 0.6883, 0.5618 0.1614 0.6622, 0.5618 -0.0354 0.6622, 0.5922 0.1614 0.6424, 0.5922 -0.0354 0.6424, 0.6263 0.1614 0.6302, 0.6263 -0.0354 0.6302, 0.6623 0.1614 0.626, 0.6623 -0.0354 0.626, 0.7354 -0.0354 0.626, 0.7354 0.1614 0.626, 0.8793 0.1614 0.7195, 0.8793 -0.0354 0.7195, 0.8609 -0.0354 0.6883, 0.8609 0.1614 0.6883, 0.8358 -0.0354 0.6622, 0.8358 0.1614 0.6622, 0.8054 -0.0354 0.6424, 0.8054 0.1614 0.6424, 0.7713 -0.0354 0.6302, 0.7713 0.1614 0.6302, 0.92 0.1614 0.8111, 0.92 -0.0354 0.8111, 0.9223 -0.0354 0.815, 0.9223 0.1614 0.815, 0.9254 -0.0354 0.8183, 0.9254 0.1614 0.8183, 0.9292 -0.0354 0.8208, 0.9292 0.1614 0.8208, 0.9335 -0.0354 0.8223, 0.9335 0.1614 0.8223, 0.938 -0.0354 0.8228, 0.938 0.1614 0.8228, 0.7354 0.1614 0.7441, 0.7354 -0.0354 0.7441, 0.7444 0.1614 0.7451, 0.7444 -0.0354 0.7451, 0.7529 0.1614 0.7482, 0.7529 -0.0354 0.7482, 0.7605 0.1614 0.7531, 0.7605 -0.0354 0.7531, 0.7667 0.1614 0.7597, 0.7667 -0.0354 0.7597, 0.7713 0.1614 0.7675, 0.7713 -0.0354 0.7675, 0.6623 -0.0354 0.7441, 0.6623 0.1614 0.7441, 0.6533 -0.0354 0.7451, 0.6533 0.1614 0.7451, 0.6448 -0.0354 0.7482, 0.6448 0.1614 0.7482, 0.6372 -0.0354 0.7531, 0.6372 0.1614 0.7531, 0.6309 -0.0354 0.7597, 0.6309 0.1614 0.7597, 0.6263 -0.0354 0.7675, 0.6263 0.1614 0.7675, 0.4596 -0.0354 0.8228, 0.4642 -0.0354 0.8223, 0.6017 -0.0354 0.8228, 0.4685 -0.0354 0.8208, 0.4723 -0.0354 0.8183, 0.7959 -0.0354 0.8228, 0.4754 -0.0354 0.815, 0.4776 -0.0354 0.8112, 0.4776 0.1614 0.8112, 0.7959 0.1614 0.8228, 0.4764 0.1614 0.8135, 0.4764 0.1614 0.8228, 0.6017 0.1614 0.8228, 0.4596 0.1638 0.8228, 0.4679 0.162 0.8228, 0.4642 0.1627 0.8223, 0.4679 0.162 0.821, 0.4754 0.1614 0.815, 0.4723 0.1615 0.8183, 0.4685 0.1619 0.8208, -0.9384 -0.0354 0.8228, -0.9384 0.1614 0.8228, -0.9339 -0.0354 0.8223, -0.9339 0.1614 0.8223, -0.9296 -0.0354 0.8208, -0.9296 0.1614 0.8208, -0.9258 -0.0354 0.8183, -0.9258 0.1614 0.8183, -0.9227 -0.0354 0.8151, -0.9227 0.1614 0.8151, -0.9204 -0.0354 0.8112, -0.9204 0.1614 0.8112, -0.7963 0.1614 0.8228, -0.4764 0.1614 0.8228, -0.4764 0.1614 0.8141, -0.6021 0.1614 0.8228, -0.478 0.1614 0.8111, -0.6267 0.1614 0.7675, -0.5188 0.1614 0.7195, -0.6313 0.1614 0.7597, -0.5372 0.1614 0.6883, -0.6376 0.1614 0.7531, -0.5622 0.1614 0.6622, -0.6452 0.1614 0.7482, -0.5926 0.1614 0.6424, -0.6537 0.1614 0.7451, -0.6267 0.1614 0.6302, -0.6627 0.1614 0.7441, -0.6627 0.1614 0.626, -0.7358 0.1614 0.7441, -0.7358 0.1614 0.626, -0.7448 0.1614 0.7451, -0.7717 0.1614 0.6302, -0.7533 0.1614 0.7482, -0.8058 0.1614 0.6424, -0.7609 0.1614 0.7531, -0.8362 0.1614 0.6622, -0.7671 0.1614 0.7597, -0.8612 0.1614 0.6883, -0.7717 0.1614 0.7675, -0.8797 0.1614 0.7195, -0.8797 -0.0354 0.7195, -0.6021 -0.0354 0.8228, -0.4757 -0.0354 0.815, -0.4726 -0.0354 0.8183, -0.4688 -0.0354 0.8208, -0.4645 -0.0354 0.8223, -0.46 -0.0354 0.8228, -0.7963 -0.0354 0.8228, -0.7717 -0.0354 0.7675, -0.7671 -0.0354 0.7597, -0.8612 -0.0354 0.6883, -0.7609 -0.0354 0.7531, -0.8362 -0.0354 0.6622, -0.7533 -0.0354 0.7482, -0.8058 -0.0354 0.6424, -0.7448 -0.0354 0.7451, -0.7717 -0.0354 0.6302, -0.7358 -0.0354 0.7441, -0.7358 -0.0354 0.626, -0.6627 -0.0354 0.7441, -0.6627 -0.0354 0.626, -0.6537 -0.0354 0.7451, -0.6267 -0.0354 0.6302, -0.6452 -0.0354 0.7482, -0.5926 -0.0354 0.6424, -0.6376 -0.0354 0.7531, -0.5622 -0.0354 0.6622, -0.6313 -0.0354 0.7597, -0.5372 -0.0354 0.6883, -0.6267 -0.0354 0.7675, -0.5188 -0.0354 0.7195, -0.478 -0.0354 0.8111, -0.4647 0.1626 0.8223, -0.4645 0.1626 0.8223, -0.46 0.1637 0.8228, -0.4726 0.1615 0.8183, -0.4691 0.1619 0.8207, -0.4688 0.1619 0.8208, -0.4681 0.162 0.821, -0.4756 0.1614 0.815, -0.473 0.1615 0.8179, -0.4681 0.162 0.8228, -0.4691 0.1619 0.8207, -0.473 0.1615 0.8179, -0.4647 0.1626 0.8223, 0.6696 0.685 0.6698, 0.7151 0.685 0.7079, 0.6785 0.6835 0.6601, 0.7249 0.683 0.6961, 0.68 0.6828 0.6587, 0.6879 0.6792 0.6517, 0.734 0.6771 0.6852, 0.691 0.6768 0.6495, 0.6973 0.6721 0.645, 0.7419 0.6677 0.6758, 0.7019 0.6677 0.6424, 0.7061 0.6625 0.6407, 0.7479 0.6555 0.6686, 0.7118 0.6555 0.6384, 0.7142 0.6514 0.6382, 0.7517 0.6413 0.6641, 0.7201 0.6413 0.6377, 0.721 0.6391 0.638, 0.753 0.626 0.6626, 0.7262 0.626 0.6402, 0.6622 0.5275 0.5866, 0.6622 0.5425 0.5866, 0.753 0.5275 0.6626, 0.6243 0.626 0.6319, 0.6285 0.6254 0.6268, 0.6327 0.6239 0.6218, 0.6368 0.6213 0.6169, 0.6407 0.6177 0.6122, 0.6479 0.6077 0.6036, 0.6539 0.5945 0.5965, 0.6585 0.5787 0.5911, 0.6613 0.561 0.5877, 0.7524 0.5177 0.6632, 0.7151 0.4685 0.7079, 0.6605 0.4685 0.6622, 0.6624 0.4685 0.662, 0.6657 0.4688 0.6589, 0.6657 0.4689 0.6573, 0.7214 0.4693 0.7003, 0.6654 0.4687 0.6598, 0.6636 0.4685 0.6616, 0.6644 0.4686 0.6611, 0.665 0.4686 0.6605, 0.6652 0.4692 0.6545, 0.6643 0.4693 0.6524, 0.7304 0.4735 0.6896, 0.662 0.4698 0.6474, 0.6441 0.472 0.6224, 0.6617 0.5177 0.5872, 0.7498 0.5037 0.6664, 0.659 0.5037 0.5904, 0.745 0.4912 0.6721, 0.6542 0.4912 0.5962, 0.7384 0.481 0.68, 0.6476 0.481 0.604, 0.6396 0.4735 0.6136, 0.6382 0.4726 0.6153, 0.5989 0.4685 0.6622, 0.4821 0.4685 0.8017, 0.4821 0.626 0.8017, 0.4795 0.6258 0.8046, 0.4675 0.6245 0.814, 0.4697 0.6246 0.8129, 0.4728 0.4685 0.8106, 0.4727 0.6249 0.8105, 0.4767 0.6254 0.8074, 0.4617 0.6244 0.817, 0.4618 0.4685 0.8173, 0.4577 0.6243 0.819, 0.4496 0.4685 0.8214, 0.4557 0.6245 0.8195, 0.4368 0.626 0.8228, 0.4408 0.6258 0.8227, 0.4368 0.4685 0.8228, 0.4447 0.6254 0.8223, 0.4495 0.625 0.8211, -0.7528 0.626 0.6623, -0.7519 0.6391 0.6635, -0.7261 0.626 0.64, -0.7209 0.6391 0.6376, -0.7198 0.6412 0.6376, -0.7491 0.6516 0.6668, -0.7142 0.6516 0.6377, -0.7115 0.6553 0.6385, -0.7445 0.6628 0.6722, -0.7061 0.6628 0.6401, -0.7016 0.6675 0.6424, -0.7386 0.6721 0.6794, -0.6971 0.6721 0.6448, -0.6908 0.6768 0.6493, -0.7314 0.6792 0.688, -0.6877 0.6792 0.6515, -0.6799 0.6828 0.6585, -0.7234 0.6835 0.6976, -0.6783 0.6835 0.6599, -0.7149 0.685 0.7077, -0.6694 0.685 0.6696, -0.6509 0.6015 0.5997, -0.6569 0.5842 0.5925, -0.6241 0.626 0.6318, -0.629 0.6253 0.6258, -0.6339 0.6231 0.62, -0.6386 0.6196 0.6144, -0.643 0.6148 0.6091, -0.6472 0.6087 0.6042, -0.6607 0.5641 0.588, -0.662 0.5425 0.5864, -0.7528 0.5275 0.6623, -0.662 0.5275 0.5864, -0.6644 0.4693 0.6525, -0.6648 0.4693 0.6532, -0.7213 0.4693 0.7001, -0.6657 0.469 0.6568, -0.6657 0.4688 0.6584, -0.6655 0.4687 0.6595, -0.6652 0.4687 0.6603, -0.7149 0.4685 0.7077, -0.6646 0.4686 0.6609, -0.664 0.4686 0.6614, -0.6629 0.4685 0.6619, -0.6612 0.4685 0.6622, -0.6605 0.4685 0.6622, -0.6597 0.4701 0.6435, -0.7302 0.4735 0.6894, -0.638 0.4726 0.6151, -0.6394 0.4735 0.6135, -0.7382 0.481 0.6798, -0.6474 0.481 0.6039, -0.7448 0.4912 0.6719, -0.654 0.4912 0.596, -0.7496 0.5037 0.6662, -0.6587 0.5037 0.5903, -0.7523 0.5177 0.663, -0.6614 0.5177 0.5871, -0.5987 0.4685 0.6622, -0.4819 0.6261 0.8019, -0.482 0.4685 0.8016, -0.4512 0.626 0.8211, -0.4481 0.626 0.8214, -0.4565 0.465 0.8194, -0.4368 0.626 0.8228, -0.4368 0.4544 0.8228, -0.4381 0.4544 0.8228, -0.4463 0.4601 0.8219, -0.4478 0.461 0.8218, -0.448 0.626 0.8214, -0.4481 0.4612 0.8217, -0.4566 0.465 0.8194, -0.4616 0.626 0.817, -0.4616 0.626 0.817, -0.4737 0.626 0.8095, -0.4666 0.4676 0.8147, -0.4737 0.626 0.8095, -0.4669 0.4676 0.8145, -0.4616 0.4663 0.817, -0.4648 0.626 0.8158, -0.4764 0.4685 0.8075, -0.4737 0.4682 0.8095, -0.4767 0.626 0.8073, -1.1811 0.6614 0.8307, -1.1811 0.6535 0.8228, -1.2559 0.6535 0.8228, -1.0293 0.6624 0.8317, -1.0237 0.6535 0.8228, -1.063 0.6535 0.8228, -1.2559 0.7126 0.8819, -1.126 0.7126 0.8819, -1.1072 0.7109 0.8802, -1.0793 0.7025 0.8718, -1.065 0.6956 0.8649, -1.0542 0.6876 0.8569, -1.063 0.6614 0.8307, -1.0457 0.6813 0.8506, -1.0334 0.6671 0.8364, -1.1052 0.7108 0.8801, -1.0851 0.7053 0.8746, 1.2559 0.6535 0.8228, 1.1811 0.6535 0.8228, 1.2559 0.7126 0.8819, 1.1811 0.6614 0.8307, 1.126 0.7126 0.8819, 1.0237 0.6535 0.8228, 1.0284 0.661 0.8303, 1.063 0.6535 0.8228, 1.0336 0.6671 0.8364, 1.063 0.6614 0.8307, 1.0451 0.6805 0.8498, 1.0543 0.6875 0.8568, 1.0646 0.6953 0.8647, 1.0793 0.7025 0.8718, 1.0851 0.7053 0.8745, 1.1055 0.7108 0.8801, 1.1072 0.7109 0.8802, -1.126 0.7126 0.9409, -1.1072 0.7111 0.9409, -1.0791 0.7029 0.9409, -1.0539 0.688 0.9409, -1.0331 0.6674 0.9409, -1.018 0.6424 0.9409, -1.0079 0.5945 0.9409, -1.0079 0.5945 0.8228, -1.0096 0.6144 0.8228, -1.0096 0.6144 0.9409, -1.018 0.6424 0.8228, -1.0079 0.3779 0.8228, -1.0079 0.3779 0.9409, -0.9488 0.3189 0.9409, -0.9488 0.3189 0.8228, -0.962 0.3204 0.9409, -0.962 0.3204 0.8228, -0.9744 0.3247 0.9409, -0.9744 0.3247 0.8228, -0.9856 0.3318 0.9409, -0.9856 0.3318 0.8228, -0.995 0.3411 0.9409, -0.995 0.3411 0.8228, -1.002 0.3523 0.9409, -1.002 0.3523 0.8228, -1.0064 0.3648 0.9409, -1.0064 0.3648 0.8228, -0.4764 0.3189 0.9409, -0.4764 0.3189 0.8228, -0.4632 0.3204 0.8228, -0.4632 0.3204 0.9409, -0.4508 0.3247 0.8228, -0.4508 0.3247 0.9409, -0.4396 0.3318 0.8228, -0.4396 0.3318 0.9409, -0.4302 0.3411 0.8228, -0.4302 0.3411 0.9409, -0.4232 0.3523 0.8228, -0.4232 0.3523 0.9409, -0.4188 0.3648 0.8228, -0.4188 0.3648 0.9409, -0.4173 0.3779 0.8228, -0.4173 0.3779 0.9409, -0.4173 0.4094 0.8228, -0.4173 0.4094 0.9409, -0.4186 0.4219 0.8228, -0.4186 0.4219 0.9409, -0.4226 0.4338 0.8228, -0.4226 0.4338 0.9409, -0.4289 0.4445 0.8228, -0.4289 0.4445 0.9409, -0.4368 0.4533 0.8228, -0.4371 0.4536 0.941, -0.4659 0.4672 0.9385, -0.4706 0.4678 0.9377, -0.4756 0.4685 0.9368, -0.4764 0.4685 0.9366, -0.4618 0.4666 0.9392, -0.4557 0.4642 0.9399, -0.4485 0.4614 0.9406, -0.446 0.4597 0.9407, -0.5727 0.4685 0.8775, -0.5477 0.4685 0.902, -0.5114 0.4685 0.9246, -0.4367 0.685 0.8819, 0.4725 0.685 0.8819, 0.5045 0.685 0.8669, 0.4697 0.6246 0.8129, 0.4964 0.685 0.8746, 0.4959 0.685 0.8748, 0.4881 0.685 0.8791, 0.4839 0.685 0.8801, 0.4577 0.6243 0.819, 0.4786 0.685 0.8815, 0.4764 0.4685 0.8228, 0.573 0.4685 0.8775, 0.5451 0.4685 0.9043, 0.5121 0.4685 0.9243, 0.4764 0.4685 0.9366, 0.4493 0.4619 0.9405, 0.4469 0.4606 0.8228, 0.4611 0.4665 0.8228, 0.4756 0.4684 0.9367, 0.4625 0.4668 0.9391, 0.4611 0.4663 0.9393, 0.4173 0.4094 0.9409, 0.4173 0.4094 0.8228, 0.4193 0.4247 0.9409, 0.4193 0.4247 0.8228, 0.4252 0.439 0.9409, 0.4252 0.439 0.8228, 0.4346 0.4512 0.9409, 0.4346 0.4512 0.8228, 0.4372 0.4536 0.9409, 0.447 0.4603 0.9406, 0.4173 0.3779 0.9409, 0.4173 0.3779 0.8228, 0.4764 0.3189 0.9409, 0.4764 0.3189 0.8228, 0.4632 0.3204 0.9409, 0.4632 0.3204 0.8228, 0.4508 0.3247 0.9409, 0.4508 0.3247 0.8228, 0.4396 0.3318 0.9409, 0.4396 0.3318 0.8228, 0.4302 0.3411 0.9409, 0.4302 0.3411 0.8228, 0.4232 0.3523 0.9409, 0.4232 0.3523 0.8228, 0.4188 0.3648 0.9409, 0.4188 0.3648 0.8228, 0.9488 0.3189 0.9409, 0.9488 0.3189 0.8228, 0.962 0.3204 0.8228, 0.962 0.3204 0.9409, 0.9744 0.3247 0.8228, 0.9744 0.3247 0.9409, 0.9856 0.3318 0.8228, 0.9856 0.3318 0.9409, 0.995 0.3411 0.8228, 0.995 0.3411 0.9409, 1.002 0.3523 0.8228, 1.002 0.3523 0.9409, 1.0064 0.3648 0.8228, 1.0064 0.3648 0.9409, 1.0079 0.3779 0.8228, 1.0079 0.3779 0.9409, 1.0079 0.5945 0.9409, 1.0079 0.5945 0.8228, 1.0791 0.7029 0.9409, 1.0331 0.6674 0.9409, 1.018 0.6424 0.9409, 1.0539 0.688 0.9409, 1.1072 0.7111 0.9409, 1.126 0.7126 0.9409, 1.0096 0.6144 0.9409, 1.0096 0.6144 0.8228, 1.018 0.6424 0.8228, -0.4706 0.685 0.9378, -0.4367 0.685 0.9411, -0.5114 0.685 0.9246, -0.5477 0.685 0.902, -0.5727 0.685 0.8775, 0.573 0.685 0.8775, 0.5451 0.685 0.9043, 0.5121 0.685 0.9243, 0.4372 0.685 0.9409, 0.4625 0.4668 0.9391, 0.4756 0.685 0.9367, 2.1535 0.4764 -0.3228, 2.1535 0.6338 -0.3228, 2.2717 0.4764 -0.3228, 2.2717 0.6338 -0.3228, 2.2717 0.3976 -0.2441, 2.1535 0.3976 -0.2441, 2.1535 0.3996 -0.2616, 2.2717 0.3996 -0.2616, 2.1535 0.4054 -0.2783, 2.2717 0.4054 -0.2783, 2.1535 0.4148 -0.2932, 2.2717 0.4148 -0.2932, 2.1535 0.4273 -0.3057, 2.2717 0.4273 -0.3057, 2.1535 0.4422 -0.315, 2.2717 0.4422 -0.315, 2.1535 0.4588 -0.3209, 2.2717 0.4588 -0.3209, 2.1535 0.3976 0.0709, 2.2717 0.3976 0.0709, 2.1529 0.3976 0.076, 2.2682 0.3976 0.1015, 2.1509 0.3976 0.0807, 2.258 0.3976 0.1307, 2.2416 0.3976 0.1568, 2.1478 0.3976 0.0848, 2.2198 0.3976 0.1786, 2.1437 0.3976 0.0879, 2.1936 0.3976 0.195, 2.139 0.3976 0.0899, 2.1645 0.3976 0.2052, 2.1339 0.3976 0.0906, 2.1339 0.3976 0.2087, 1.8189 0.3976 0.0906, 1.8189 0.3976 0.2087, 1.7892 0.3976 0.0931, 1.809 0.3976 0.2095, 1.7474 0.3976 0.1056, 1.7951 0.3976 0.2137, 1.71 0.3976 0.128, 1.7826 0.3976 0.2211, 1.6792 0.3976 0.1588, 1.7749 0.3976 0.2284, 1.6568 0.3976 0.1963, 1.6462 0.3976 0.2284, 2.1339 0.7126 0.0906, 1.8189 0.7126 0.0906, 2.139 0.7126 0.0899, 2.1437 0.7126 0.0879, 2.1478 0.7126 0.0848, 2.1509 0.7126 0.0807, 2.1529 0.7126 0.076, 2.1535 0.7126 0.0709, 2.1535 0.7126 -0.2441, 2.1535 0.7099 -0.2645, 2.1535 0.702 -0.2835, 2.1535 0.6895 -0.2998, 2.1535 0.6732 -0.3123, 2.1535 0.6542 -0.3201, 2.2717 0.7126 -0.2441, 2.2717 0.7099 -0.2645, 2.2717 0.702 -0.2835, 2.2717 0.6895 -0.2998, 2.2717 0.6732 -0.3123, 2.2717 0.6542 -0.3201, 2.2717 0.7126 0.0709, 2.2682 0.7126 0.1015, 2.258 0.7126 0.1307, 2.2416 0.7126 0.1568, 2.2198 0.7126 0.1786, 2.1936 0.7126 0.195, 2.1645 0.7126 0.2052, 2.1339 0.7126 0.2087, 1.8189 0.7126 0.2087, 1.809 0.7126 0.2095, 1.7951 0.7126 0.2137, 1.7826 0.7126 0.2211, 1.7723 0.7126 0.2314, 1.7725 0.3974 0.2316, 1.7679 0.3968 0.238, 1.7649 0.7126 0.2439, 1.7678 0.3968 0.2382, 1.7623 0.3924 0.2521, 1.7636 0.3945 0.2472, 1.7651 0.3953 0.244, 1.7598 0.7126 0.2677, 1.7598 0.3826 0.2677, 1.7607 0.7126 0.2578, 1.7598 0.3832 0.267, 1.7601 0.385 0.2645, 1.7608 0.3897 0.2579, 1.7608 0.39 0.2574, 1.6672 0.2732 0.2765, 1.6646 0.2832 0.2823, 1.7598 0.2831 0.2823, 1.662 0.3071 0.2874, 1.7598 0.3071 0.2874, 1.7598 0.2971 0.2866, 1.6644 0.2837 0.2826, 1.6644 0.2839 0.2827, 1.6626 0.2955 0.2863, 1.6625 0.2971 0.2864, 1.6675 0.2721 0.2759, 1.7598 0.2706 0.2748, 1.668 0.2707 0.2746, 1.6735 0.2573 0.2593, 1.6719 0.2604 0.2643, 1.7598 0.2603 0.2644, 1.6715 0.2615 0.2659, 1.6704 0.2643 0.2686, 1.6781 0.2497 0.2422, 1.6764 0.2522 0.2491, 1.7598 0.2529 0.2518, 1.6758 0.2531 0.2517, 1.6751 0.254 0.2543, 1.6786 0.2492 0.2385, 1.7598 0.2488 0.2378, 1.6788 0.2491 0.2377, 1.7008 0.7126 0.1357, 1.71 0.7126 0.128, 1.7474 0.7126 0.1056, 1.7892 0.7126 0.0931, 1.2559 0.7126 0.9409, 1.3549 0.7126 0.8707, 1.368 0.7126 0.9283, 1.4489 0.7126 0.8378, 1.4746 0.7126 0.891, 1.5333 0.7126 0.7848, 1.5701 0.7126 0.831, 1.6037 0.7126 0.7144, 1.6499 0.7126 0.7512, 1.6567 0.7126 0.63, 1.7099 0.7126 0.6557, 1.6896 0.7126 0.536, 1.7472 0.7126 0.5491, 1.7008 0.7126 0.437, 1.7598 0.7126 0.437, 1.6417 0.3386 0.2874, 1.7598 0.3386 0.2874, 1.6597 0.289 0.2874, 1.6564 0.2801 0.2874, 1.6519 0.2683 0.2874, 1.6481 0.2616 0.2874, 1.6417 0.2504 0.2874, 1.7598 0.3485 0.2866, 1.6417 0.3485 0.2866, 1.7598 0.3624 0.2824, 1.6417 0.3624 0.2824, 1.7598 0.3749 0.2749, 1.6417 0.3749 0.2749, 1.6417 0.3826 0.2677, 1.6418 0.3849 0.2645, 1.6444 0.3964 0.2382, 1.6434 0.3956 0.2438, 1.6426 0.3923 0.252, 1.6421 0.3906 0.2562, 1.6444 0.3964 0.2381, 1.6457 0.3976 0.2306, 1.6798 0.6916 0.1581, 1.6792 0.691 0.1589, 1.6443 0.6561 0.238, 1.6446 0.6564 0.2353, 1.6513 0.6631 0.2099, 1.6573 0.6691 0.1965, 1.6632 0.675 0.1834, 1.6418 0.6536 0.2618, 1.6417 0.6535 0.2677, 1.6417 0.6535 0.437, 1.3418 0.6535 0.8132, 1.4233 0.6535 0.7846, 1.4965 0.6535 0.7387, 1.5576 0.6535 0.6776, 1.6035 0.6535 0.6044, 1.6321 0.6535 0.5229, -2.2717 0.4764 -0.3228, -2.2717 0.6338 -0.3228, -2.1535 0.4764 -0.3228, -2.1535 0.6338 -0.3228, -2.1535 0.3976 -0.2441, -2.2717 0.3976 -0.2441, -2.2717 0.3996 -0.2616, -2.1535 0.3996 -0.2616, -2.2717 0.4054 -0.2783, -2.1535 0.4054 -0.2783, -2.2717 0.4148 -0.2932, -2.1535 0.4148 -0.2932, -2.2717 0.4273 -0.3057, -2.1535 0.4273 -0.3057, -2.2717 0.4422 -0.315, -2.1535 0.4422 -0.315, -2.2717 0.4588 -0.3209, -2.1535 0.4588 -0.3209, -1.7826 0.3976 0.2211, -1.6792 0.3976 0.1588, -1.7749 0.3976 0.2284, -1.6568 0.3976 0.1963, -1.6462 0.3976 0.2284, -2.2717 0.3976 0.0709, -2.1535 0.3976 0.0709, -2.267 0.3976 0.1065, -2.153 0.3976 0.0753, -2.2532 0.3976 0.1398, -2.1516 0.3976 0.0794, -2.2313 0.3976 0.1683, -2.1492 0.3976 0.0831, -2.1461 0.3976 0.0863, -2.2028 0.3976 0.1902, -2.1424 0.3976 0.0886, -2.1695 0.3976 0.204, -2.1382 0.3976 0.0901, -2.1339 0.3976 0.2087, -2.1339 0.3976 0.0906, -1.8189 0.3976 0.2087, -1.8189 0.3976 0.0906, -1.809 0.3976 0.2095, -1.7892 0.3976 0.0931, -1.7951 0.3976 0.2137, -1.7474 0.3976 0.1056, -1.71 0.3976 0.128, -2.1339 0.7126 0.2087, -1.8189 0.7126 0.2087, -2.1695 0.7126 0.204, -2.2028 0.7126 0.1902, -2.2313 0.7126 0.1683, -2.2532 0.7126 0.1398, -2.267 0.7126 0.1065, -2.2717 0.7126 0.0709, -2.2717 0.7126 -0.2441, -2.2717 0.6732 -0.3123, -2.2717 0.6542 -0.3201, -2.2717 0.7099 -0.2645, -2.2717 0.702 -0.2835, -2.2717 0.6895 -0.2998, -2.1535 0.6542 -0.3201, -2.1535 0.6732 -0.3123, -2.1535 0.6895 -0.2998, -2.1535 0.702 -0.2835, -2.1535 0.7099 -0.2645, -2.1535 0.7126 -0.2441, -2.1535 0.7126 0.0709, -2.153 0.7126 0.0753, -2.1516 0.7126 0.0794, -2.1492 0.7126 0.0831, -2.1461 0.7126 0.0863, -2.1424 0.7126 0.0886, -2.1382 0.7126 0.0901, -2.1339 0.7126 0.0906, -1.8189 0.7126 0.0906, -1.6505 0.6623 0.2127, -1.6573 0.6691 0.1965, -1.7008 0.7126 0.437, -1.7008 0.7126 0.1357, -1.6952 0.707 0.1409, -1.6795 0.6913 0.159, -1.6417 0.6535 0.437, -1.6417 0.6535 0.2677, -1.6615 0.6733 0.1864, -1.6755 0.6873 0.1637, -1.6439 0.6557 0.2398, -1.6443 0.6561 0.2381, -1.6417 0.3826 0.2677, -1.6418 0.3848 0.2644, -1.6421 0.391 0.2556, -1.6425 0.3923 0.2521, -1.6436 0.396 0.2423, -1.6443 0.3964 0.2382, -1.6444 0.3965 0.2381, -1.7892 0.7126 0.0931, -1.7474 0.7126 0.1056, -1.71 0.7126 0.128, -1.6417 0.3586 0.2874, -1.649 0.3485 0.2874, -1.6417 0.3386 0.2874, -1.6506 0.3456 0.2874, -1.6546 0.3386 0.2874, -1.6802 0.248 0.2284, -1.7598 0.248 0.2284, -1.6792 0.2486 0.2353, -1.7598 0.2488 0.2378, -1.7598 0.2529 0.2518, -1.676 0.2526 0.2512, -1.6761 0.2525 0.2508, -1.6778 0.2502 0.243, -1.6787 0.249 0.2389, -1.6789 0.2489 0.2377, -1.672 0.2604 0.2643, -1.6722 0.2597 0.2636, -1.7598 0.2603 0.2644, -1.6739 0.2566 0.2581, -1.6758 0.2529 0.2518, -1.6693 0.2671 0.2713, -1.7598 0.2706 0.2748, -1.6681 0.2703 0.2746, -1.6646 0.2832 0.2822, -1.6648 0.2819 0.2818, -1.7598 0.2831 0.2823, -1.665 0.2813 0.2814, -1.668 0.2706 0.2748, -1.6628 0.2941 0.286, -1.7598 0.2971 0.2866, -1.6626 0.2971 0.2863, -1.6625 0.298 0.2864, -1.7598 0.3071 0.2874, -1.662 0.3071 0.2874, -1.7598 0.3386 0.2874, -1.6561 0.3342 0.2874, -1.6611 0.3153 0.2874, -1.6603 0.3225 0.2874, -1.774 0.3976 0.2293, -1.7598 0.3485 0.2866, -1.7622 0.3924 0.2521, -1.7632 0.3941 0.2484, -1.7651 0.3953 0.244, -1.7675 0.3967 0.2387, -1.7678 0.3968 0.2382, -1.7725 0.3974 0.2315, -1.6417 0.3485 0.2866, -1.6417 0.3624 0.2824, -1.7598 0.3624 0.2824, -1.6417 0.3749 0.2749, -1.7598 0.3749 0.2749, -1.7598 0.3826 0.2677, -1.7601 0.3849 0.2645, -1.6421 0.391 0.2556, -1.7607 0.3895 0.2582, -1.7608 0.3897 0.2579, -1.7598 0.7126 0.2677, -1.7649 0.7126 0.2439, -1.7607 0.7126 0.2578, -1.7723 0.7126 0.2314, -1.809 0.7126 0.2095, -1.7951 0.7126 0.2137, -1.7826 0.7126 0.2211, -1.2559 0.7126 0.9409, -1.368 0.7126 0.9283, -1.3549 0.7126 0.8707, -1.4746 0.7126 0.891, -1.4489 0.7126 0.8378, -1.5701 0.7126 0.831, -1.5333 0.7126 0.7848, -1.6499 0.7126 0.7512, -1.6037 0.7126 0.7144, -1.7099 0.7126 0.6557, -1.6567 0.7126 0.63, -1.7472 0.7126 0.5491, -1.6896 0.7126 0.536, -1.7598 0.7126 0.437, -1.6321 0.6535 0.5229, -1.6035 0.6535 0.6044, -1.5576 0.6535 0.6776, -1.4965 0.6535 0.7387, -1.4233 0.6535 0.7846, -1.3418 0.6535 0.8132, 0.4795 0.6258 0.8046, -0.5273 0.685 0.8397, -0.4635 0.685 0.8788, -0.4866 0.685 0.8708, -0.4868 0.685 0.8708, -0.5108 0.685 0.8556, -0.5087 0.685 0.8575, -0.4593 0.685 0.8793, -2.2717 -0.9803 -0.185, -2.1535 -0.9803 -0.185, -2.2717 -0.965 -0.183, -2.1535 -0.965 -0.183, -2.2717 -0.9508 -0.1771, -2.1535 -0.9508 -0.1771, -2.2717 -0.9386 -0.1677, -2.1535 -0.9386 -0.1677, -2.2717 -0.9292 -0.1555, -2.1535 -0.9292 -0.1555, -2.2717 -0.9233 -0.1413, -2.1535 -0.9233 -0.1413, -2.2717 -0.9213 -0.126, -2.1535 -0.9213 -0.126, -2.1535 -1.0591 -0.185, -2.2717 -1.0591 -0.185, -2.2717 -1.1181 -0.126, -2.1535 -1.1181 -0.126, -2.2717 -1.1166 -0.1391, -2.1535 -1.1166 -0.1391, -2.2717 -1.1123 -0.1516, -2.1535 -1.1123 -0.1516, -2.2717 -1.1052 -0.1628, -2.1535 -1.1052 -0.1628, -2.2717 -1.0959 -0.1722, -2.1535 -1.0959 -0.1722, -2.2717 -1.0847 -0.1792, -2.1535 -1.0847 -0.1792, -2.2717 -1.0722 -0.1836, -2.1535 -1.0722 -0.1836, -2.1535 -0.8622 -0.3228, -2.1535 -1.1772 -0.3228, -2.2717 -0.8622 -0.3228, -2.2717 -1.1772 -0.3228, -2.1535 -1.1181 -0.0079, -2.2717 -1.1181 -0.0079, -2.1529 -1.1181 -0.0028, -2.267 -1.1181 0.0278, -2.1509 -1.1181 0.002, -2.2532 -1.1181 0.061, -2.1478 -1.1181 0.006, -2.2313 -1.1181 0.0896, -2.1437 -1.1181 0.0092, -2.2028 -1.1181 0.1115, -2.139 -1.1181 0.0111, -2.1695 -1.1181 0.1252, -2.1339 -1.1181 0.0118, -2.1339 -1.1181 0.1299, -2.0354 -1.1181 0.0118, -2.0354 -1.1181 0.1299, -1.9764 -1.0591 0.1299, -1.9764 -1.0591 0.0118, -1.9784 -1.0744 0.1299, -1.9784 -1.0744 0.0118, -1.9843 -1.0886 0.1299, -1.9843 -1.0886 0.0118, -1.9937 -1.1008 0.1299, -1.9937 -1.1008 0.0118, -2.0059 -1.1102 0.1299, -2.0059 -1.1102 0.0118, -2.0201 -1.1161 0.1299, -2.0201 -1.1161 0.0118, -1.9764 -0.9803 0.0118, -1.9764 -0.9803 0.1299, -1.9784 -0.965 0.0118, -1.9784 -0.965 0.1299, -1.9843 -0.9508 0.0118, -1.9843 -0.9508 0.1299, -1.9937 -0.9386 0.0118, -1.9937 -0.9386 0.1299, -2.0059 -0.9292 0.0118, -2.0059 -0.9292 0.1299, -2.0201 -0.9233 0.0118, -2.0201 -0.9233 0.1299, -2.0354 -0.9213 0.0118, -2.0354 -0.9213 0.1299, -2.1339 -0.9213 0.0118, -2.1339 -0.9213 0.1299, -2.139 -0.9213 0.0111, -2.1695 -0.9213 0.1252, -2.1437 -0.9213 0.0092, -2.2028 -0.9213 0.1115, -2.1478 -0.9213 0.006, -2.2313 -0.9213 0.0896, -2.1509 -0.9213 0.002, -2.2532 -0.9213 0.061, -2.1529 -0.9213 -0.0028, -2.267 -0.9213 0.0278, -2.1535 -0.9213 -0.0079, -2.2717 -0.9213 -0.0079, 2.1535 -0.9803 -0.185, 2.1535 -1.0591 -0.185, 2.2717 -0.9803 -0.185, 2.2717 -1.0591 -0.185, 2.2717 -1.0722 -0.1836, 2.1535 -1.0722 -0.1836, 2.2717 -1.0847 -0.1792, 2.1535 -1.0847 -0.1792, 2.2717 -1.0959 -0.1722, 2.1535 -1.0959 -0.1722, 2.2717 -1.1052 -0.1628, 2.1535 -1.1052 -0.1628, 2.2717 -1.1123 -0.1516, 2.1535 -1.1123 -0.1516, 2.2717 -1.1166 -0.1391, 2.1535 -1.1166 -0.1391, 2.2717 -1.1181 -0.126, 2.1535 -1.1181 -0.126, 2.2717 -0.8622 -0.3228, 2.2717 -1.1772 -0.3228, 2.1535 -0.8622 -0.3228, 2.1535 -1.1772 -0.3228, 2.1535 -0.9672 -0.1836, 2.2717 -0.9672 -0.1836, 2.1535 -0.9547 -0.1792, 2.2717 -0.9547 -0.1792, 2.1535 -0.9435 -0.1722, 2.2717 -0.9435 -0.1722, 2.1535 -0.9342 -0.1628, 2.2717 -0.9342 -0.1628, 2.1535 -0.9271 -0.1516, 2.2717 -0.9271 -0.1516, 2.1535 -0.9228 -0.1391, 2.2717 -0.9228 -0.1391, 2.1535 -0.9213 -0.126, 2.2717 -0.9213 -0.126, 2.2717 -1.1181 -0.0079, 2.1535 -1.1181 -0.0079, 2.2682 -1.1181 0.0228, 2.1529 -1.1181 -0.0028, 2.258 -1.1181 0.0519, 2.1509 -1.1181 0.002, 2.2416 -1.1181 0.078, 2.1478 -1.1181 0.006, 2.0354 -1.1181 0.0118, 2.0354 -1.1181 0.1299, 2.1339 -1.1181 0.0118, 2.1339 -1.1181 0.1299, 2.139 -1.1181 0.0111, 2.1645 -1.1181 0.1265, 2.1437 -1.1181 0.0092, 2.1936 -1.1181 0.1163, 2.2198 -1.1181 0.0999, 1.9764 -1.0591 0.0118, 1.9764 -1.0591 0.1299, 1.9779 -1.0722 0.0118, 1.9779 -1.0722 0.1299, 1.9822 -1.0847 0.0118, 1.9822 -1.0847 0.1299, 1.9893 -1.0959 0.0118, 1.9893 -1.0959 0.1299, 1.9986 -1.1052 0.0118, 1.9986 -1.1052 0.1299, 2.0098 -1.1123 0.0118, 2.0098 -1.1123 0.1299, 2.0223 -1.1166 0.0118, 2.0223 -1.1166 0.1299, 1.9764 -0.9803 0.1299, 1.9764 -0.9803 0.0118, 1.9784 -0.965 0.1299, 1.9784 -0.965 0.0118, 1.9843 -0.9508 0.1299, 1.9843 -0.9508 0.0118, 1.9937 -0.9386 0.1299, 1.9937 -0.9386 0.0118, 2.0059 -0.9292 0.1299, 2.0059 -0.9292 0.0118, 2.0201 -0.9233 0.1299, 2.0201 -0.9233 0.0118, 2.0354 -0.9213 0.1299, 2.0354 -0.9213 0.0118, 2.1535 -0.9213 -0.0079, 2.2717 -0.9213 -0.0079, 2.1529 -0.9213 -0.0028, 2.2682 -0.9213 0.0228, 2.1509 -0.9213 0.002, 2.258 -0.9213 0.0519, 2.2416 -0.9213 0.078, 2.1478 -0.9213 0.006, 2.2198 -0.9213 0.0999, 2.1437 -0.9213 0.0092, 2.1936 -0.9213 0.1163, 2.139 -0.9213 0.0111, 2.1645 -0.9213 0.1265, 2.1339 -0.9213 0.0118, 2.1339 -0.9213 0.1299, -2.1339 -0.7835 0.1299, -2.1695 -0.7835 0.1252, -2.2028 -0.7835 0.1115, -2.2313 -0.7835 0.0896, -2.2532 -0.7835 0.061, -2.267 -0.7835 0.0278, -2.2717 -0.7835 -0.0079, -2.2717 -0.7835 -0.2441, -2.1535 -0.7835 -0.2441, -2.1535 -0.7862 -0.2645, -2.2717 -0.7862 -0.2645, -2.1535 -0.794 -0.2835, -2.2717 -0.794 -0.2835, -2.1535 -0.8065 -0.2998, -2.2717 -0.8065 -0.2998, -2.1535 -0.8229 -0.3123, -2.2717 -0.8229 -0.3123, -2.1535 -0.8418 -0.3201, -2.2717 -0.8418 -0.3201, -2.1339 -0.7835 0.0118, -2.139 -0.7835 0.0111, -2.1437 -0.7835 0.0092, -2.1478 -0.7835 0.006, -2.1509 -0.7835 0.002, -2.1529 -0.7835 -0.0028, -2.1535 -0.7835 -0.0079, -1.8189 -0.7835 0.0118, -1.8189 -1.2559 0.0118, -2.1339 -1.2559 0.0118, -2.139 -1.2559 0.0111, -2.1437 -1.2559 0.0092, -2.1478 -1.2559 0.006, -2.1509 -1.2559 0.002, -2.1529 -1.2559 -0.0028, -2.1535 -1.2559 -0.0079, -2.1535 -1.2559 -0.2441, -2.1535 -1.1976 -0.3201, -2.1535 -1.2532 -0.2645, -2.1535 -1.2454 -0.2835, -2.1535 -1.2329 -0.2998, -2.1535 -1.2166 -0.3123, -2.2717 -1.2559 -0.2441, -2.2717 -1.2532 -0.2645, -2.2717 -1.2454 -0.2835, -2.2717 -1.2329 -0.2998, -2.2717 -1.2166 -0.3123, -2.2717 -1.1976 -0.3201, -2.2717 -1.2559 -0.0079, -2.1339 -1.2559 0.1299, -2.1695 -1.2559 0.1252, -2.2028 -1.2559 0.1115, -2.2313 -1.2559 0.0896, -2.2532 -1.2559 0.061, -2.267 -1.2559 0.0278, -1.8189 -0.7835 0.1299, -1.8189 -1.2559 0.1299, 2.1535 -0.7835 -0.0079, 2.1529 -0.7835 -0.0028, 2.1509 -0.7835 0.002, 2.1478 -0.7835 0.006, 2.1437 -0.7835 0.0092, 2.139 -0.7835 0.0111, 2.1339 -0.7835 0.0118, 2.1535 -0.7835 -0.2441, 2.2717 -0.7835 -0.2441, 2.2717 -0.7862 -0.2645, 2.1535 -0.7862 -0.2645, 2.2717 -0.794 -0.2835, 2.1535 -0.794 -0.2835, 2.2717 -0.8065 -0.2998, 2.1535 -0.8065 -0.2998, 2.2717 -0.8229 -0.3123, 2.1535 -0.8229 -0.3123, 2.2717 -0.8418 -0.3201, 2.1535 -0.8418 -0.3201, 2.2717 -0.7835 -0.0079, 2.2682 -0.7835 0.0228, 2.258 -0.7835 0.0519, 2.2416 -0.7835 0.078, 2.2198 -0.7835 0.0999, 2.1936 -0.7835 0.1163, 2.1645 -0.7835 0.1265, 2.1339 -0.7835 0.1299, 2.1339 -1.2559 0.1299, 1.8189 -0.7835 0.1299, 1.8189 -1.2559 0.1299, 2.2717 -1.2559 -0.0079, 2.2682 -1.2559 0.0228, 2.258 -1.2559 0.0519, 2.2416 -1.2559 0.078, 2.2198 -1.2559 0.0999, 2.1936 -1.2559 0.1163, 2.1645 -1.2559 0.1265, 2.2717 -1.2559 -0.2441, 2.2717 -1.1976 -0.3201, 2.2717 -1.2166 -0.3123, 2.2717 -1.2329 -0.2998, 2.2717 -1.2454 -0.2835, 2.2717 -1.2532 -0.2645, 2.1535 -1.2559 -0.2441, 2.1535 -1.2532 -0.2645, 2.1535 -1.2454 -0.2835, 2.1535 -1.2329 -0.2998, 2.1535 -1.2166 -0.3123, 2.1535 -1.1976 -0.3201, 2.1535 -1.2559 -0.0079, 2.1529 -1.2559 -0.0028, 2.1509 -1.2559 0.002, 2.1478 -1.2559 0.006, 2.1437 -1.2559 0.0092, 2.139 -1.2559 0.0111, 2.1339 -1.2559 0.0118, 1.8189 -1.2559 0.0118, 1.8189 -0.7835 0.0118, -1.7598 -1.2559 0.189, -1.7598 -0.7835 0.189, -1.7619 -1.2559 0.1737, -1.7619 -0.7835 0.1737, -1.7678 -1.2559 0.1595, -1.7678 -0.7835 0.1595, -1.7771 -1.2559 0.1472, -1.7771 -0.7835 0.1472, -1.7894 -1.2559 0.1378, -1.7894 -0.7835 0.1378, -1.8036 -1.2559 0.1319, -1.8036 -0.7835 0.1319, -0.5852 -0.0354 -0.2213, -0.5852 0.1614 -0.2213, -0.5691 0.1614 -0.2486, -0.5691 -0.0354 -0.2486, -0.5471 0.1614 -0.2715, -0.5471 -0.0354 -0.2715, -0.5206 0.1614 -0.2888, -0.5206 -0.0354 -0.2888, -0.4907 0.1614 -0.2995, -0.4907 -0.0354 -0.2995, -0.4593 0.1614 -0.3031, -0.4593 -0.0354 -0.3031, -0.9376 -0.0354 -0.3031, -0.9376 0.1614 -0.3031, -0.9061 0.1614 -0.2995, -0.9061 -0.0354 -0.2995, -0.8763 0.1614 -0.2888, -0.8763 -0.0354 -0.2888, -0.8497 0.1614 -0.2715, -0.8497 -0.0354 -0.2715, -0.8278 0.1614 -0.2486, -0.8278 -0.0354 -0.2486, -0.8117 0.1614 -0.2213, -0.8117 -0.0354 -0.2213, -0.1398 0.158 -0.185, -0.1398 0.158 -0.3031, -0.1524 0.1643 -0.185, -0.1524 0.1643 -0.3031, -0.1636 0.1738 -0.185, -0.1636 0.1738 -0.3031, -0.172 0.1856 -0.185, -0.172 0.1856 -0.3031, -0.1773 0.1992 -0.185, -0.1773 0.1992 -0.3031, -0.1791 0.2137 -0.185, -0.1791 0.2137 -0.3031, -0.1271 0.1517 -0.3031, -0.1271 0.1517 -0.185, -0.116 0.1423 -0.185, -0.116 0.1423 -0.3031, -0.1075 0.1304 -0.185, -0.1075 0.1304 -0.3031, -0.1022 0.1168 -0.185, -0.1022 0.1168 -0.3031, -0.1004 0.1023 -0.185, -0.1004 0.1023 -0.3031, -0.1004 -0.2644 -0.185, -0.1004 -0.2644 -0.3031, -0.0059 -0.319 -0.185, -0.0059 -0.319 -0.3031, -0.0211 -0.3253 -0.185, -0.0211 -0.3253 -0.3031, -0.0374 -0.3274 -0.185, -0.0374 -0.3274 -0.3031, -0.0537 -0.3253 -0.185, -0.0537 -0.3253 -0.3031, -0.0689 -0.319 -0.185, -0.0689 -0.319 -0.3031, -0.0819 -0.309 -0.185, -0.0819 -0.309 -0.3031, -0.092 -0.2959 -0.185, -0.092 -0.2959 -0.3031, -0.0982 -0.2807 -0.185, -0.0982 -0.2807 -0.3031, 0.126 -0.2428 -0.185, 0.126 -0.2428 -0.3031, 0.1402 -0.2369 -0.185, 0.1402 -0.2369 -0.3031, 0.1555 -0.2349 -0.185, 0.1555 -0.2349 -0.3031, 0.1708 -0.2369 -0.185, 0.1708 -0.2369 -0.3031, 0.185 -0.2428 -0.185, 0.185 -0.2428 -0.3031, 0.1973 -0.2522 -0.185, 0.1973 -0.2522 -0.3031, 0.2067 -0.2645 -0.185, 0.2067 -0.2645 -0.3031, 0.2126 -0.2787 -0.185, 0.2126 -0.2787 -0.3031, 0.2146 -0.294 -0.185, 0.2146 -0.294 -0.3031, 0.2146 -0.6581 -0.185, 0.2146 -0.6581 -0.3031, 0.126 -0.7093 -0.185, 0.126 -0.7093 -0.3031, 0.1386 -0.7147 -0.3031, 0.1386 -0.7147 -0.185, 0.1521 -0.7171 -0.3031, 0.1521 -0.7171 -0.185, 0.1658 -0.7163 -0.3031, 0.1658 -0.7163 -0.185, 0.1789 -0.7124 -0.3031, 0.1789 -0.7124 -0.185, 0.1908 -0.7055 -0.3031, 0.1908 -0.7055 -0.185, 0.2008 -0.6961 -0.3031, 0.2008 -0.6961 -0.185, 0.2083 -0.6846 -0.3031, 0.2083 -0.6846 -0.185, 0.213 -0.6718 -0.3031, 0.213 -0.6718 -0.185, -0.0059 -0.6331 -0.185, -0.0059 -0.6331 -0.3031, -0.1004 -0.6877 -0.185, -0.1004 -0.6877 -0.3031, -0.0987 -0.6732 -0.185, -0.0987 -0.6732 -0.3031, -0.0937 -0.6594 -0.185, -0.0937 -0.6594 -0.3031, -0.0857 -0.6472 -0.185, -0.0857 -0.6472 -0.3031, -0.075 -0.6372 -0.185, -0.075 -0.6372 -0.3031, -0.0624 -0.6299 -0.185, -0.0624 -0.6299 -0.3031, -0.0483 -0.6257 -0.185, -0.0483 -0.6257 -0.3031, -0.0337 -0.6248 -0.185, -0.0337 -0.6248 -0.3031, -0.0193 -0.6273 -0.185, -0.0193 -0.6273 -0.3031, -0.1004 -1.0587 -0.3031, -0.1004 -1.0587 -0.185, -0.0059 -1.1133 -0.185, -0.0059 -1.1133 -0.3031, -0.0193 -1.1191 -0.185, -0.0193 -1.1191 -0.3031, -0.0337 -1.1216 -0.185, -0.0337 -1.1216 -0.3031, -0.0483 -1.1208 -0.185, -0.0483 -1.1208 -0.3031, -0.0624 -1.1166 -0.185, -0.0624 -1.1166 -0.3031, -0.075 -1.1093 -0.185, -0.075 -1.1093 -0.3031, -0.0857 -1.0992 -0.185, -0.0857 -1.0992 -0.3031, -0.0937 -1.087 -0.185, -0.0937 -1.087 -0.3031, -0.0987 -1.0733 -0.185, -0.0987 -1.0733 -0.3031, 0.126 -1.0372 -0.3031, 0.126 -1.0372 -0.185, 0.2146 -1.0883 -0.185, 0.2146 -1.0883 -0.3031, 0.213 -1.0747 -0.3031, 0.213 -1.0747 -0.185, 0.2083 -1.0618 -0.3031, 0.2083 -1.0618 -0.185, 0.2008 -1.0503 -0.3031, 0.2008 -1.0503 -0.185, 0.1908 -1.0409 -0.3031, 0.1908 -1.0409 -0.185, 0.1789 -1.0341 -0.3031, 0.1789 -1.0341 -0.185, 0.1658 -1.0301 -0.3031, 0.1658 -1.0301 -0.185, 0.1521 -1.0293 -0.3031, 0.1521 -1.0293 -0.185, 0.1386 -1.0317 -0.3031, 0.1386 -1.0317 -0.185, 0.2146 -1.4297 -0.3031, 0.2146 -1.4297 -0.185, 0.126 -1.4809 -0.185, 0.126 -1.4809 -0.3031, 0.1386 -1.4863 -0.3031, 0.1386 -1.4863 -0.185, 0.1521 -1.4887 -0.3031, 0.1521 -1.4887 -0.185, 0.1658 -1.4879 -0.3031, 0.1658 -1.4879 -0.185, 0.1789 -1.4839 -0.3031, 0.1789 -1.4839 -0.185, 0.1908 -1.4771 -0.3031, 0.1908 -1.4771 -0.185, 0.2008 -1.4677 -0.3031, 0.2008 -1.4677 -0.185, 0.2083 -1.4562 -0.3031, 0.2083 -1.4562 -0.185, 0.213 -1.4433 -0.3031, 0.213 -1.4433 -0.185, -0.0059 -1.4047 -0.3031, -0.0059 -1.4047 -0.185, -0.0193 -1.3989 -0.3031, -0.0193 -1.3989 -0.185, -0.0337 -1.3964 -0.3031, -0.0337 -1.3964 -0.185, -0.0483 -1.3972 -0.3031, -0.0483 -1.3972 -0.185, -0.0624 -1.4014 -0.3031, -0.0624 -1.4014 -0.185, -0.075 -1.4087 -0.3031, -0.075 -1.4087 -0.185, -0.0857 -1.4188 -0.3031, -0.0857 -1.4188 -0.185, -0.0937 -1.431 -0.3031, -0.0937 -1.431 -0.185, -0.0987 -1.4447 -0.3031, -0.0987 -1.4447 -0.185, -0.1004 -1.4593 -0.3031, -0.1004 -1.4593 -0.185, -0.9724 -1.3937 -0.3031, -0.9724 -1.3937 -0.185, -0.9462 -1.3908 -0.3031, -0.9462 -1.3908 -0.185, -0.9212 -1.382 -0.3031, -0.9212 -1.382 -0.185, -0.8988 -1.3679 -0.3031, -0.8988 -1.3679 -0.185, -0.8801 -1.3492 -0.3031, -0.8801 -1.3492 -0.185, -0.866 -1.3269 -0.3031, -0.866 -1.3269 -0.185, -0.8573 -1.3019 -0.3031, -0.8573 -1.3019 -0.185, -0.8543 -1.2756 -0.3031, -0.8543 -1.2756 -0.185, -0.8543 -0.7638 -0.3031, -0.8543 -0.7638 -0.185, -0.8584 -0.7332 -0.3031, -0.8584 -0.7332 -0.185, -0.8702 -0.7047 -0.3031, -0.8702 -0.7047 -0.185, -0.8889 -0.6803 -0.3031, -0.8889 -0.6803 -0.185, -0.9134 -0.6615 -0.3031, -0.9134 -0.6615 -0.185, -0.9419 -0.6497 -0.3031, -0.9419 -0.6497 -0.185, -0.9724 -0.6457 -0.3031, -0.9724 -0.6457 -0.185, -1.6417 0.2086 0.2008, -1.6417 -0.6457 0.2008, -1.6408 0.2086 0.1741, -1.6321 -0.6457 0.1149, -1.63 0.2086 0.1153, -1.625 0.2086 0.0884, -1.6035 -0.6457 0.0334, -1.6015 0.2086 0.0342, -1.5904 0.2086 0.0085, -1.5576 -0.6457 -0.0398, -1.5558 0.2086 -0.0385, -1.5387 0.2086 -0.0617, -1.4965 -0.6457 -0.1009, -1.495 0.2086 -0.0992, -1.4726 0.2086 -0.1184, -1.4233 -0.6457 -0.1468, -1.4223 0.2086 -0.1448, -1.3955 0.2086 -0.1589, -1.3418 -0.6457 -0.1754, -1.3412 0.2086 -0.1732, -1.3113 0.2086 -0.181, -1.2559 -0.6457 -0.185, -1.2559 0.2086 -0.185, -1.6417 -0.6457 0.2598, -1.7598 -0.6457 0.2598, -1.7598 -0.6457 0.2008, -1.7472 -0.6457 0.0887, -1.7099 -0.6457 -0.0179, -1.6499 -0.6457 -0.1134, -1.5701 -0.6457 -0.1932, -1.4746 -0.6457 -0.2532, -1.368 -0.6457 -0.2905, -1.2559 -0.6457 -0.3031, -1.7598 -0.6472 0.273, -1.6417 -0.6472 0.273, -1.7598 -0.6515 0.2855, -1.6417 -0.6515 0.2855, -1.7598 -0.6586 0.2967, -1.6417 -0.6586 0.2967, -1.7598 -0.6679 0.306, -1.6417 -0.6679 0.306, -1.7598 -0.6791 0.3131, -1.6417 -0.6791 0.3131, -1.7598 -0.6916 0.3174, -1.6417 -0.6916 0.3174, -1.7598 -0.7047 0.3189, -1.6417 -0.7047 0.3189, -1.6417 -0.7244 0.3189, -1.7598 -0.7244 0.3189, -1.6417 -0.7835 0.2598, -1.7598 -0.7835 0.2598, -1.6417 -0.7815 0.2751, -1.7598 -0.7815 0.2751, -1.6417 -0.7756 0.2894, -1.7598 -0.7756 0.2894, -1.6417 -0.7662 0.3016, -1.7598 -0.7662 0.3016, -1.6417 -0.754 0.311, -1.7598 -0.754 0.311, -1.6417 -0.7397 0.3169, -1.7598 -0.7397 0.3169, -1.6417 -0.7835 0.189, -1.6478 -0.7835 0.1431, -1.6655 -0.7835 0.1004, -1.6936 -0.7835 0.0637, -1.7303 -0.7835 0.0356, -1.773 -0.7835 0.0179, -1.6417 -1.2559 0.189, -1.6478 -1.2559 0.1431, -1.6655 -1.2559 0.1004, -1.6936 -1.2559 0.0637, -1.7303 -1.2559 0.0356, -1.773 -1.2559 0.0179, -1.6417 -1.2559 0.2598, -1.7598 -1.2559 0.2598, -1.6417 -1.315 0.3189, -1.7598 -1.315 0.3189, -1.6417 -1.3018 0.3174, -1.7598 -1.3018 0.3174, -1.6417 -1.2894 0.3131, -1.7598 -1.2894 0.3131, -1.6417 -1.2782 0.306, -1.7598 -1.2782 0.306, -1.6417 -1.2688 0.2967, -1.7598 -1.2688 0.2967, -1.6417 -1.2618 0.2855, -1.7598 -1.2618 0.2855, -1.6417 -1.2574 0.273, -1.7598 -1.2574 0.273, -1.7598 -1.3347 0.3189, -1.6417 -1.3347 0.3189, -1.7598 -1.3499 0.3169, -1.6417 -1.3499 0.3169, -1.7598 -1.3642 0.311, -1.6417 -1.3642 0.311, -1.7598 -1.3764 0.3016, -1.6417 -1.3764 0.3016, -1.7598 -1.3858 0.2894, -1.6417 -1.3858 0.2894, -1.7598 -1.3917 0.2751, -1.6417 -1.3917 0.2751, -1.7598 -1.3937 0.2598, -1.6417 -1.3937 0.2598, -1.2559 -1.3937 -0.185, -1.2559 -1.3937 -0.3031, -1.3558 -1.3937 -0.1719, -1.368 -1.3937 -0.2905, -1.4488 -1.3937 -0.1333, -1.7598 -1.3937 0.2008, -1.6417 -1.3937 0.2008, -1.7472 -1.3937 0.0887, -1.6286 -1.3937 0.1009, -1.7099 -1.3937 -0.0179, -1.59 -1.3937 0.0079, -1.6499 -1.3937 -0.1134, -1.5287 -1.3937 -0.072, -1.5701 -1.3937 -0.1932, -1.4746 -1.3937 -0.2532, -1.6417 -1.7284 0.2008, -1.6321 -1.7284 0.1149, -1.6273 -1.7284 0.1014, -1.6035 -1.7284 0.0334, -1.5882 -1.7284 0.009, -1.5576 -1.7284 -0.0398, -1.527 -1.7284 -0.0703, -1.4965 -1.7284 -0.1009, -1.4477 -1.7284 -0.1315, -1.4233 -1.7284 -0.1468, -1.2559 -1.7284 -0.185, -1.3418 -1.7284 -0.1754, -1.3553 -1.7284 -0.1706, 1.7795 -1.2559 0.0163, 1.7795 -0.7835 0.0163, 1.742 -1.2559 0.0294, 1.742 -0.7835 0.0294, 1.7084 -1.2559 0.0505, 1.7084 -0.7835 0.0505, 1.6804 -1.2559 0.0785, 1.6804 -0.7835 0.0785, 1.6593 -1.2559 0.1121, 1.6593 -0.7835 0.1121, 1.6462 -1.2559 0.1496, 1.6462 -0.7835 0.1496, 1.6417 -1.2559 0.189, 1.6416 -0.7835 0.189, 1.7598 -0.7047 0.3189, 1.7598 -0.7244 0.3189, 1.6417 -0.7047 0.3189, 1.6417 -0.7244 0.3189, 1.7598 -0.7835 0.2598, 1.6418 -0.7835 0.2598, 1.6417 -0.7815 0.2751, 1.6417 -0.7397 0.3169, 1.7598 -0.7397 0.3169, 1.6417 -0.754 0.311, 1.7598 -0.754 0.311, 1.6417 -0.7662 0.3016, 1.7598 -0.7662 0.3016, 1.6417 -0.7756 0.2894, 1.7598 -0.7756 0.2894, 1.7598 -0.7815 0.2751, 1.7598 -0.7835 0.189, 1.7613 -0.7835 0.1758, 1.7657 -0.7835 0.1634, 1.7727 -0.7835 0.1522, 1.7821 -0.7835 0.1428, 1.7933 -0.7835 0.1358, 1.8058 -0.7835 0.1314, 1.8058 -1.2559 0.1314, 1.7933 -1.2559 0.1358, 1.7821 -1.2559 0.1428, 1.7727 -1.2559 0.1522, 1.7657 -1.2559 0.1634, 1.7613 -1.2559 0.1758, 1.7598 -1.2559 0.189, 1.7598 -1.2559 0.2598, 1.6417 -1.2559 0.2598, 1.7598 -1.315 0.3189, 1.6417 -1.315 0.3189, 1.7598 -1.3018 0.3174, 1.6417 -1.3018 0.3174, 1.7598 -1.2894 0.3131, 1.6417 -1.2894 0.3131, 1.7598 -1.2782 0.306, 1.6417 -1.2782 0.306, 1.7598 -1.2688 0.2967, 1.6417 -1.2688 0.2967, 1.7598 -1.2618 0.2855, 1.6417 -1.2618 0.2855, 1.7598 -1.2574 0.273, 1.6417 -1.2574 0.273, 1.6417 -1.3347 0.3189, 1.7598 -1.3347 0.3189, 1.6417 -0.6457 0.2598, 1.7598 -0.6457 0.2598, 1.6417 -0.6472 0.273, 1.7598 -0.6472 0.273, 1.6417 -0.6515 0.2855, 1.7598 -0.6515 0.2855, 1.6417 -0.6586 0.2967, 1.7598 -0.6586 0.2967, 1.6417 -0.6679 0.306, 1.7598 -0.6679 0.306, 1.6417 -0.6791 0.3131, 1.7598 -0.6791 0.3131, 1.6417 -0.6916 0.3174, 1.7598 -0.6916 0.3174, 1.6417 -1.3478 0.3174, 1.7598 -1.3478 0.3174, 1.6417 -1.3603 0.3131, 1.7598 -1.3603 0.3131, 1.6417 -1.3715 0.306, 1.7598 -1.3715 0.306, 1.6417 -1.3808 0.2967, 1.7598 -1.3808 0.2967, 1.6417 -1.3879 0.2855, 1.7598 -1.3879 0.2855, 1.6417 -1.3922 0.273, 1.7598 -1.3922 0.273, 1.6417 -1.3937 0.2598, 1.7598 -1.3937 0.2598, 1.2559 -1.7284 -0.185, 1.2559 -1.8465 -0.2441, 1.3418 -1.7284 -0.1754, 1.3549 -1.8465 -0.2329, 1.4233 -1.7284 -0.1468, 1.4489 -1.8465 -0.2, 1.4965 -1.7284 -0.1009, 1.5333 -1.8465 -0.147, 1.5576 -1.7284 -0.0398, 1.6037 -1.8465 -0.0766, 1.6035 -1.7284 0.0334, 1.6567 -1.8465 0.0078, 1.6321 -1.7284 0.1149, 1.6896 -1.8465 0.1018, 1.6417 -1.7284 0.2008, 1.7008 -1.8465 0.2008, 1.7008 -1.8465 0.437, 1.6417 -1.7284 0.437, 1.6321 -1.7284 0.5229, 1.6896 -1.8465 0.536, 1.6035 -1.7284 0.6044, 1.6567 -1.8465 0.63, 1.5576 -1.7284 0.6776, 1.6037 -1.8465 0.7144, 1.4965 -1.7284 0.7387, 1.5333 -1.8465 0.7848, 1.4233 -1.7284 0.7846, 1.4489 -1.8465 0.8378, 1.3418 -1.7284 0.8132, 1.3549 -1.8465 0.8707, 1.2559 -1.7284 0.8228, 1.2559 -1.8465 0.8819, -1.2559 -1.7284 0.8228, -1.2559 -1.8465 0.8819, -1.3418 -1.7284 0.8132, -1.3549 -1.8465 0.8707, -1.4233 -1.7284 0.7846, -1.4489 -1.8465 0.8378, -1.4965 -1.7284 0.7387, -1.5333 -1.8465 0.7848, -1.5576 -1.7284 0.6776, -1.6037 -1.8465 0.7144, -1.6035 -1.7284 0.6044, -1.6567 -1.8465 0.63, -1.6321 -1.7284 0.5229, -1.6896 -1.8465 0.536, -1.6417 -1.7284 0.437, -1.7008 -1.8465 0.437, -1.7008 -1.8465 0.2008, -1.3549 -1.8465 -0.2329, -1.2559 -1.8465 -0.2441, -1.4489 -1.8465 -0.2, -1.5333 -1.8465 -0.147, -1.6037 -1.8465 -0.0766, -1.6567 -1.8465 0.0078, -1.6896 -1.8465 0.1018, -0.1004 -1.8465 -0.2441, -0.1004 -1.7284 -0.185, -0.1004 -1.8465 -0.3031, -1.2559 -1.8465 -0.3031, -1.368 -1.8465 -0.2905, -1.4746 -1.8465 -0.2532, -1.5701 -1.8465 -0.1932, -1.6499 -1.8465 -0.1134, -1.7099 -1.8465 -0.0179, -1.7472 -1.8465 0.0887, -1.7598 -1.8465 0.2008, -1.7598 -1.8465 0.437, -1.7598 0.248 0.2008, -1.6319 0.248 -0.1347, -1.6499 0.248 -0.1134, -1.7099 0.248 -0.0179, -1.7472 0.248 0.0887, -1.1334 0.2277 -0.185, -1.1702 0.2189 -0.185, -1.2386 0.209 -0.185, -1.1876 0.2148 -0.185, -1.6801 0.248 0.1713, -1.6417 0.2089 0.2134, -1.6417 0.2095 0.2259, -1.6627 0.248 0.0769, -1.6319 0.248 0.0022, -1.6245 0.248 -0.0111, -1.5676 0.248 -0.0884, -1.4948 0.248 -0.151, -1.6417 0.2114 0.2363, -1.6417 0.2126 0.2421, -1.6417 0.2151 0.2476, -1.6417 0.2193 0.257, -1.6417 0.2206 0.2587, -1.6417 0.2283 0.2688, -1.6417 0.2313 0.2728, -1.6417 0.2451 0.2842, -1.6417 0.2476 0.2854, -1.6417 0.2653 0.2946, -1.6417 0.2708 0.296, -1.6417 0.2905 0.3013, -1.6417 0.2947 0.3014, -1.6417 0.3174 0.3019, -1.6417 0.318 0.3018, -1.6603 0.3225 0.2874, -1.6417 0.34 0.2972, -1.6417 0.341 0.297, -1.6417 0.3499 0.2924, -1.6417 0.3558 0.2895, 1.6417 0.2431 0.2818, 1.6417 0.232 0.2733, 1.6417 0.2297 0.2704, 1.6417 0.2206 0.2592, 1.6417 0.2192 0.2564, 1.6417 0.2128 0.2431, 1.6417 0.2086 0.2008, 1.6417 -0.6457 0.2008, 1.6417 0.2089 0.2134, 1.6417 0.2095 0.2259, 1.6417 0.2124 0.241, 1.6417 -1.3937 0.2008, 1.6597 0.289 0.2874, 1.2559 0.248 -0.2244, 1.2559 0.2086 -0.185, 1.3169 0.248 -0.22, 1.3113 0.2086 -0.181, 1.4098 0.248 -0.1956, 1.3551 0.2086 -0.1695, 1.3955 0.2086 -0.1589, 1.4653 0.248 -0.1693, 1.4478 0.2086 -0.1314, 1.4948 0.248 -0.151, 1.4726 0.2086 -0.1184, 1.5278 0.2086 -0.071, 1.5676 0.248 -0.0884, 1.5387 0.2086 -0.0617, 1.6245 0.248 -0.0111, 1.59 0.2086 0.0079, 1.5904 0.2086 0.0085, 1.625 0.2086 0.0884, 1.6274 0.2086 0.1012, 1.6408 0.2086 0.1741, 1.7598 -1.8465 0.437, 1.7598 -0.6457 0.2008, 1.7598 -1.8465 0.2008, 1.7598 -1.3937 0.2008, 1.7472 -1.8465 0.0887, 1.7472 -1.3937 0.0887, 1.7099 -1.8465 -0.0179, 1.7099 -1.3937 -0.0179, 1.6499 -1.8465 -0.1134, 1.6499 -1.3937 -0.1134, 1.5701 -1.8465 -0.1932, 1.5701 -1.3937 -0.1932, 1.4746 -1.8465 -0.2532, 1.4746 -1.3937 -0.2532, 1.368 -1.8465 -0.2905, 1.368 -1.3937 -0.2905, 1.2559 -1.8465 -0.3031, 1.2559 -1.3937 -0.3031, 1.2559 -0.6457 -0.3031, 1.2559 0.248 -0.3031, 1.368 0.248 -0.2905, 1.368 -0.6457 -0.2905, 1.4746 0.248 -0.2532, 1.4746 -0.6457 -0.2532, 1.5701 0.248 -0.1932, 1.5701 -0.6457 -0.1932, 1.5979 0.248 -0.1693, 1.6499 -0.6457 -0.1134, 1.7099 -0.6457 -0.0179, 1.7472 -0.6457 0.0887, 0.4596 -0.0354 -0.3031, 0.4596 0.1614 -0.3031, 0.4911 0.1614 -0.2995, 0.4911 -0.0354 -0.2995, 0.5209 0.1614 -0.2888, 0.5209 -0.0354 -0.2888, 0.5475 0.1614 -0.2715, 0.5475 -0.0354 -0.2715, 0.5695 0.1614 -0.2486, 0.5695 -0.0354 -0.2486, 0.5856 0.1614 -0.2213, 0.5856 -0.0354 -0.2213, 0.8121 -0.0354 -0.2213, 0.8121 0.1614 -0.2213, 0.8282 0.1614 -0.2486, 0.8282 -0.0354 -0.2486, 0.8501 0.1614 -0.2715, 0.8501 -0.0354 -0.2715, 0.8767 0.1614 -0.2888, 0.8767 -0.0354 -0.2888, 0.9065 0.1614 -0.2995, 0.9065 -0.0354 -0.2995, 0.938 0.1614 -0.3031, 0.938 -0.0354 -0.3031, 0.2067 0.2401 -0.3031, 0.1683 0.2401 -0.2989, 0.1318 0.2401 -0.2865, 0.0988 0.2401 -0.2665, 0.071 0.2401 -0.2399, 0.8121 -0.0354 0.8591, 0.8121 0.1614 0.8591, 0.5856 -0.0354 0.8591, 0.5856 0.1614 0.8591, -0.586 -0.0354 0.8591, -0.586 0.1614 0.8591, -0.8125 -0.0354 0.8591, -0.8125 0.1614 0.8591, -0.0965 -1.8465 -0.2441, -0.0965 -1.8465 -0.3031, 1.7472 -1.8465 0.5491, 1.7099 -1.8465 0.6557, 1.6499 -1.8465 0.7512, 1.5701 -1.8465 0.831, 1.4746 -1.8465 0.891, 1.368 -1.8465 0.9283, 1.2559 -1.8465 0.9409, -1.2559 -1.8465 0.9409, -1.368 -1.8465 0.9283, -1.4746 -1.8465 0.891, -1.5701 -1.8465 0.831, -1.6499 -1.8465 0.7512, -1.7099 -1.8465 0.6557, -1.7472 -1.8465 0.5491, -0.46 -0.0354 0.9409, -0.46 0.1614 0.9409, -0.4915 0.1614 0.9373, -0.4915 -0.0354 0.9373, -0.5213 0.1614 0.9266, -0.5213 -0.0354 0.9266, -0.5479 0.1614 0.9093, -0.5479 -0.0354 0.9093, -0.5698 0.1614 0.8864, -0.5698 -0.0354 0.8864, -0.9384 0.1614 0.9409, -0.8505 0.1614 0.9093, -0.8286 0.1614 0.8864, -0.9069 0.1614 0.9373, -0.8771 0.1614 0.9266, -0.8286 -0.0354 0.8864, -0.8505 -0.0354 0.9093, -0.8771 -0.0354 0.9266, -0.9069 -0.0354 0.9373, -0.9384 -0.0354 0.9409, 0.938 -0.0354 0.9409, 0.938 0.1614 0.9409, 0.9065 0.1614 0.9373, 0.9065 -0.0354 0.9373, 0.8767 0.1614 0.9266, 0.8767 -0.0354 0.9266, 0.8501 0.1614 0.9093, 0.8501 -0.0354 0.9093, 0.8282 0.1614 0.8864, 0.8282 -0.0354 0.8864, 0.5475 0.1614 0.9093, 0.5695 0.1614 0.8864, 0.4596 0.1614 0.9409, 0.4911 0.1614 0.9373, 0.5209 0.1614 0.9266, 0.5695 -0.0354 0.8864, 0.5475 -0.0354 0.9093, 0.5209 -0.0354 0.9266, 0.4911 -0.0354 0.9373, 0.4596 -0.0354 0.9409, 1.1639 0.248 -0.2143, 1.0772 0.248 -0.185, 1.1042 0.2374 -0.185, 1.157 0.2212 -0.185, 1.1702 0.2187 -0.185, 1.2073 0.2118 -0.185, 1.6286 -0.6457 0.1009, 1.59 -0.6457 0.0079, 1.5287 -0.6457 -0.072, 1.4488 -0.6457 -0.1333, 1.3558 -0.6457 -0.1719, 1.2559 -0.6457 -0.185, 0.9724 -0.6457 -0.185, 0.9724 -0.6457 -0.3031, 0.8543 -0.7638 -0.185, 0.8543 -0.7638 -0.3031, 0.8584 -0.7332 -0.185, 0.8584 -0.7332 -0.3031, 0.8702 -0.7047 -0.185, 0.8702 -0.7047 -0.3031, 0.8889 -0.6803 -0.185, 0.8889 -0.6803 -0.3031, 0.9134 -0.6615 -0.185, 0.9134 -0.6615 -0.3031, 0.9419 -0.6497 -0.185, 0.9419 -0.6497 -0.3031, 0.8543 -1.2756 -0.185, 0.8543 -1.2756 -0.3031, 0.9724 -1.3937 -0.185, 0.9724 -1.3937 -0.3031, 0.9419 -1.3897 -0.185, 0.9419 -1.3897 -0.3031, 0.9134 -1.3779 -0.185, 0.9134 -1.3779 -0.3031, 0.8889 -1.3591 -0.185, 0.8889 -1.3591 -0.3031, 0.8702 -1.3347 -0.185, 0.8702 -1.3347 -0.3031, 0.8584 -1.3062 -0.185, 0.8584 -1.3062 -0.3031, 1.6321 -1.3937 0.1149, 1.6035 -1.3937 0.0334, 1.5576 -1.3937 -0.0398, 1.4965 -1.3937 -0.1009, 1.4233 -1.3937 -0.1468, 1.3418 -1.3937 -0.1754, 1.2559 -1.3937 -0.185, -0.0965 -1.7284 -0.185, -0.0965 -1.4593 -0.3031, -0.0965 -1.4593 -0.185, -0.0949 -1.4456 -0.185, -0.0949 -1.4456 -0.3031, -0.0902 -1.4328 -0.185, -0.0902 -1.4328 -0.3031, -0.0826 -1.4213 -0.185, -0.0826 -1.4213 -0.3031, -0.0727 -1.4119 -0.185, -0.0727 -1.4119 -0.3031, -0.0608 -1.405 -0.185, -0.0608 -1.405 -0.3031, -0.0477 -1.4011 -0.185, -0.0477 -1.4011 -0.3031, -0.034 -1.4003 -0.185, -0.034 -1.4003 -0.3031, -0.0205 -1.4027 -0.185, -0.0205 -1.4027 -0.3031, -0.0079 -1.4081 -0.185, -0.0079 -1.4081 -0.3031, 0.124 -1.4843 -0.185, 0.124 -1.4843 -0.3031, 0.1374 -1.4901 -0.3031, 0.1374 -1.4901 -0.185, 0.1518 -1.4926 -0.3031, 0.1518 -1.4926 -0.185, 0.1665 -1.4918 -0.3031, 0.1665 -1.4918 -0.185, 0.1805 -1.4876 -0.3031, 0.1805 -1.4876 -0.185, 0.1931 -1.4802 -0.3031, 0.1931 -1.4802 -0.185, 0.2038 -1.4702 -0.3031, 0.2038 -1.4702 -0.185, 0.2118 -1.458 -0.3031, 0.2118 -1.458 -0.185, 0.2168 -1.4442 -0.3031, 0.2168 -1.4442 -0.185, 0.2185 -1.4297 -0.3031, 0.2185 -1.4297 -0.185, 0.2185 -1.0883 -0.185, 0.2185 -1.0883 -0.3031, 0.2164 -1.072 -0.3031, 0.2164 -1.072 -0.185, 0.2101 -1.0568 -0.3031, 0.2101 -1.0568 -0.185, 0.2001 -1.0438 -0.3031, 0.2001 -1.0438 -0.185, 0.187 -1.0337 -0.3031, 0.187 -1.0337 -0.185, 0.1718 -1.0275 -0.3031, 0.1718 -1.0275 -0.185, 0.1555 -1.0253 -0.3031, 0.1555 -1.0253 -0.185, 0.1392 -1.0275 -0.3031, 0.1392 -1.0275 -0.185, 0.124 -1.0337 -0.3031, 0.124 -1.0337 -0.185, -0.0079 -1.1099 -0.3031, -0.0079 -1.1099 -0.185, -0.0965 -1.0587 -0.185, -0.0965 -1.0587 -0.3031, -0.0949 -1.0724 -0.3031, -0.0949 -1.0724 -0.185, -0.0902 -1.0853 -0.3031, -0.0902 -1.0853 -0.185, -0.0826 -1.0967 -0.3031, -0.0826 -1.0967 -0.185, -0.0727 -1.1061 -0.3031, -0.0727 -1.1061 -0.185, -0.0608 -1.113 -0.3031, -0.0608 -1.113 -0.185, -0.0477 -1.1169 -0.3031, -0.0477 -1.1169 -0.185, -0.034 -1.1177 -0.3031, -0.034 -1.1177 -0.185, -0.0205 -1.1153 -0.3031, -0.0205 -1.1153 -0.185, -0.0965 -0.6877 -0.185, -0.0965 -0.6877 -0.3031, -0.0949 -0.6741 -0.185, -0.0949 -0.6741 -0.3031, -0.0902 -0.6612 -0.185, -0.0902 -0.6612 -0.3031, -0.0826 -0.6497 -0.185, -0.0826 -0.6497 -0.3031, -0.0727 -0.6403 -0.185, -0.0727 -0.6403 -0.3031, -0.0608 -0.6335 -0.185, -0.0608 -0.6335 -0.3031, -0.0477 -0.6295 -0.185, -0.0477 -0.6295 -0.3031, -0.034 -0.6287 -0.185, -0.034 -0.6287 -0.3031, -0.0205 -0.6311 -0.185, -0.0205 -0.6311 -0.3031, -0.0079 -0.6365 -0.185, -0.0079 -0.6365 -0.3031, 0.124 -0.7127 -0.185, 0.124 -0.7127 -0.3031, 0.2185 -0.6581 -0.185, 0.2185 -0.6581 -0.3031, 0.2168 -0.6727 -0.185, 0.2168 -0.6727 -0.3031, 0.2118 -0.6864 -0.185, 0.2118 -0.6864 -0.3031, 0.2038 -0.6986 -0.185, 0.2038 -0.6986 -0.3031, 0.1931 -0.7087 -0.185, 0.1931 -0.7087 -0.3031, 0.1805 -0.716 -0.185, 0.1805 -0.716 -0.3031, 0.1665 -0.7202 -0.185, 0.1665 -0.7202 -0.3031, 0.1518 -0.721 -0.185, 0.1518 -0.721 -0.3031, 0.1374 -0.7185 -0.185, 0.1374 -0.7185 -0.3031, 0.2185 -0.2872 -0.3031, 0.2185 -0.2872 -0.185, 0.2165 -0.2719 -0.3031, 0.2165 -0.2719 -0.185, 0.2106 -0.2576 -0.3031, 0.2106 -0.2576 -0.185, 0.2012 -0.2454 -0.3031, 0.2012 -0.2454 -0.185, 0.189 -0.236 -0.3031, 0.189 -0.236 -0.185, 0.1747 -0.2301 -0.3031, 0.1747 -0.2301 -0.185, 0.1594 -0.2281 -0.3031, 0.1594 -0.2281 -0.185, 0.1442 -0.2301 -0.3031, 0.1442 -0.2301 -0.185, 0.1299 -0.236 -0.3031, 0.1299 -0.236 -0.185, -0.0079 -0.3156 -0.3031, -0.0079 -0.3156 -0.185, -0.0965 -0.2644 -0.185, -0.0965 -0.2644 -0.3031, -0.0944 -0.2797 -0.3031, -0.0944 -0.2797 -0.185, -0.0885 -0.294 -0.3031, -0.0885 -0.294 -0.185, -0.0792 -0.3062 -0.3031, -0.0792 -0.3062 -0.185, -0.0669 -0.3156 -0.3031, -0.0669 -0.3156 -0.185, -0.0527 -0.3215 -0.3031, -0.0527 -0.3215 -0.185, -0.0374 -0.3235 -0.3031, -0.0374 -0.3235 -0.185, -0.0221 -0.3215 -0.3031, -0.0221 -0.3215 -0.185, -0.0965 0.0433 -0.3031, -0.0965 0.0433 -0.185, -0.0944 0.0586 -0.185, -0.0944 0.0586 -0.3031, -0.0885 0.0728 -0.185, -0.0885 0.0728 -0.3031, -0.0792 0.085 -0.185, -0.0792 0.085 -0.3031, -0.0669 0.0944 -0.185, -0.0669 0.0944 -0.3031, -0.0527 0.1003 -0.185, -0.0527 0.1003 -0.3031, -0.0374 0.1023 -0.185, -0.0374 0.1023 -0.3031, 0.2067 0.1023 -0.3031, 0.2067 0.1023 -0.185, 0.2245 0.2378 -0.3031, 0.2411 0.2309 -0.3031, 0.2245 0.1047 -0.3031, 0.2411 0.1116 -0.3031, 0.2554 0.1225 -0.3031, 0.2664 0.1368 -0.3031, 0.2732 0.1534 -0.3031, 0.2756 0.1712 -0.3031, 0.2732 0.1891 -0.3031, 0.2664 0.2057 -0.3031, 0.2554 0.22 -0.3031, 0.2245 0.1047 -0.185, 0.2411 0.1116 -0.185, 0.2549 0.122 -0.185, 0.2554 0.1225 -0.185, 0.2664 0.1368 -0.185, 0.2732 0.1534 -0.185, 0.2756 0.1712 -0.185, 0.2732 0.1891 -0.185, 0.2664 0.2057 -0.185, 0.2554 0.22 -0.185, 0.2411 0.2309 -0.185, 0.2245 0.2378 -0.185, 1.1811 0.3464 0.8228, -1.1811 0.3464 0.8228, -1.063 0.3464 0.8228, 1.063 0.3464 0.8228, -0.2165 0.122 -0.185, -0.3346 0.122 -0.185, 0.3346 0.122 -0.185
            ]
        }
        coordIndex [
            0,1,2,-1,2,1,3,-1,3,4,2,-1,2,4,5,-1,2,5,6,-1,6,7,2,-1,2,7,8,-1,2,8,9,-1,9,8,10,-1,9,10,11,-1,11,10,12,-1,11,12,13,-1,13,12,14,-1,14,12,15,-1,16,17,18,-1,19,20,21,-1,21,20,22,-1,21,22,23,-1,23,22,24,-1,23,24,18,-1,18,24,25,-1,18,25,16,-1,26,27,28,-1,28,27,29,-1,28,29,30,-1,30,29,31,-1,30,31,32,-1,32,31,33,-1,32,33,34,-1,34,33,35,-1,34,35,36,-1,36,35,37,-1,36,37,38,-1,39,40,41,-1,41,40,42,-1,43,39,41,-1,41,44,43,-1,43,44,45,-1,43,45,46,-1,46,45,47,-1,46,47,48,-1,48,47,49,-1,48,49,50,-1,50,49,51,-1,50,51,52,-1,52,51,53,-1,52,53,54,-1,54,53,55,-1,54,55,56,-1,56,57,58,-1,58,40,39,-1,56,58,54,-1,39,43,58,-1,58,43,46,-1,58,46,48,-1,48,50,58,-1,58,50,52,-1,58,52,54,-1,15,12,59,-1,59,12,60,-1,59,60,61,-1,61,60,62,-1,61,62,63,-1,63,62,64,-1,63,64,57,-1,57,64,65,-1,57,65,58,-1,66,67,68,-1,68,67,69,-1,68,69,70,-1,70,69,71,-1,71,69,72,-1,71,72,73,-1,73,72,74,-1,74,72,75,-1,74,75,76,-1,76,75,77,-1,77,75,78,-1,77,78,79,-1,79,78,80,-1,80,78,81,-1,80,81,82,-1,82,81,83,-1,82,83,84,-1,84,83,85,-1,85,83,42,-1,85,42,40,-1,86,66,58,-1,58,66,68,-1,68,70,58,-1,58,70,87,-1,58,87,73,-1,73,74,58,-1,58,74,76,-1,58,76,77,-1,77,79,58,-1,58,79,80,-1,58,80,82,-1,82,84,58,-1,58,84,88,-1,58,88,40,-1,86,58,89,-1,89,58,65,-1,89,65,90,-1,12,10,91,-1,91,10,92,-1,91,92,93,-1,93,92,90,-1,93,90,64,-1,64,90,65,-1,8,94,10,-1,10,94,95,-1,10,95,96,-1,96,95,97,-1,96,97,98,-1,98,97,99,-1,98,99,100,-1,100,99,101,-1,100,101,86,-1,86,101,102,-1,86,102,66,-1,66,102,67,-1,103,4,104,-1,104,4,3,-1,104,3,1,-1,105,94,8,-1,8,7,105,-1,105,7,6,-1,105,6,103,-1,103,6,5,-1,103,5,4,-1,106,107,108,-1,108,107,109,-1,108,109,110,-1,110,109,111,-1,110,111,112,-1,112,111,113,-1,104,1,113,-1,113,1,0,-1,113,0,112,-1,114,115,116,-1,117,118,119,-1,120,121,122,-1,122,121,123,-1,114,116,119,-1,119,116,124,-1,119,124,117,-1,122,125,126,-1,126,125,127,-1,118,128,119,-1,119,128,129,-1,119,129,130,-1,130,131,119,-1,119,131,132,-1,119,132,123,-1,123,132,133,-1,123,133,122,-1,122,133,134,-1,122,134,125,-1,132,135,133,-1,133,135,136,-1,133,136,134,-1,134,136,137,-1,134,137,125,-1,125,137,138,-1,125,138,127,-1,127,138,139,-1,127,139,126,-1,126,139,140,-1,126,140,122,-1,122,140,120,-1,120,140,141,-1,120,141,142,-1,115,143,144,-1,115,144,116,-1,116,144,145,-1,116,145,124,-1,124,145,146,-1,124,146,117,-1,147,128,146,-1,146,128,118,-1,146,118,117,-1,148,135,132,-1,132,131,148,-1,148,131,130,-1,148,130,147,-1,147,130,129,-1,147,129,128,-1,29,27,149,-1,149,27,150,-1,149,150,151,-1,151,150,152,-1,151,152,141,-1,141,152,142,-1,153,154,155,-1,155,154,156,-1,155,156,157,-1,157,156,158,-1,157,158,159,-1,159,158,160,-1,159,160,161,-1,161,160,162,-1,161,162,163,-1,163,162,164,-1,154,153,165,-1,165,153,166,-1,165,166,167,-1,167,166,168,-1,167,168,169,-1,169,168,170,-1,169,170,171,-1,171,170,172,-1,171,172,173,-1,173,172,174,-1,173,174,175,-1,175,174,176,-1,177,178,179,-1,177,179,180,-1,180,179,181,-1,180,181,182,-1,182,181,183,-1,182,183,184,-1,184,183,185,-1,184,185,186,-1,186,185,187,-1,186,187,188,-1,188,187,189,-1,189,187,190,-1,191,192,193,-1,191,193,194,-1,194,193,195,-1,194,195,196,-1,196,195,197,-1,196,197,198,-1,198,197,199,-1,198,199,200,-1,200,199,189,-1,200,189,190,-1,191,201,192,-1,192,201,202,-1,202,201,203,-1,203,201,204,-1,203,204,205,-1,205,204,206,-1,205,206,207,-1,207,206,208,-1,207,208,209,-1,209,208,210,-1,209,210,211,-1,211,210,212,-1,203,205,213,-1,205,207,213,-1,213,207,209,-1,213,209,211,-1,214,215,216,-1,214,216,175,-1,175,216,217,-1,175,217,173,-1,217,218,173,-1,173,218,219,-1,173,219,220,-1,220,177,173,-1,173,177,180,-1,173,180,171,-1,171,180,182,-1,171,182,169,-1,169,182,184,-1,169,184,167,-1,167,184,186,-1,167,186,165,-1,165,186,188,-1,165,188,154,-1,154,188,189,-1,154,189,156,-1,156,189,199,-1,156,199,158,-1,158,199,197,-1,158,197,160,-1,160,197,195,-1,160,195,162,-1,162,195,193,-1,162,193,164,-1,164,193,192,-1,164,192,213,-1,213,192,202,-1,213,202,203,-1,220,221,177,-1,177,221,178,-1,212,210,222,-1,222,210,208,-1,222,208,206,-1,223,224,225,-1,224,226,225,-1,225,226,227,-1,225,227,228,-1,206,204,222,-1,222,204,201,-1,222,201,163,-1,163,201,191,-1,163,191,161,-1,161,191,194,-1,161,194,159,-1,159,194,196,-1,159,196,157,-1,157,196,198,-1,157,198,155,-1,155,198,200,-1,155,200,153,-1,153,200,190,-1,153,190,166,-1,166,190,187,-1,166,187,168,-1,168,187,185,-1,168,185,170,-1,170,185,183,-1,170,183,172,-1,172,183,181,-1,172,181,174,-1,174,181,179,-1,174,179,176,-1,176,179,178,-1,176,178,225,-1,225,178,221,-1,225,221,223,-1,215,228,216,-1,216,228,227,-1,216,227,217,-1,217,227,226,-1,217,226,218,-1,218,226,224,-1,218,224,219,-1,219,224,223,-1,219,223,220,-1,220,223,221,-1,229,230,231,-1,231,230,232,-1,233,234,235,-1,235,234,236,-1,235,236,237,-1,237,236,238,-1,237,238,239,-1,239,238,240,-1,239,240,241,-1,241,240,242,-1,241,242,243,-1,243,242,244,-1,245,234,246,-1,246,234,233,-1,245,246,247,-1,245,247,248,-1,248,247,249,-1,248,249,250,-1,250,249,251,-1,250,251,252,-1,252,251,253,-1,252,253,254,-1,254,253,255,-1,254,255,256,-1,257,258,255,-1,255,258,256,-1,259,260,261,-1,259,261,262,-1,262,261,263,-1,262,263,264,-1,264,263,265,-1,264,265,266,-1,266,265,267,-1,266,267,268,-1,268,267,258,-1,268,258,257,-1,269,270,259,-1,259,270,260,-1,271,272,273,-1,273,272,274,-1,273,274,275,-1,275,274,276,-1,275,276,277,-1,277,276,278,-1,277,278,279,-1,279,278,280,-1,279,280,269,-1,269,280,270,-1,230,229,281,-1,281,229,282,-1,281,282,283,-1,283,282,284,-1,283,284,285,-1,285,284,286,-1,285,286,287,-1,287,286,288,-1,287,288,289,-1,289,288,290,-1,231,232,291,-1,291,232,292,-1,291,292,293,-1,293,292,294,-1,293,294,295,-1,295,294,296,-1,295,296,297,-1,297,296,298,-1,297,298,299,-1,299,298,300,-1,299,301,273,-1,273,301,271,-1,235,237,302,-1,273,275,299,-1,299,275,277,-1,299,277,279,-1,237,239,302,-1,302,239,241,-1,302,241,243,-1,279,269,299,-1,299,269,259,-1,299,259,297,-1,297,259,262,-1,297,262,295,-1,295,262,264,-1,295,264,293,-1,293,264,266,-1,293,266,291,-1,291,266,268,-1,291,268,231,-1,231,268,257,-1,231,257,229,-1,229,257,255,-1,229,255,282,-1,282,255,253,-1,282,253,284,-1,284,253,251,-1,284,251,286,-1,286,251,249,-1,286,249,288,-1,288,249,247,-1,288,247,290,-1,290,247,246,-1,290,246,302,-1,302,246,233,-1,302,233,235,-1,274,272,303,-1,280,278,303,-1,303,278,276,-1,303,276,274,-1,304,244,242,-1,304,242,289,-1,289,242,240,-1,289,240,287,-1,240,238,287,-1,287,238,236,-1,287,236,234,-1,234,245,287,-1,287,245,248,-1,287,248,285,-1,285,248,250,-1,285,250,283,-1,283,250,252,-1,283,252,281,-1,281,252,254,-1,281,254,230,-1,230,254,256,-1,230,256,232,-1,232,256,258,-1,232,258,292,-1,292,258,267,-1,292,267,294,-1,294,267,265,-1,294,265,296,-1,296,265,263,-1,296,263,298,-1,298,263,261,-1,298,261,300,-1,300,261,260,-1,300,260,303,-1,303,260,270,-1,303,270,280,-1,305,306,307,-1,305,307,308,-1,308,307,309,-1,308,309,310,-1,310,309,311,-1,310,311,312,-1,312,311,313,-1,312,313,314,-1,314,313,315,-1,314,315,316,-1,316,315,317,-1,317,315,318,-1,319,320,321,-1,319,321,322,-1,322,321,323,-1,322,323,324,-1,324,323,325,-1,324,325,326,-1,326,325,327,-1,326,327,328,-1,328,327,317,-1,328,317,318,-1,319,329,320,-1,320,329,330,-1,330,329,331,-1,331,329,332,-1,331,332,333,-1,333,332,334,-1,333,334,335,-1,335,334,336,-1,335,336,337,-1,337,336,338,-1,337,338,339,-1,339,338,340,-1,341,342,343,-1,343,342,344,-1,343,344,345,-1,345,344,346,-1,345,346,347,-1,347,346,348,-1,347,348,349,-1,349,348,350,-1,349,350,351,-1,351,350,352,-1,342,341,353,-1,353,341,354,-1,353,354,355,-1,355,354,356,-1,355,356,357,-1,357,356,358,-1,357,358,359,-1,359,358,360,-1,359,360,361,-1,361,360,362,-1,361,362,363,-1,363,362,364,-1,365,366,367,-1,367,366,368,-1,367,368,369,-1,370,331,333,-1,333,335,370,-1,370,335,337,-1,370,337,339,-1,369,371,367,-1,367,371,372,-1,367,372,363,-1,363,372,305,-1,363,305,361,-1,361,305,308,-1,361,308,359,-1,359,308,310,-1,359,310,357,-1,357,310,312,-1,357,312,355,-1,355,312,314,-1,355,314,353,-1,353,314,316,-1,353,316,342,-1,342,316,317,-1,342,317,344,-1,344,317,327,-1,344,327,346,-1,346,327,325,-1,346,325,348,-1,348,325,323,-1,348,323,350,-1,350,323,321,-1,350,321,352,-1,352,321,320,-1,352,320,370,-1,370,320,330,-1,370,330,331,-1,372,373,305,-1,305,373,306,-1,340,338,374,-1,374,338,336,-1,374,336,334,-1,375,376,373,-1,373,376,377,-1,373,377,306,-1,306,377,364,-1,306,364,307,-1,307,364,362,-1,307,362,309,-1,309,362,360,-1,309,360,311,-1,311,360,358,-1,311,358,313,-1,313,358,356,-1,313,356,315,-1,315,356,354,-1,315,354,318,-1,318,354,341,-1,318,341,328,-1,328,341,343,-1,328,343,326,-1,326,343,345,-1,326,345,324,-1,324,345,347,-1,324,347,322,-1,322,347,349,-1,322,349,319,-1,319,349,351,-1,319,351,329,-1,329,351,374,-1,329,374,332,-1,332,374,334,-1,378,379,380,-1,380,379,381,-1,375,382,376,-1,376,382,383,-1,376,383,379,-1,379,383,384,-1,379,384,381,-1,373,372,375,-1,375,372,371,-1,375,371,382,-1,382,371,369,-1,382,369,383,-1,383,369,368,-1,383,368,384,-1,384,368,381,-1,381,368,366,-1,381,366,380,-1,380,366,365,-1,380,365,378,-1,385,386,387,-1,387,386,388,-1,387,388,389,-1,389,388,390,-1,389,390,391,-1,391,390,392,-1,391,392,393,-1,393,392,394,-1,393,394,395,-1,395,394,396,-1,388,386,397,-1,394,392,397,-1,397,392,390,-1,397,390,388,-1,398,399,400,-1,400,399,401,-1,400,401,402,-1,402,401,403,-1,402,403,404,-1,404,403,405,-1,404,405,406,-1,406,405,407,-1,406,407,408,-1,408,407,409,-1,408,409,410,-1,410,409,411,-1,410,411,412,-1,412,411,413,-1,412,413,414,-1,414,413,415,-1,414,415,416,-1,416,415,417,-1,416,417,418,-1,418,417,419,-1,418,419,420,-1,420,419,421,-1,420,421,422,-1,422,421,423,-1,422,423,424,-1,424,423,425,-1,424,425,397,-1,397,425,396,-1,397,396,394,-1,395,396,426,-1,426,396,425,-1,427,428,429,-1,429,430,427,-1,427,430,431,-1,427,431,432,-1,385,387,433,-1,433,387,389,-1,433,389,391,-1,391,393,433,-1,433,393,395,-1,433,395,434,-1,434,395,426,-1,434,426,435,-1,435,426,436,-1,435,436,437,-1,437,436,438,-1,437,438,439,-1,439,438,440,-1,439,440,441,-1,441,440,442,-1,441,442,443,-1,443,442,444,-1,443,444,445,-1,445,444,446,-1,445,446,447,-1,447,446,448,-1,447,448,449,-1,449,448,450,-1,449,450,451,-1,451,450,452,-1,451,452,453,-1,453,452,454,-1,453,454,455,-1,455,454,456,-1,455,456,427,-1,427,456,457,-1,427,457,428,-1,458,459,431,-1,431,459,460,-1,431,460,432,-1,430,429,461,-1,461,462,430,-1,430,462,463,-1,430,463,431,-1,431,463,464,-1,431,464,458,-1,428,457,401,-1,401,399,428,-1,428,399,465,-1,428,465,429,-1,429,465,466,-1,429,466,461,-1,467,464,463,-1,467,463,398,-1,398,463,468,-1,398,468,461,-1,461,469,398,-1,398,469,465,-1,398,465,399,-1,460,459,467,-1,467,459,470,-1,467,470,464,-1,403,401,456,-1,456,401,457,-1,403,456,454,-1,403,454,405,-1,405,454,452,-1,405,452,407,-1,407,452,450,-1,407,450,409,-1,409,450,448,-1,409,448,411,-1,411,448,446,-1,411,446,413,-1,444,415,446,-1,446,415,413,-1,426,425,423,-1,426,423,436,-1,436,423,421,-1,436,421,438,-1,438,421,419,-1,438,419,440,-1,440,419,417,-1,440,417,442,-1,442,417,415,-1,442,415,444,-1,412,445,410,-1,410,445,447,-1,410,447,408,-1,408,447,449,-1,408,449,406,-1,406,449,451,-1,406,451,404,-1,404,451,453,-1,404,453,402,-1,402,453,455,-1,445,412,443,-1,443,412,414,-1,443,414,441,-1,441,414,416,-1,441,416,439,-1,439,416,418,-1,439,418,437,-1,437,418,420,-1,437,420,435,-1,435,420,422,-1,435,422,434,-1,434,422,424,-1,471,472,473,-1,473,472,474,-1,473,474,475,-1,475,474,476,-1,476,474,477,-1,476,477,478,-1,478,477,479,-1,479,477,480,-1,479,480,481,-1,481,480,482,-1,482,480,483,-1,482,483,484,-1,484,483,485,-1,485,483,486,-1,485,486,487,-1,487,486,488,-1,488,486,489,-1,488,489,490,-1,491,492,493,-1,493,492,490,-1,493,490,489,-1,494,471,495,-1,495,471,473,-1,495,473,496,-1,496,473,475,-1,496,475,497,-1,497,475,476,-1,497,476,498,-1,498,476,478,-1,498,478,499,-1,478,479,499,-1,499,479,481,-1,499,481,500,-1,481,482,500,-1,500,482,484,-1,500,484,501,-1,484,485,501,-1,501,485,487,-1,501,487,502,-1,487,488,502,-1,502,488,490,-1,502,490,492,-1,491,493,503,-1,504,505,506,-1,507,508,509,-1,507,509,510,-1,506,511,504,-1,504,511,512,-1,504,512,509,-1,509,512,513,-1,509,513,510,-1,508,514,509,-1,509,514,515,-1,509,515,516,-1,516,515,517,-1,516,517,518,-1,491,503,519,-1,519,503,520,-1,519,520,521,-1,521,520,522,-1,521,522,523,-1,523,522,524,-1,523,524,525,-1,525,524,516,-1,525,516,526,-1,526,516,518,-1,526,518,527,-1,526,527,528,-1,501,502,528,-1,523,525,526,-1,529,530,528,-1,528,530,494,-1,528,494,495,-1,495,496,528,-1,528,496,497,-1,528,497,498,-1,523,526,521,-1,502,492,528,-1,528,492,491,-1,528,491,526,-1,526,491,519,-1,526,519,521,-1,498,499,528,-1,528,499,500,-1,528,500,501,-1,531,530,529,-1,532,533,534,-1,534,533,535,-1,534,535,529,-1,529,535,536,-1,529,536,531,-1,532,534,537,-1,537,534,538,-1,537,538,539,-1,539,538,540,-1,539,540,541,-1,542,543,544,-1,544,543,545,-1,544,545,540,-1,540,545,546,-1,540,546,541,-1,547,548,549,-1,549,548,550,-1,550,548,551,-1,551,548,552,-1,551,552,553,-1,553,552,554,-1,554,552,555,-1,554,555,556,-1,556,555,557,-1,557,555,558,-1,557,558,559,-1,559,558,560,-1,560,558,561,-1,560,561,562,-1,562,561,563,-1,563,561,564,-1,563,564,565,-1,565,564,566,-1,565,566,567,-1,568,569,554,-1,567,570,565,-1,565,570,571,-1,565,571,563,-1,563,571,572,-1,563,572,562,-1,562,572,573,-1,562,573,560,-1,560,573,574,-1,560,574,559,-1,559,574,575,-1,559,575,557,-1,557,575,568,-1,557,568,556,-1,556,568,554,-1,576,577,549,-1,549,550,576,-1,576,550,551,-1,576,551,569,-1,569,551,553,-1,569,553,554,-1,547,549,578,-1,578,549,577,-1,578,577,579,-1,580,581,582,-1,582,581,583,-1,582,583,584,-1,584,585,582,-1,582,585,586,-1,582,586,587,-1,587,586,588,-1,587,588,589,-1,589,590,587,-1,587,590,591,-1,587,591,592,-1,580,582,593,-1,593,582,594,-1,593,594,595,-1,595,594,596,-1,596,594,597,-1,596,597,598,-1,598,597,599,-1,598,599,600,-1,600,599,601,-1,600,601,602,-1,602,601,603,-1,602,603,604,-1,604,603,578,-1,604,578,579,-1,595,596,579,-1,596,598,600,-1,600,602,596,-1,596,602,604,-1,596,604,579,-1,595,579,605,-1,605,579,577,-1,605,577,576,-1,576,569,605,-1,605,569,568,-1,605,568,575,-1,575,574,605,-1,605,574,573,-1,605,573,572,-1,606,607,570,-1,570,607,605,-1,570,605,571,-1,571,605,572,-1,608,609,610,-1,611,612,613,-1,613,614,611,-1,611,614,615,-1,611,615,616,-1,616,615,609,-1,609,615,617,-1,609,617,610,-1,618,619,610,-1,610,619,620,-1,610,620,608,-1,621,622,623,-1,623,622,624,-1,618,625,619,-1,619,625,622,-1,619,622,626,-1,626,622,621,-1,627,607,606,-1,624,628,623,-1,623,628,627,-1,623,627,629,-1,629,627,606,-1,630,631,632,-1,633,634,635,-1,632,636,630,-1,630,636,637,-1,630,637,638,-1,639,640,630,-1,630,640,641,-1,630,641,642,-1,642,641,643,-1,642,643,635,-1,635,643,644,-1,635,644,633,-1,638,645,630,-1,630,645,646,-1,630,646,639,-1,647,648,649,-1,649,648,650,-1,649,650,651,-1,652,653,654,-1,654,653,655,-1,654,655,656,-1,656,655,657,-1,656,657,650,-1,650,657,658,-1,658,659,650,-1,650,659,660,-1,650,660,661,-1,661,662,650,-1,650,662,663,-1,650,663,651,-1,664,665,637,-1,637,665,638,-1,666,646,665,-1,665,646,645,-1,665,645,638,-1,667,640,666,-1,666,640,639,-1,666,639,646,-1,668,643,667,-1,667,643,641,-1,667,641,640,-1,669,633,668,-1,668,633,644,-1,668,644,643,-1,670,671,672,-1,670,672,673,-1,673,672,674,-1,673,674,669,-1,669,674,634,-1,669,634,633,-1,675,671,676,-1,676,671,670,-1,677,678,679,-1,679,678,680,-1,679,680,681,-1,681,680,682,-1,681,682,683,-1,683,682,684,-1,683,684,685,-1,685,684,686,-1,685,686,687,-1,687,686,688,-1,687,688,689,-1,689,688,690,-1,689,690,676,-1,676,690,675,-1,677,691,678,-1,678,691,692,-1,692,691,693,-1,693,691,694,-1,693,694,695,-1,695,694,696,-1,695,696,697,-1,697,696,698,-1,697,698,699,-1,699,698,700,-1,699,700,701,-1,701,700,702,-1,701,702,703,-1,703,702,704,-1,703,704,705,-1,705,704,706,-1,707,705,708,-1,708,705,706,-1,707,708,709,-1,709,708,710,-1,709,710,711,-1,711,710,712,-1,711,712,713,-1,713,712,714,-1,713,714,715,-1,715,714,716,-1,717,718,624,-1,624,718,719,-1,624,719,628,-1,628,719,720,-1,628,720,627,-1,717,624,721,-1,721,624,622,-1,721,622,722,-1,622,625,722,-1,722,625,618,-1,722,618,723,-1,723,618,610,-1,723,610,724,-1,724,610,617,-1,724,617,615,-1,715,716,613,-1,613,716,724,-1,613,724,614,-1,614,724,615,-1,592,605,607,-1,587,592,725,-1,725,592,607,-1,725,607,726,-1,726,607,627,-1,726,627,727,-1,727,627,720,-1,611,728,542,-1,542,728,729,-1,542,729,543,-1,543,729,545,-1,536,535,730,-1,730,535,731,-1,730,731,732,-1,732,731,532,-1,732,532,733,-1,733,532,734,-1,734,532,537,-1,734,537,735,-1,537,736,735,-1,735,736,541,-1,735,541,737,-1,737,541,546,-1,737,546,729,-1,729,546,545,-1,505,504,738,-1,738,504,739,-1,739,740,738,-1,738,740,741,-1,738,741,742,-1,544,540,738,-1,738,540,538,-1,528,505,529,-1,529,505,738,-1,529,738,534,-1,534,738,538,-1,743,744,745,-1,738,742,745,-1,745,742,746,-1,746,747,745,-1,745,747,748,-1,745,748,743,-1,749,750,751,-1,751,750,752,-1,751,752,753,-1,753,752,754,-1,753,754,755,-1,755,754,756,-1,755,756,757,-1,757,756,744,-1,757,744,758,-1,758,744,743,-1,749,759,750,-1,750,759,760,-1,761,762,763,-1,763,762,764,-1,763,764,765,-1,765,764,766,-1,765,766,767,-1,767,766,768,-1,767,768,769,-1,769,768,770,-1,769,770,771,-1,771,770,772,-1,771,772,773,-1,773,772,774,-1,773,774,759,-1,759,774,760,-1,761,775,762,-1,762,775,776,-1,776,775,777,-1,777,775,778,-1,777,778,779,-1,779,778,780,-1,779,780,781,-1,781,780,782,-1,781,782,783,-1,783,782,784,-1,783,784,785,-1,785,784,786,-1,785,786,787,-1,787,786,788,-1,787,788,789,-1,789,788,790,-1,791,792,790,-1,790,792,789,-1,661,660,793,-1,794,655,795,-1,795,655,653,-1,793,660,796,-1,660,659,796,-1,796,659,658,-1,796,658,794,-1,794,658,657,-1,794,657,655,-1,661,793,662,-1,662,793,797,-1,662,797,663,-1,663,797,798,-1,663,798,651,-1,792,791,799,-1,792,799,800,-1,800,799,795,-1,800,795,801,-1,801,795,653,-1,801,653,652,-1,802,718,717,-1,802,717,803,-1,803,717,721,-1,803,721,722,-1,722,723,803,-1,803,723,724,-1,803,724,716,-1,727,720,802,-1,802,720,719,-1,802,719,718,-1,802,804,727,-1,727,804,805,-1,727,805,726,-1,726,805,806,-1,726,806,725,-1,739,807,808,-1,739,808,740,-1,740,808,809,-1,740,809,741,-1,743,810,758,-1,758,810,757,-1,743,748,810,-1,810,748,811,-1,810,811,812,-1,812,811,746,-1,812,746,809,-1,809,746,742,-1,809,742,741,-1,813,814,815,-1,815,814,816,-1,817,818,819,-1,817,819,820,-1,820,819,821,-1,820,821,822,-1,822,821,823,-1,822,823,824,-1,824,823,825,-1,824,825,826,-1,826,825,827,-1,826,827,828,-1,828,827,829,-1,828,829,830,-1,830,829,813,-1,830,813,815,-1,818,817,831,-1,831,817,832,-1,831,832,833,-1,833,832,834,-1,833,834,835,-1,834,836,835,-1,835,836,837,-1,835,837,838,-1,838,837,839,-1,838,839,840,-1,840,839,841,-1,840,841,842,-1,842,841,843,-1,842,843,844,-1,844,843,845,-1,844,845,846,-1,846,845,847,-1,846,847,848,-1,848,847,849,-1,848,849,850,-1,850,849,851,-1,850,851,852,-1,852,851,853,-1,852,853,854,-1,854,853,855,-1,854,855,856,-1,856,855,857,-1,844,846,858,-1,858,846,859,-1,844,858,842,-1,842,858,860,-1,842,860,840,-1,840,860,861,-1,840,861,838,-1,838,861,862,-1,838,862,835,-1,835,862,863,-1,835,863,833,-1,833,863,864,-1,833,864,831,-1,831,864,865,-1,813,831,814,-1,814,831,865,-1,821,819,813,-1,813,819,818,-1,813,818,831,-1,865,866,814,-1,814,866,867,-1,814,867,868,-1,813,829,827,-1,868,869,814,-1,814,869,870,-1,814,870,871,-1,827,825,813,-1,813,825,823,-1,813,823,821,-1,866,872,873,-1,866,873,867,-1,867,873,874,-1,867,874,868,-1,868,874,875,-1,868,875,869,-1,869,875,876,-1,869,876,870,-1,870,876,877,-1,870,877,871,-1,871,877,816,-1,871,816,814,-1,872,878,832,-1,815,817,830,-1,830,817,820,-1,830,820,822,-1,874,816,875,-1,875,816,877,-1,875,877,876,-1,822,824,830,-1,830,824,826,-1,830,826,828,-1,874,873,816,-1,816,873,872,-1,816,872,815,-1,815,872,832,-1,815,832,817,-1,832,878,879,-1,832,879,834,-1,834,879,880,-1,834,880,836,-1,836,880,881,-1,836,881,837,-1,837,881,882,-1,837,882,839,-1,839,882,883,-1,839,883,841,-1,841,883,884,-1,841,884,843,-1,843,884,885,-1,843,885,845,-1,885,886,845,-1,845,886,847,-1,847,886,849,-1,849,886,887,-1,849,887,851,-1,851,887,888,-1,851,888,853,-1,853,888,889,-1,853,889,855,-1,855,889,890,-1,855,890,891,-1,891,890,892,-1,892,890,893,-1,892,893,894,-1,895,896,893,-1,893,896,897,-1,893,897,894,-1,898,899,900,-1,900,899,901,-1,901,902,900,-1,900,902,903,-1,900,903,893,-1,893,903,904,-1,893,904,895,-1,905,906,907,-1,908,909,910,-1,907,906,910,-1,910,906,911,-1,910,911,912,-1,912,913,910,-1,910,913,914,-1,910,914,908,-1,905,907,915,-1,915,907,916,-1,915,916,917,-1,918,919,920,-1,920,919,921,-1,920,921,916,-1,916,921,922,-1,916,922,917,-1,923,924,925,-1,925,924,926,-1,925,926,920,-1,920,926,927,-1,920,927,918,-1,923,925,928,-1,928,925,929,-1,928,929,930,-1,930,929,20,-1,930,20,19,-1,872,866,878,-1,878,866,865,-1,878,865,879,-1,879,865,864,-1,879,864,880,-1,880,864,863,-1,880,863,881,-1,881,863,862,-1,881,862,882,-1,882,862,861,-1,900,893,931,-1,931,893,890,-1,931,890,932,-1,932,890,889,-1,932,889,933,-1,933,889,888,-1,933,888,934,-1,934,888,887,-1,934,887,859,-1,859,887,886,-1,859,886,858,-1,858,886,885,-1,858,885,860,-1,860,885,884,-1,860,884,861,-1,861,884,883,-1,861,883,882,-1,651,798,649,-1,649,798,935,-1,649,935,936,-1,936,935,937,-1,936,937,938,-1,938,937,939,-1,938,939,940,-1,940,939,941,-1,940,941,942,-1,942,941,943,-1,942,943,944,-1,944,943,945,-1,944,945,946,-1,946,945,947,-1,946,947,948,-1,948,947,949,-1,948,949,931,-1,931,949,898,-1,931,898,900,-1,950,951,909,-1,909,908,950,-1,950,908,952,-1,950,952,953,-1,953,954,950,-1,950,954,955,-1,950,955,956,-1,951,950,957,-1,957,950,958,-1,957,958,959,-1,959,958,960,-1,959,960,961,-1,961,960,962,-1,961,962,899,-1,899,962,963,-1,899,963,901,-1,901,963,964,-1,897,896,965,-1,965,896,966,-1,966,896,895,-1,966,895,967,-1,967,895,904,-1,967,904,968,-1,968,904,903,-1,968,903,964,-1,964,903,902,-1,964,902,901,-1,969,892,965,-1,965,892,894,-1,965,894,897,-1,855,891,857,-1,857,891,892,-1,857,892,970,-1,970,892,969,-1,971,931,932,-1,854,972,852,-1,852,972,971,-1,970,973,857,-1,857,973,974,-1,857,974,856,-1,974,975,856,-1,856,975,976,-1,856,976,854,-1,854,976,977,-1,854,977,972,-1,970,969,973,-1,973,969,965,-1,973,965,978,-1,978,965,966,-1,978,966,979,-1,979,966,967,-1,967,968,979,-1,979,968,964,-1,979,964,963,-1,971,932,852,-1,852,932,933,-1,852,933,850,-1,850,933,934,-1,850,934,848,-1,848,934,859,-1,848,859,846,-1,979,980,948,-1,979,948,978,-1,972,948,971,-1,971,948,931,-1,972,977,948,-1,948,977,976,-1,948,976,975,-1,975,974,948,-1,948,974,973,-1,948,973,978,-1,647,649,981,-1,981,649,936,-1,981,936,982,-1,982,936,938,-1,982,938,983,-1,983,938,940,-1,983,940,984,-1,984,940,942,-1,984,942,985,-1,985,942,944,-1,985,944,986,-1,986,944,946,-1,986,946,980,-1,980,946,948,-1,987,988,989,-1,989,988,990,-1,991,992,993,-1,991,993,994,-1,994,993,995,-1,994,995,996,-1,996,995,997,-1,996,997,998,-1,998,997,999,-1,998,999,1000,-1,1000,999,1001,-1,1000,1001,1002,-1,1002,1001,1003,-1,1002,1003,1004,-1,1004,1003,987,-1,1004,987,989,-1,1005,1006,1007,-1,1007,1006,1008,-1,1007,1008,1009,-1,992,991,1010,-1,1010,991,1011,-1,1010,1011,1012,-1,1012,1011,1013,-1,1012,1013,1014,-1,1014,1013,1015,-1,1014,1015,1016,-1,1015,1017,1016,-1,1016,1017,1018,-1,1016,1018,1019,-1,1019,1018,1020,-1,1019,1020,1021,-1,1021,1020,1022,-1,1021,1022,1023,-1,1023,1022,1024,-1,1023,1024,1025,-1,1025,1024,1026,-1,1025,1026,1027,-1,1027,1026,1028,-1,1027,1028,1029,-1,1029,1028,1030,-1,1029,1030,1005,-1,1005,1030,1031,-1,1005,1031,1006,-1,1023,1025,1032,-1,1032,1025,1033,-1,1023,1032,1034,-1,1023,1034,1021,-1,1021,1034,1035,-1,1021,1035,1019,-1,1019,1035,1036,-1,1019,1036,1016,-1,1016,1036,1037,-1,1016,1037,1014,-1,1014,1037,1038,-1,1014,1038,1012,-1,1012,1038,1039,-1,1012,1039,1010,-1,1010,1039,987,-1,987,1039,1040,-1,1010,987,992,-1,992,987,1003,-1,992,1003,993,-1,1041,1042,1040,-1,1040,1042,988,-1,1040,988,987,-1,1003,1001,999,-1,999,997,1003,-1,1003,997,995,-1,1003,995,993,-1,1043,1044,1040,-1,1040,1044,1045,-1,1040,1045,1041,-1,990,988,1042,-1,990,1042,1046,-1,1046,1042,1041,-1,1046,1041,1047,-1,1047,1041,1045,-1,1047,1045,1048,-1,1048,1045,1044,-1,1048,1044,1049,-1,1049,1044,1043,-1,1049,1043,1050,-1,1050,1043,1040,-1,1050,1040,1051,-1,1051,1052,1011,-1,994,996,989,-1,1051,1011,989,-1,989,1011,991,-1,989,991,994,-1,996,998,989,-1,989,998,1000,-1,989,1000,1004,-1,1004,1000,1002,-1,989,990,1051,-1,1051,990,1046,-1,1051,1046,1047,-1,1047,1048,1051,-1,1051,1048,1049,-1,1051,1049,1050,-1,1011,1052,1013,-1,1013,1052,1053,-1,1013,1053,1015,-1,1015,1053,1054,-1,1015,1054,1017,-1,1017,1054,1055,-1,1017,1055,1018,-1,1018,1055,1056,-1,1018,1056,1020,-1,1020,1056,1057,-1,1020,1057,1022,-1,1022,1057,1058,-1,1022,1058,1024,-1,1024,1058,1059,-1,1059,1060,1024,-1,1024,1060,1026,-1,1061,1062,1063,-1,1064,1063,1065,-1,1065,1063,1066,-1,1063,1067,1068,-1,1062,1069,1063,-1,1063,1069,1070,-1,1063,1070,1066,-1,1068,1071,1063,-1,1063,1071,1072,-1,1063,1072,1061,-1,1073,1074,1068,-1,1068,1074,1075,-1,1068,1075,1076,-1,1076,1077,1068,-1,1068,1077,1078,-1,1068,1078,1071,-1,1071,1078,1079,-1,1071,1079,1072,-1,1072,1079,1009,-1,1072,1009,1061,-1,1061,1009,1008,-1,1061,1008,1062,-1,1062,1008,1069,-1,1069,1008,1006,-1,1069,1006,1070,-1,1031,1065,1006,-1,1006,1065,1066,-1,1006,1066,1070,-1,1026,1060,1080,-1,1026,1080,1028,-1,1028,1080,1081,-1,1028,1081,1030,-1,1030,1081,1082,-1,1030,1082,1031,-1,1031,1082,1064,-1,1031,1064,1065,-1,1083,1084,1085,-1,1085,1084,1086,-1,1085,1086,1087,-1,1088,1089,1090,-1,1090,1089,1091,-1,1092,1093,1094,-1,1094,1095,1092,-1,1092,1095,1096,-1,1092,1096,1091,-1,1091,1096,1097,-1,1091,1097,1090,-1,1098,1099,1100,-1,1100,1099,1101,-1,1100,1101,1092,-1,1092,1101,1102,-1,1092,1102,1093,-1,1098,1100,1103,-1,1103,1100,1104,-1,1103,1104,1105,-1,1106,1107,1108,-1,1108,1107,1109,-1,1108,1109,1104,-1,1104,1109,1110,-1,1104,1110,1105,-1,1106,1108,1111,-1,1111,1108,1112,-1,1111,1112,1113,-1,1113,1112,1114,-1,1114,1112,1115,-1,1114,1115,1116,-1,1117,1087,1118,-1,1116,1115,1119,-1,1119,1115,1117,-1,1119,1117,1120,-1,1120,1117,1118,-1,1121,1007,1009,-1,1087,1117,1122,-1,1076,1123,1077,-1,1077,1123,1124,-1,1077,1124,1078,-1,1078,1124,1125,-1,1125,1126,1078,-1,1078,1126,1127,-1,1078,1127,1079,-1,1079,1127,1009,-1,1009,1127,1128,-1,1009,1128,1121,-1,1085,1087,1129,-1,1129,1087,1122,-1,1129,1122,1130,-1,1130,1122,1131,-1,1130,1131,1132,-1,1132,1131,1133,-1,1132,1133,1073,-1,1073,1133,1134,-1,1073,1134,1074,-1,1074,1134,1135,-1,1074,1135,1136,-1,1136,1135,1137,-1,1136,1137,1076,-1,1076,1137,1138,-1,1076,1138,1123,-1,1135,1134,1139,-1,1140,1125,1141,-1,1141,1125,1124,-1,1124,1123,1141,-1,1141,1123,1138,-1,1141,1138,1139,-1,1139,1138,1137,-1,1139,1137,1135,-1,1121,1128,1142,-1,1142,1128,1127,-1,1142,1127,1140,-1,1140,1127,1126,-1,1140,1126,1125,-1,1033,1025,1143,-1,1143,1025,1027,-1,1143,1027,1144,-1,1144,1027,1029,-1,1144,1029,1145,-1,1145,1029,1005,-1,1145,1005,1142,-1,1142,1005,1007,-1,1142,1007,1121,-1,1064,1142,1140,-1,1142,1064,1145,-1,1145,1064,1082,-1,1145,1082,1144,-1,1144,1082,1081,-1,1144,1081,1143,-1,1143,1081,1080,-1,1143,1080,1033,-1,1033,1080,1060,-1,1033,1060,1032,-1,1032,1060,1059,-1,1032,1059,1034,-1,1034,1059,1058,-1,1034,1058,1035,-1,1035,1058,1057,-1,1035,1057,1036,-1,1051,1040,1052,-1,1052,1040,1039,-1,1052,1039,1053,-1,1053,1039,1038,-1,1053,1038,1054,-1,1054,1038,1037,-1,1054,1037,1055,-1,1055,1037,1036,-1,1055,1036,1056,-1,1056,1036,1057,-1,664,637,1146,-1,1146,637,636,-1,1146,636,1147,-1,1147,636,1148,-1,1147,1148,1149,-1,1149,1148,1150,-1,1149,1150,1151,-1,1151,1150,1152,-1,1151,1152,1153,-1,1153,1152,1154,-1,1153,1154,1155,-1,1155,1154,1156,-1,1155,1156,1157,-1,1157,1156,1158,-1,1157,1158,1159,-1,1159,1158,1063,-1,1159,1063,1139,-1,1139,1063,1064,-1,1139,1064,1141,-1,1141,1064,1140,-1,1067,1063,1160,-1,1160,1063,1158,-1,1160,1158,1161,-1,1161,1158,1156,-1,1161,1156,1162,-1,1162,1156,1154,-1,1162,1154,1163,-1,1163,1154,1152,-1,1163,1152,1164,-1,1164,1152,1150,-1,1164,1150,1165,-1,1165,1150,1148,-1,1165,1148,632,-1,632,1148,636,-1,1166,536,730,-1,471,494,730,-1,730,494,530,-1,730,530,1166,-1,807,739,472,-1,472,739,504,-1,474,472,486,-1,486,472,489,-1,524,522,520,-1,489,472,493,-1,493,472,504,-1,493,504,503,-1,503,504,509,-1,503,509,520,-1,520,509,516,-1,520,516,524,-1,474,486,477,-1,477,486,483,-1,477,483,480,-1,570,567,606,-1,606,567,1167,-1,730,732,809,-1,809,732,733,-1,472,471,807,-1,807,471,730,-1,807,730,808,-1,808,730,809,-1,802,1168,1169,-1,802,1169,804,-1,804,1169,1170,-1,804,1170,805,-1,567,566,1167,-1,1167,566,806,-1,1167,806,1171,-1,1171,806,805,-1,1171,805,1172,-1,1172,805,1170,-1,733,734,809,-1,809,734,735,-1,809,735,812,-1,812,735,737,-1,812,737,729,-1,1168,802,1173,-1,1173,802,803,-1,1173,803,728,-1,728,803,729,-1,729,803,810,-1,729,810,812,-1,582,587,603,-1,725,806,587,-1,587,806,566,-1,566,547,587,-1,587,547,578,-1,587,578,603,-1,555,552,566,-1,566,552,548,-1,566,548,547,-1,601,599,597,-1,601,597,603,-1,603,597,594,-1,603,594,582,-1,564,561,566,-1,566,561,558,-1,566,558,555,-1,606,1167,629,-1,629,1167,1171,-1,1170,626,1172,-1,1172,626,621,-1,1172,621,1171,-1,1171,621,623,-1,1171,623,629,-1,616,609,1168,-1,1168,609,608,-1,1168,608,1169,-1,1169,608,620,-1,1169,620,1170,-1,1170,620,619,-1,1170,619,626,-1,1168,1173,616,-1,616,1173,728,-1,616,728,611,-1,1174,1175,1176,-1,1176,1175,1177,-1,1176,1177,1178,-1,1178,1177,1179,-1,1178,1179,1180,-1,1180,1179,1181,-1,1180,1181,1182,-1,1182,1181,1183,-1,1182,1183,1184,-1,1184,1183,1185,-1,1184,1185,1186,-1,1186,1185,1187,-1,1175,1174,1188,-1,1188,1174,1189,-1,1190,1191,1192,-1,1192,1191,1193,-1,1192,1193,1194,-1,1194,1193,1195,-1,1194,1195,1196,-1,1196,1195,1197,-1,1196,1197,1198,-1,1198,1197,1199,-1,1198,1199,1200,-1,1200,1199,1201,-1,1200,1201,1202,-1,1202,1201,1203,-1,1202,1203,1189,-1,1189,1203,1188,-1,1204,1205,1206,-1,1206,1205,1207,-1,1191,1190,1208,-1,1208,1190,1209,-1,1208,1209,1210,-1,1210,1209,1211,-1,1210,1211,1212,-1,1212,1211,1213,-1,1212,1213,1214,-1,1214,1213,1215,-1,1214,1215,1216,-1,1216,1215,1217,-1,1216,1217,1218,-1,1218,1217,1219,-1,1218,1219,1220,-1,1220,1219,1221,-1,1220,1221,1222,-1,1222,1221,1223,-1,1224,1225,1226,-1,1226,1225,1227,-1,1226,1227,1228,-1,1228,1227,1229,-1,1228,1229,1230,-1,1230,1229,1231,-1,1230,1231,1232,-1,1232,1231,1233,-1,1232,1233,1234,-1,1234,1233,1235,-1,1234,1235,1223,-1,1223,1235,1222,-1,1225,1224,1236,-1,1236,1224,1237,-1,1236,1237,1238,-1,1238,1237,1239,-1,1238,1239,1240,-1,1240,1239,1241,-1,1240,1241,1242,-1,1242,1241,1243,-1,1242,1243,1244,-1,1244,1243,1245,-1,1244,1245,1246,-1,1246,1245,1247,-1,1246,1247,1248,-1,1248,1247,1249,-1,1248,1249,1250,-1,1250,1249,1251,-1,1250,1251,1252,-1,1252,1251,1253,-1,1252,1253,1254,-1,1254,1253,1255,-1,1254,1255,1256,-1,1256,1255,1257,-1,1256,1257,1258,-1,1258,1257,1259,-1,1258,1259,1260,-1,1260,1259,1261,-1,1260,1261,1262,-1,1262,1261,1263,-1,1262,1263,1187,-1,1187,1263,1186,-1,1264,1265,1266,-1,1266,1265,1267,-1,1267,1265,1268,-1,1268,1265,1269,-1,1268,1269,1270,-1,1270,1269,1271,-1,1270,1271,1272,-1,1272,1271,1273,-1,1272,1273,1274,-1,1274,1273,1275,-1,1274,1275,1276,-1,1276,1275,1277,-1,1276,1277,1278,-1,1278,1277,1279,-1,1278,1279,1280,-1,1280,1279,1281,-1,1282,1283,1284,-1,1284,1283,1285,-1,1264,1266,1286,-1,1286,1266,1287,-1,1286,1287,1288,-1,1288,1287,1289,-1,1288,1289,1290,-1,1290,1289,1291,-1,1290,1291,1292,-1,1292,1291,1293,-1,1292,1293,1294,-1,1294,1293,1295,-1,1294,1295,1296,-1,1296,1295,1297,-1,1296,1297,1298,-1,1298,1297,1299,-1,1280,1281,1300,-1,1300,1281,1301,-1,1300,1301,1302,-1,1302,1301,1303,-1,1302,1303,1304,-1,1304,1303,1305,-1,1304,1305,1306,-1,1306,1305,1307,-1,1308,1309,1310,-1,1310,1309,1311,-1,1310,1311,1312,-1,1312,1311,1313,-1,1312,1313,1314,-1,1314,1313,1315,-1,1314,1315,1307,-1,1307,1315,1316,-1,1307,1316,1306,-1,1317,1318,1319,-1,1319,1318,1320,-1,1319,1320,1321,-1,1321,1320,1322,-1,1321,1322,1323,-1,1323,1322,1324,-1,1323,1324,1325,-1,1325,1324,1326,-1,1325,1326,1327,-1,1327,1326,1328,-1,1327,1328,1329,-1,1329,1328,1330,-1,1329,1330,1308,-1,1308,1330,1309,-1,1331,1318,1332,-1,1332,1318,1317,-1,1331,1332,1333,-1,1333,1332,1334,-1,1333,1334,1335,-1,1335,1334,1336,-1,1335,1336,1337,-1,1337,1336,1338,-1,1337,1338,1339,-1,1339,1338,1340,-1,1339,1340,1341,-1,1341,1340,1342,-1,1341,1342,1343,-1,1343,1342,1344,-1,1298,1299,1345,-1,1345,1299,1346,-1,1345,1346,1347,-1,1347,1346,1348,-1,1347,1348,1349,-1,1348,1350,1349,-1,1349,1350,1351,-1,1349,1351,1352,-1,1352,1351,1353,-1,1352,1353,1354,-1,1354,1353,1355,-1,1354,1355,1356,-1,1356,1355,1357,-1,1356,1357,1358,-1,1358,1357,1359,-1,1358,1359,1344,-1,1344,1359,1343,-1,1251,1360,1361,-1,1251,1361,1253,-1,1253,1361,1362,-1,1253,1362,1255,-1,1255,1362,1363,-1,1255,1363,1257,-1,1257,1363,1364,-1,1257,1364,1259,-1,1259,1364,1365,-1,1259,1365,1261,-1,1261,1365,1366,-1,1261,1366,1263,-1,1367,1368,1369,-1,1367,1369,1370,-1,1370,1369,1371,-1,1370,1371,1372,-1,1372,1371,1373,-1,1372,1373,1374,-1,1374,1373,1375,-1,1374,1375,1376,-1,1376,1375,1377,-1,1376,1377,1378,-1,1378,1377,1204,-1,1378,1204,1206,-1,1379,1250,1380,-1,1380,1250,1252,-1,1380,1252,1381,-1,1381,1252,1254,-1,1381,1254,1382,-1,1382,1254,1256,-1,1382,1256,1383,-1,1383,1256,1258,-1,1383,1258,1384,-1,1384,1258,1260,-1,1384,1260,1385,-1,1385,1260,1262,-1,1240,1242,1386,-1,1235,1387,1222,-1,1222,1387,1388,-1,1222,1388,1220,-1,1235,1233,1387,-1,1387,1233,1231,-1,1387,1231,1229,-1,1240,1386,1238,-1,1242,1244,1386,-1,1386,1244,1246,-1,1386,1246,1379,-1,1379,1246,1248,-1,1379,1248,1250,-1,1229,1227,1387,-1,1387,1227,1225,-1,1387,1225,1386,-1,1386,1225,1236,-1,1386,1236,1238,-1,1220,1388,1218,-1,1218,1388,1389,-1,1218,1389,1216,-1,1216,1389,1390,-1,1216,1390,1214,-1,1214,1390,1391,-1,1214,1391,1212,-1,1212,1391,1392,-1,1212,1392,1210,-1,1210,1392,1393,-1,1210,1393,1208,-1,1208,1393,1394,-1,1375,1373,1181,-1,1385,1262,1368,-1,1368,1262,1187,-1,1187,1185,1368,-1,1368,1185,1183,-1,1368,1183,1369,-1,1369,1183,1181,-1,1369,1181,1371,-1,1371,1181,1373,-1,1375,1181,1377,-1,1377,1181,1179,-1,1377,1179,1204,-1,1208,1394,1191,-1,1191,1394,1395,-1,1191,1395,1193,-1,1199,1396,1201,-1,1201,1396,1205,-1,1201,1205,1203,-1,1179,1177,1204,-1,1204,1177,1175,-1,1204,1175,1205,-1,1205,1175,1188,-1,1205,1188,1203,-1,1193,1395,1195,-1,1195,1395,1397,-1,1195,1397,1197,-1,1397,1398,1197,-1,1197,1398,1399,-1,1197,1399,1199,-1,1199,1399,1400,-1,1199,1400,1396,-1,1395,1401,1402,-1,1395,1402,1397,-1,1397,1402,1403,-1,1397,1403,1398,-1,1398,1403,1404,-1,1398,1404,1399,-1,1399,1404,1405,-1,1399,1405,1400,-1,1400,1405,1406,-1,1400,1406,1396,-1,1396,1406,1207,-1,1396,1207,1205,-1,1372,1374,1180,-1,1263,1366,1186,-1,1186,1366,1367,-1,1186,1367,1184,-1,1184,1367,1182,-1,1374,1376,1180,-1,1180,1376,1378,-1,1180,1378,1178,-1,1178,1378,1206,-1,1178,1206,1176,-1,1182,1367,1180,-1,1180,1367,1370,-1,1180,1370,1372,-1,1407,1209,1401,-1,1401,1209,1190,-1,1207,1406,1200,-1,1200,1406,1198,-1,1406,1405,1198,-1,1198,1405,1404,-1,1198,1404,1196,-1,1200,1202,1207,-1,1207,1202,1189,-1,1207,1189,1206,-1,1206,1189,1174,-1,1206,1174,1176,-1,1190,1192,1401,-1,1401,1192,1194,-1,1401,1194,1402,-1,1402,1194,1196,-1,1402,1196,1403,-1,1403,1196,1404,-1,1408,1221,1219,-1,1408,1219,1409,-1,1409,1219,1217,-1,1409,1217,1410,-1,1410,1217,1215,-1,1410,1215,1411,-1,1411,1215,1213,-1,1411,1213,1412,-1,1412,1213,1211,-1,1412,1211,1413,-1,1413,1211,1209,-1,1413,1209,1407,-1,1247,1245,1414,-1,1414,1245,1243,-1,1414,1243,1241,-1,1241,1239,1414,-1,1414,1239,1237,-1,1414,1237,1415,-1,1415,1237,1224,-1,1224,1226,1415,-1,1415,1226,1228,-1,1415,1228,1230,-1,1230,1232,1415,-1,1415,1232,1234,-1,1415,1234,1408,-1,1408,1234,1223,-1,1408,1223,1221,-1,1247,1414,1249,-1,1249,1414,1360,-1,1249,1360,1251,-1,1416,1345,1417,-1,1417,1345,1347,-1,1417,1347,1418,-1,1418,1347,1349,-1,1418,1349,1419,-1,1419,1349,1352,-1,1419,1352,1420,-1,1420,1352,1354,-1,1420,1354,1421,-1,1421,1354,1356,-1,1421,1356,1422,-1,1422,1356,1358,-1,1423,1424,1425,-1,1423,1425,1426,-1,1426,1425,1427,-1,1426,1427,1428,-1,1428,1427,1429,-1,1428,1429,1430,-1,1430,1429,1431,-1,1430,1431,1432,-1,1432,1431,1433,-1,1432,1433,1434,-1,1434,1433,1282,-1,1434,1282,1284,-1,1346,1435,1436,-1,1346,1436,1348,-1,1348,1436,1437,-1,1348,1437,1350,-1,1350,1437,1438,-1,1350,1438,1351,-1,1351,1438,1439,-1,1351,1439,1353,-1,1353,1439,1440,-1,1353,1440,1355,-1,1355,1440,1441,-1,1355,1441,1357,-1,1357,1441,1442,-1,1357,1442,1359,-1,1443,1311,1309,-1,1333,1335,1444,-1,1444,1335,1337,-1,1443,1309,1445,-1,1445,1309,1330,-1,1445,1330,1328,-1,1328,1326,1445,-1,1445,1326,1324,-1,1445,1324,1322,-1,1322,1320,1445,-1,1445,1320,1318,-1,1445,1318,1444,-1,1444,1318,1331,-1,1444,1331,1333,-1,1337,1339,1444,-1,1444,1339,1341,-1,1444,1341,1442,-1,1442,1341,1343,-1,1442,1343,1359,-1,1446,1300,1302,-1,1446,1302,1447,-1,1447,1302,1304,-1,1447,1304,1448,-1,1448,1304,1306,-1,1448,1306,1449,-1,1449,1306,1316,-1,1449,1316,1450,-1,1450,1316,1315,-1,1450,1315,1451,-1,1451,1315,1313,-1,1451,1313,1452,-1,1452,1313,1311,-1,1452,1311,1443,-1,1300,1446,1280,-1,1280,1446,1453,-1,1283,1268,1270,-1,1435,1346,1424,-1,1424,1346,1299,-1,1299,1297,1424,-1,1424,1297,1295,-1,1424,1295,1425,-1,1425,1295,1293,-1,1425,1293,1427,-1,1427,1293,1429,-1,1429,1293,1291,-1,1429,1291,1431,-1,1431,1291,1433,-1,1433,1291,1289,-1,1433,1289,1282,-1,1283,1270,1454,-1,1454,1270,1272,-1,1454,1272,1455,-1,1455,1272,1456,-1,1456,1272,1274,-1,1456,1274,1457,-1,1457,1274,1458,-1,1458,1274,1276,-1,1458,1276,1453,-1,1453,1276,1278,-1,1453,1278,1280,-1,1289,1287,1282,-1,1282,1287,1266,-1,1282,1266,1283,-1,1283,1266,1267,-1,1283,1267,1268,-1,1453,1459,1460,-1,1453,1460,1458,-1,1458,1460,1461,-1,1458,1461,1457,-1,1457,1461,1462,-1,1457,1462,1456,-1,1456,1462,1463,-1,1456,1463,1455,-1,1455,1463,1464,-1,1455,1464,1454,-1,1454,1464,1285,-1,1454,1285,1283,-1,1465,1301,1459,-1,1459,1301,1281,-1,1463,1462,1273,-1,1273,1462,1275,-1,1463,1273,1464,-1,1464,1273,1271,-1,1464,1271,1285,-1,1423,1426,1294,-1,1294,1426,1292,-1,1345,1416,1298,-1,1298,1416,1423,-1,1298,1423,1296,-1,1296,1423,1294,-1,1281,1279,1459,-1,1459,1279,1277,-1,1459,1277,1460,-1,1460,1277,1275,-1,1460,1275,1461,-1,1461,1275,1462,-1,1264,1284,1265,-1,1265,1284,1285,-1,1265,1285,1269,-1,1269,1285,1271,-1,1264,1286,1284,-1,1284,1286,1288,-1,1284,1288,1434,-1,1434,1288,1290,-1,1426,1428,1292,-1,1292,1428,1430,-1,1292,1430,1290,-1,1290,1430,1432,-1,1290,1432,1434,-1,1301,1465,1303,-1,1303,1465,1466,-1,1303,1466,1305,-1,1305,1466,1467,-1,1305,1467,1307,-1,1307,1467,1468,-1,1307,1468,1314,-1,1314,1468,1469,-1,1314,1469,1312,-1,1312,1469,1470,-1,1312,1470,1310,-1,1310,1470,1471,-1,1327,1329,1472,-1,1342,1340,1473,-1,1473,1340,1338,-1,1473,1338,1336,-1,1319,1321,1472,-1,1472,1329,1471,-1,1471,1329,1308,-1,1471,1308,1310,-1,1321,1323,1472,-1,1472,1323,1325,-1,1472,1325,1327,-1,1342,1473,1344,-1,1344,1473,1422,-1,1344,1422,1358,-1,1336,1334,1473,-1,1473,1334,1332,-1,1473,1332,1472,-1,1472,1332,1317,-1,1472,1317,1319,-1,1474,1475,1476,-1,1476,1475,1477,-1,1476,1477,1478,-1,1478,1477,1479,-1,1478,1479,1480,-1,1480,1479,1481,-1,1480,1481,1482,-1,1482,1481,1483,-1,1482,1483,1484,-1,1484,1483,1485,-1,1484,1485,1415,-1,1415,1485,1414,-1,1486,1487,1488,-1,1486,1488,1489,-1,1489,1488,1490,-1,1489,1490,1491,-1,1491,1490,1492,-1,1491,1492,1493,-1,1493,1492,1494,-1,1493,1494,1495,-1,1495,1494,1496,-1,1495,1496,1497,-1,1498,1499,1500,-1,1498,1500,1501,-1,1501,1500,1502,-1,1501,1502,1503,-1,1503,1502,1504,-1,1503,1504,1505,-1,1505,1504,1506,-1,1505,1506,1507,-1,1507,1506,1508,-1,1507,1508,1509,-1,1510,1511,1512,-1,1512,1511,1513,-1,1512,1513,1514,-1,1514,1513,1515,-1,1514,1515,1516,-1,1516,1515,1517,-1,1516,1517,1518,-1,1518,1517,1519,-1,1518,1519,1520,-1,1520,1519,1521,-1,1522,1511,1510,-1,1510,1523,1522,-1,1522,1523,1524,-1,1522,1524,1525,-1,1525,1524,1526,-1,1525,1526,1527,-1,1527,1526,1528,-1,1527,1528,1529,-1,1529,1528,1530,-1,1529,1530,1531,-1,1530,1532,1531,-1,1531,1532,1533,-1,1534,1535,1536,-1,1536,1535,1537,-1,1536,1537,1538,-1,1538,1537,1539,-1,1538,1539,1540,-1,1540,1539,1541,-1,1540,1541,1542,-1,1542,1541,1543,-1,1542,1543,1544,-1,1544,1543,1545,-1,1544,1545,1546,-1,1546,1545,1547,-1,1546,1547,1548,-1,1548,1547,1549,-1,1548,1549,1532,-1,1532,1549,1533,-1,1534,1550,1535,-1,1535,1550,1551,-1,1551,1550,1552,-1,1551,1552,1553,-1,1553,1552,1554,-1,1553,1554,1555,-1,1555,1554,1556,-1,1555,1556,1557,-1,1557,1556,1558,-1,1557,1558,1559,-1,1559,1558,1560,-1,1559,1560,1561,-1,1561,1560,1562,-1,1561,1562,1563,-1,1563,1562,1564,-1,1563,1564,1565,-1,1565,1564,1566,-1,1565,1566,1567,-1,1566,1568,1567,-1,1567,1568,1569,-1,1570,1571,1572,-1,1570,1572,1573,-1,1573,1572,1574,-1,1573,1574,1575,-1,1575,1574,1576,-1,1575,1576,1577,-1,1577,1576,1578,-1,1577,1578,1579,-1,1579,1578,1580,-1,1579,1580,1581,-1,1581,1580,1582,-1,1581,1582,1583,-1,1583,1582,1584,-1,1583,1584,1585,-1,1585,1584,1586,-1,1585,1586,1587,-1,1587,1586,1569,-1,1587,1569,1568,-1,1570,1588,1571,-1,1571,1588,1589,-1,1590,1591,1592,-1,1592,1591,1593,-1,1592,1593,1594,-1,1594,1593,1595,-1,1594,1595,1596,-1,1596,1595,1597,-1,1596,1597,1598,-1,1598,1597,1599,-1,1598,1599,1600,-1,1600,1599,1601,-1,1600,1601,1602,-1,1602,1601,1603,-1,1602,1603,1604,-1,1604,1603,1605,-1,1604,1605,1606,-1,1606,1605,1607,-1,1606,1607,1588,-1,1588,1607,1589,-1,1608,1591,1609,-1,1609,1591,1590,-1,1610,1611,1612,-1,1612,1611,1613,-1,1612,1613,1614,-1,1614,1613,1615,-1,1614,1615,1616,-1,1616,1615,1617,-1,1616,1617,1618,-1,1618,1617,1619,-1,1618,1619,1620,-1,1620,1619,1621,-1,1620,1621,1622,-1,1622,1621,1623,-1,1622,1623,1624,-1,1624,1623,1625,-1,1624,1625,1626,-1,1626,1625,1627,-1,1626,1627,1609,-1,1609,1627,1608,-1,1628,1611,1629,-1,1629,1611,1610,-1,1630,1631,1632,-1,1630,1632,1633,-1,1633,1632,1634,-1,1633,1634,1635,-1,1635,1634,1636,-1,1635,1636,1637,-1,1637,1636,1638,-1,1637,1638,1639,-1,1639,1638,1640,-1,1639,1640,1641,-1,1641,1640,1642,-1,1641,1642,1643,-1,1643,1642,1644,-1,1643,1644,1645,-1,1645,1644,1646,-1,1645,1646,1647,-1,1647,1646,1628,-1,1647,1628,1629,-1,1648,1631,1649,-1,1649,1631,1630,-1,1650,1651,1652,-1,1650,1652,1653,-1,1653,1652,1654,-1,1653,1654,1655,-1,1655,1654,1656,-1,1655,1656,1657,-1,1657,1656,1658,-1,1657,1658,1659,-1,1659,1658,1660,-1,1659,1660,1661,-1,1661,1660,1662,-1,1661,1662,1663,-1,1663,1662,1664,-1,1663,1664,1665,-1,1665,1664,1666,-1,1665,1666,1667,-1,1667,1666,1648,-1,1667,1648,1649,-1,1668,1651,1669,-1,1669,1651,1650,-1,1668,1669,1670,-1,1670,1669,1671,-1,1670,1671,1672,-1,1672,1671,1673,-1,1672,1673,1674,-1,1674,1673,1675,-1,1674,1675,1676,-1,1676,1675,1677,-1,1676,1677,1678,-1,1678,1677,1679,-1,1678,1679,1680,-1,1680,1679,1681,-1,1680,1681,1682,-1,1682,1681,1683,-1,1682,1683,1684,-1,1684,1683,1685,-1,1684,1685,1686,-1,1686,1685,1687,-1,1688,1689,1690,-1,1690,1689,1691,-1,1690,1691,1692,-1,1692,1691,1693,-1,1692,1693,1694,-1,1694,1693,1695,-1,1694,1695,1696,-1,1696,1695,1697,-1,1696,1697,1698,-1,1698,1697,1699,-1,1698,1699,1700,-1,1700,1699,1701,-1,1700,1701,1702,-1,1702,1701,1703,-1,1704,1702,1705,-1,1705,1702,1703,-1,1704,1705,1706,-1,1706,1705,1707,-1,1706,1707,1708,-1,1708,1707,1709,-1,1708,1709,1710,-1,1710,1709,1711,-1,1710,1711,1712,-1,1712,1711,1713,-1,1712,1713,1714,-1,1714,1713,1715,-1,1714,1715,1716,-1,1716,1715,1717,-1,1509,1508,213,-1,213,1508,222,-1,213,222,164,-1,164,222,163,-1,1501,1493,1498,-1,1498,1493,1495,-1,1498,1495,1497,-1,1501,1503,1493,-1,1493,1503,1505,-1,1493,1505,1491,-1,1491,1505,1489,-1,1509,213,214,-1,1505,1507,1489,-1,1489,1507,1509,-1,1489,1509,1486,-1,1486,1509,214,-1,175,176,214,-1,214,176,225,-1,214,225,1486,-1,1486,225,1487,-1,1492,1499,1494,-1,1494,1499,1496,-1,1488,1504,1490,-1,1490,1504,1502,-1,1490,1502,1492,-1,1492,1502,1500,-1,1492,1500,1499,-1,225,222,1487,-1,1487,222,1508,-1,1487,1508,1488,-1,1488,1508,1506,-1,1488,1506,1504,-1,1718,1719,1720,-1,1720,1719,1721,-1,1720,1721,1722,-1,1722,1721,1723,-1,1723,1721,1724,-1,1723,1724,1725,-1,1725,1724,1726,-1,1726,1724,1727,-1,1726,1727,1728,-1,1728,1727,1729,-1,1729,1727,1730,-1,1729,1730,1731,-1,1731,1730,1732,-1,1732,1730,1733,-1,1732,1733,1734,-1,1734,1733,1735,-1,1735,1733,1736,-1,1735,1736,1737,-1,1737,1736,1738,-1,1738,1736,1739,-1,1738,1739,1740,-1,1741,1742,1719,-1,1719,1742,1743,-1,1719,1743,1721,-1,1721,1743,1744,-1,1721,1744,1724,-1,1724,1744,1745,-1,1724,1745,1727,-1,1727,1745,1746,-1,1727,1746,1730,-1,1730,1746,1747,-1,1730,1747,1733,-1,1733,1747,1748,-1,1733,1748,1736,-1,1736,1748,1749,-1,1736,1749,1739,-1,1739,1749,1750,-1,1739,1750,1717,-1,1717,1750,1716,-1,1742,1741,1751,-1,1751,1741,1752,-1,1751,1752,1753,-1,1753,1752,1754,-1,1753,1754,1755,-1,1755,1754,1756,-1,1755,1756,1757,-1,1757,1756,1758,-1,1757,1758,1759,-1,1759,1758,1760,-1,1759,1760,1761,-1,1761,1760,1762,-1,1761,1762,1763,-1,1763,1762,1764,-1,1764,1765,1763,-1,1763,1765,1766,-1,1767,1768,1769,-1,1769,1768,1770,-1,1769,1770,1771,-1,1771,1770,1772,-1,1771,1772,1773,-1,1773,1772,1774,-1,1773,1774,1775,-1,1775,1774,1776,-1,1775,1776,1777,-1,1777,1776,1778,-1,1777,1778,1765,-1,1765,1778,1766,-1,1768,1767,1475,-1,1475,1767,1779,-1,1475,1779,1477,-1,1477,1779,1780,-1,1477,1780,1479,-1,1479,1780,1781,-1,1479,1781,1481,-1,1481,1781,1782,-1,1481,1782,1483,-1,1483,1782,1783,-1,1483,1783,1485,-1,1485,1783,1784,-1,1485,1784,1414,-1,1414,1784,1386,-1,1414,1386,1360,-1,1360,1386,1379,-1,1360,1379,1361,-1,1361,1379,1380,-1,1361,1380,1362,-1,1362,1380,1381,-1,1362,1381,1363,-1,1363,1381,1382,-1,1363,1382,1364,-1,1364,1382,1383,-1,1364,1383,1365,-1,1365,1383,1384,-1,1365,1384,1366,-1,1366,1384,1385,-1,1366,1385,1367,-1,1367,1385,1368,-1,1779,1785,1786,-1,1779,1786,1780,-1,1780,1786,1787,-1,1780,1787,1781,-1,1781,1787,1788,-1,1781,1788,1782,-1,1782,1788,1789,-1,1782,1789,1783,-1,1783,1789,1790,-1,1783,1790,1784,-1,1784,1790,1387,-1,1784,1387,1386,-1,1791,1792,1785,-1,1785,1792,1474,-1,1785,1474,1786,-1,1786,1474,1476,-1,1786,1476,1787,-1,1787,1476,1478,-1,1787,1478,1788,-1,1788,1478,1480,-1,1788,1480,1789,-1,1789,1480,1482,-1,1789,1482,1790,-1,1790,1482,1484,-1,1790,1484,1387,-1,1387,1484,1415,-1,1387,1415,1388,-1,1388,1415,1408,-1,1388,1408,1389,-1,1389,1408,1409,-1,1389,1409,1390,-1,1390,1409,1410,-1,1390,1410,1391,-1,1391,1410,1411,-1,1391,1411,1392,-1,1392,1411,1412,-1,1392,1412,1393,-1,1393,1412,1413,-1,1393,1413,1394,-1,1394,1413,1407,-1,1394,1407,1395,-1,1395,1407,1401,-1,1793,1794,1795,-1,1795,1794,1796,-1,1795,1796,1797,-1,1797,1796,1798,-1,1797,1798,1799,-1,1799,1798,1800,-1,1799,1800,1801,-1,1801,1800,1802,-1,1801,1802,1803,-1,1803,1802,1804,-1,1803,1804,1805,-1,1805,1804,1806,-1,1805,1806,1791,-1,1791,1806,1792,-1,1807,1794,1808,-1,1808,1794,1793,-1,1807,1808,1809,-1,1809,1808,1810,-1,1809,1810,1811,-1,1811,1810,1812,-1,1811,1812,1813,-1,1813,1812,1814,-1,1813,1814,1815,-1,1815,1814,1816,-1,1815,1816,1817,-1,1817,1816,1818,-1,1817,1818,1819,-1,1819,1818,1820,-1,1689,1688,1821,-1,1821,1688,1822,-1,1821,1822,1823,-1,1823,1822,1824,-1,1823,1824,1825,-1,1819,1820,1826,-1,1826,1820,1827,-1,1826,1827,1828,-1,1828,1827,1829,-1,1828,1829,1830,-1,1830,1829,1831,-1,1830,1831,1832,-1,1832,1831,1833,-1,1832,1833,1834,-1,1834,1833,1825,-1,1834,1825,1835,-1,1835,1825,1824,-1,1836,1837,1827,-1,1827,1837,1829,-1,1837,1838,1829,-1,1829,1838,1839,-1,1829,1839,1831,-1,1839,1840,1831,-1,1831,1840,1841,-1,1831,1841,1833,-1,1841,1842,1833,-1,1833,1842,1843,-1,1833,1843,1825,-1,1843,1844,1825,-1,1825,1844,1845,-1,1825,1845,1823,-1,1846,1821,1847,-1,1847,1821,1823,-1,1847,1823,1848,-1,1848,1823,1845,-1,1473,1472,1849,-1,1473,1849,1850,-1,1850,1849,1851,-1,1850,1851,1852,-1,1852,1851,1853,-1,1852,1853,1854,-1,1854,1853,1855,-1,1854,1855,1856,-1,1856,1855,1857,-1,1856,1857,1858,-1,1858,1857,1859,-1,1858,1859,1860,-1,1860,1859,1861,-1,1860,1861,1862,-1,1863,1864,1865,-1,1865,1864,1866,-1,1867,1868,1869,-1,1866,1864,1870,-1,1870,1864,1871,-1,1870,1871,1872,-1,1872,1871,1873,-1,1872,1873,1874,-1,1874,1873,1875,-1,1874,1875,1876,-1,1876,1875,1877,-1,1876,1877,1869,-1,1869,1877,1878,-1,1869,1878,1867,-1,1424,1423,1435,-1,1435,1423,1416,-1,1435,1416,1436,-1,1436,1416,1417,-1,1436,1417,1437,-1,1437,1417,1418,-1,1437,1418,1438,-1,1438,1418,1419,-1,1868,1867,1862,-1,1862,1867,1879,-1,1862,1879,1860,-1,1860,1879,1880,-1,1860,1880,1858,-1,1858,1880,1881,-1,1858,1881,1856,-1,1856,1881,1882,-1,1856,1882,1854,-1,1854,1882,1883,-1,1854,1883,1852,-1,1852,1883,1884,-1,1852,1884,1850,-1,1850,1884,1885,-1,1850,1885,1473,-1,1473,1885,1444,-1,1473,1444,1422,-1,1422,1444,1442,-1,1422,1442,1421,-1,1421,1442,1441,-1,1421,1441,1420,-1,1420,1441,1440,-1,1420,1440,1419,-1,1419,1440,1439,-1,1419,1439,1438,-1,1445,1444,1886,-1,1886,1444,1885,-1,1886,1885,1887,-1,1887,1885,1884,-1,1887,1884,1888,-1,1888,1884,1883,-1,1888,1883,1889,-1,1889,1883,1882,-1,1889,1882,1890,-1,1890,1882,1881,-1,1890,1881,1891,-1,1891,1881,1880,-1,1891,1880,1892,-1,1892,1880,1879,-1,1459,1453,1465,-1,1465,1453,1446,-1,1465,1446,1466,-1,1466,1446,1447,-1,1466,1447,1467,-1,1893,1894,1892,-1,1892,1894,1861,-1,1892,1861,1891,-1,1891,1861,1859,-1,1891,1859,1890,-1,1890,1859,1857,-1,1890,1857,1889,-1,1889,1857,1855,-1,1889,1855,1888,-1,1888,1855,1853,-1,1888,1853,1887,-1,1887,1853,1851,-1,1887,1851,1886,-1,1886,1851,1849,-1,1886,1849,1445,-1,1445,1849,1472,-1,1445,1472,1443,-1,1443,1472,1471,-1,1443,1471,1452,-1,1452,1471,1470,-1,1452,1470,1451,-1,1451,1470,1469,-1,1451,1469,1450,-1,1450,1469,1468,-1,1450,1468,1449,-1,1449,1468,1467,-1,1449,1467,1448,-1,1448,1467,1447,-1,1895,1896,1897,-1,1897,1896,1898,-1,1897,1898,1899,-1,1899,1898,1900,-1,1899,1900,1901,-1,1901,1900,1902,-1,1901,1902,1903,-1,1903,1902,1904,-1,1903,1904,1905,-1,1905,1904,1906,-1,1905,1906,1907,-1,1907,1906,1908,-1,1907,1908,1893,-1,1893,1908,1894,-1,1909,1896,1910,-1,1910,1896,1895,-1,1911,1912,1913,-1,1913,1912,1914,-1,1913,1914,1915,-1,1915,1914,1916,-1,1915,1916,1917,-1,1917,1916,1918,-1,1917,1918,1919,-1,1919,1918,1920,-1,1919,1920,1921,-1,1921,1920,1922,-1,1921,1922,1923,-1,1923,1922,1924,-1,1923,1924,1865,-1,1865,1924,1863,-1,1909,1910,1925,-1,1925,1910,1926,-1,1925,1926,1927,-1,1927,1926,1928,-1,1927,1928,1929,-1,1929,1928,1930,-1,1929,1930,1931,-1,1931,1930,1932,-1,1931,1932,1933,-1,1933,1932,1934,-1,1933,1934,1935,-1,1935,1934,1936,-1,1935,1936,1937,-1,1937,1936,1938,-1,1939,1940,1941,-1,1941,1940,1942,-1,1941,1942,1943,-1,1943,1942,1944,-1,1943,1944,1945,-1,1945,1944,1946,-1,1945,1946,1947,-1,1947,1946,1948,-1,1947,1948,1949,-1,1949,1948,1950,-1,1949,1950,1951,-1,1951,1950,1952,-1,1951,1952,1953,-1,1953,1952,1954,-1,1955,1956,1954,-1,1954,1956,1953,-1,1956,1955,1957,-1,1957,1955,1958,-1,1957,1958,1959,-1,1959,1958,1960,-1,1959,1960,1961,-1,1961,1960,1962,-1,1961,1962,1963,-1,1963,1962,1964,-1,1963,1964,1965,-1,1965,1964,1966,-1,1965,1966,1967,-1,1967,1966,1968,-1,1967,1968,1969,-1,1969,1968,1970,-1,1971,1972,1973,-1,1973,1972,1974,-1,1973,1974,1975,-1,1975,1974,1976,-1,1975,1976,1977,-1,1977,1976,1978,-1,1977,1978,1979,-1,1979,1978,1980,-1,1979,1980,1981,-1,1981,1980,1982,-1,1981,1982,1983,-1,1983,1982,1984,-1,1983,1984,1985,-1,1985,1984,1986,-1,1985,1986,1836,-1,1836,1986,1987,-1,1988,1989,1846,-1,1846,1847,1988,-1,1988,1847,1848,-1,1988,1848,1990,-1,1848,1845,1990,-1,1990,1845,1844,-1,1990,1844,1991,-1,1844,1843,1991,-1,1991,1843,1842,-1,1991,1842,1992,-1,1842,1841,1992,-1,1992,1841,1840,-1,1992,1840,1993,-1,1836,1987,1837,-1,1837,1987,1994,-1,1837,1994,1838,-1,1838,1994,1993,-1,1838,1993,1839,-1,1839,1993,1840,-1,1995,1996,1989,-1,1989,1996,1846,-1,1995,1997,1996,-1,1996,1997,1686,-1,1996,1686,1687,-1,1822,1998,1999,-1,1822,1999,1824,-1,1824,1999,2000,-1,1824,2000,1835,-1,1835,2000,2001,-1,1835,2001,1834,-1,1834,2001,2002,-1,1834,2002,1832,-1,1832,2002,2003,-1,1832,2003,1830,-1,1830,2003,2004,-1,1830,2004,1828,-1,1828,2004,2005,-1,1828,2005,1826,-1,1776,1774,2006,-1,2006,1774,1772,-1,2006,1772,1770,-1,1807,1809,2006,-1,2006,1809,1811,-1,2006,1811,1813,-1,1813,1815,2006,-1,2006,1815,1817,-1,2006,1817,2005,-1,2005,1817,1819,-1,2005,1819,1826,-1,1763,1766,2006,-1,2006,1766,1778,-1,2006,1778,1776,-1,1768,1475,1474,-1,1770,1796,2006,-1,2006,1796,1794,-1,2006,1794,1807,-1,1104,1100,2006,-1,2006,1100,1092,-1,2006,1092,1763,-1,1763,1092,1761,-1,1474,1792,1768,-1,1768,1792,1806,-1,1768,1806,1770,-1,1770,1806,1804,-1,1770,1804,1802,-1,1802,1800,1770,-1,1770,1800,1798,-1,1770,1798,1796,-1,1139,1134,1159,-1,1159,1134,1133,-1,1755,1757,1092,-1,1092,1757,1759,-1,1092,1759,1761,-1,2007,1743,1089,-1,1089,1743,1742,-1,1089,1742,1091,-1,1091,1742,1751,-1,1091,1751,1092,-1,1092,1751,1753,-1,1092,1753,1755,-1,1133,1131,1159,-1,1159,1131,1122,-1,1159,1122,1117,-1,1117,1115,1159,-1,1159,1115,1112,-1,1159,1112,2006,-1,2006,1112,1108,-1,2006,1108,1104,-1,38,37,1747,-1,1747,37,35,-1,1747,35,1748,-1,1748,35,33,-1,1748,33,1749,-1,1749,33,31,-1,1749,31,1750,-1,38,1747,2008,-1,2008,1747,1746,-1,2008,1746,2009,-1,2009,1746,1745,-1,2009,1745,2010,-1,2010,1745,1744,-1,2010,1744,2011,-1,2011,1744,1743,-1,2011,1743,2007,-1,1750,31,29,-1,1499,151,141,-1,1498,1714,1716,-1,1549,1547,1497,-1,1716,1750,1498,-1,1498,1750,29,-1,1498,29,1499,-1,1499,29,149,-1,1499,149,151,-1,1549,1497,1533,-1,1545,1543,1582,-1,1582,1543,1541,-1,1582,1541,1539,-1,141,140,1499,-1,1499,140,139,-1,1499,139,138,-1,146,1496,147,-1,147,1496,148,-1,1497,1605,1603,-1,138,137,1499,-1,1499,137,136,-1,1499,136,1496,-1,1496,136,135,-1,1496,135,148,-1,1670,1628,1668,-1,1668,1628,1646,-1,1599,1597,1706,-1,1571,1589,1497,-1,1497,1589,1607,-1,1497,1607,1605,-1,1714,1498,1712,-1,1712,1498,1497,-1,1712,1497,1710,-1,1710,1497,1603,-1,1710,1603,1708,-1,1517,1497,1519,-1,1519,1497,1496,-1,1519,1496,1521,-1,1521,1496,143,-1,1535,1569,1586,-1,1636,1668,1638,-1,1638,1668,1640,-1,1646,1644,1668,-1,1668,1644,1642,-1,1668,1642,1640,-1,1708,1603,1706,-1,1706,1603,1601,-1,1706,1601,1599,-1,1539,1537,1582,-1,1582,1537,1535,-1,1582,1535,1584,-1,1584,1535,1586,-1,1656,1654,1666,-1,1517,1515,1497,-1,1497,1515,1513,-1,1497,1513,1533,-1,1533,1513,1511,-1,1533,1511,1531,-1,1531,1511,1522,-1,1569,1535,1567,-1,1567,1535,1551,-1,1567,1551,1553,-1,1662,1660,1658,-1,1654,1652,1666,-1,1666,1652,1651,-1,1666,1651,1648,-1,1636,1634,1668,-1,1668,1634,1632,-1,1668,1632,1651,-1,1651,1632,1631,-1,1651,1631,1648,-1,1672,1613,1670,-1,1670,1613,1611,-1,1670,1611,1628,-1,1678,1680,1702,-1,1578,1576,1571,-1,1571,1576,1574,-1,1571,1574,1572,-1,146,145,1496,-1,1496,145,144,-1,1496,144,143,-1,1597,1595,1706,-1,1706,1595,1593,-1,1706,1593,1704,-1,1704,1593,1591,-1,1704,1591,1702,-1,1547,1545,1497,-1,1497,1545,1582,-1,1497,1582,1571,-1,1571,1582,1580,-1,1571,1580,1578,-1,1525,1527,1522,-1,1522,1527,1529,-1,1522,1529,1531,-1,1656,1666,1658,-1,1658,1666,1664,-1,1658,1664,1662,-1,1676,1678,1627,-1,1627,1678,1702,-1,1627,1702,1608,-1,1608,1702,1591,-1,1553,1555,1567,-1,1567,1555,1557,-1,1567,1557,1559,-1,1623,1621,1674,-1,1559,1561,1567,-1,1567,1561,1563,-1,1567,1563,1565,-1,1676,1627,1674,-1,1674,1627,1625,-1,1674,1625,1623,-1,1621,1619,1674,-1,1674,1619,1617,-1,1674,1617,1672,-1,1672,1617,1615,-1,1672,1615,1613,-1,1822,1688,1998,-1,1998,1688,1690,-1,1998,1690,1997,-1,1997,1690,1692,-1,1997,1692,1694,-1,1680,1682,1702,-1,1702,1682,1684,-1,1702,1684,1700,-1,1700,1684,1686,-1,1700,1686,1698,-1,1698,1686,1997,-1,1698,1997,1696,-1,1696,1997,1694,-1,115,1520,143,-1,143,1520,1521,-1,26,28,2012,-1,2012,28,2013,-1,30,1740,2014,-1,30,2014,28,-1,28,2014,2015,-1,28,2015,2013,-1,1718,2016,2017,-1,2017,2016,1088,-1,2017,1088,2018,-1,1740,30,1738,-1,1738,30,32,-1,1718,1720,2016,-1,2016,1720,1722,-1,2016,1722,2019,-1,2019,1722,1723,-1,2019,1723,2020,-1,2020,1723,1725,-1,2020,1725,2021,-1,2021,1725,1726,-1,2021,1726,2022,-1,1726,1728,2022,-1,2022,1728,1729,-1,2022,1729,2023,-1,1729,1731,2023,-1,2023,1731,1732,-1,2023,1732,36,-1,36,1732,1734,-1,36,1734,34,-1,34,1734,1735,-1,34,1735,32,-1,32,1735,1737,-1,32,1737,1738,-1,2018,1088,1090,-1,2018,1090,2024,-1,2024,1090,1097,-1,2024,1097,2025,-1,2025,1097,1096,-1,2025,1096,2026,-1,2026,1096,1095,-1,2026,1095,2027,-1,2027,1095,1094,-1,2027,1094,2028,-1,1094,1093,2028,-1,2028,1093,1102,-1,2028,1102,2029,-1,2029,1102,1101,-1,2029,1101,2030,-1,1101,1099,2030,-1,2030,1099,1098,-1,2030,1098,2031,-1,2031,1098,1103,-1,2031,1103,2032,-1,1103,1105,2032,-1,2032,1105,1110,-1,2032,1110,2033,-1,2033,1110,1109,-1,2033,1109,2034,-1,1109,1107,2034,-1,2034,1107,1106,-1,2034,1106,2035,-1,1106,1111,2035,-1,2035,1111,1113,-1,2035,1113,2036,-1,1113,1114,2036,-1,2036,1114,1116,-1,2036,1116,2037,-1,2037,1116,1119,-1,2037,1119,2038,-1,2038,1119,2039,-1,2038,2039,2040,-1,2039,1118,2040,-1,2040,1118,1087,-1,2040,1087,2041,-1,2041,1087,2042,-1,1087,1086,2042,-1,2042,1086,1084,-1,2042,1084,2043,-1,2043,1084,1083,-1,1083,1068,2043,-1,2043,1068,1067,-1,2043,1067,2042,-1,2042,1067,2041,-1,1085,1129,1083,-1,1083,1129,1130,-1,1083,1130,1068,-1,1068,1130,1132,-1,1068,1132,1073,-1,1818,1816,1985,-1,1985,1816,1814,-1,1769,1771,1985,-1,1985,1771,1773,-1,1985,1773,1775,-1,1818,1985,1820,-1,1820,1985,1836,-1,1820,1836,1827,-1,1814,1812,1985,-1,1985,1812,1810,-1,1985,1810,1808,-1,1799,1801,1769,-1,1808,1793,1985,-1,1985,1793,1795,-1,1985,1795,1769,-1,1769,1795,1797,-1,1769,1797,1799,-1,2036,2037,1067,-1,1775,1777,1985,-1,1985,1777,1765,-1,1985,1765,1764,-1,1758,2025,1760,-1,1760,2025,1762,-1,2026,1985,2025,-1,2025,1985,1764,-1,2025,1764,1762,-1,2037,2038,1067,-1,1067,2038,2040,-1,1067,2040,2041,-1,1785,1779,1791,-1,1791,1779,1767,-1,1791,1767,1805,-1,1805,1767,1769,-1,1805,1769,1803,-1,1803,1769,1801,-1,1758,1756,2025,-1,2025,1756,1754,-1,2025,1754,1752,-1,1741,1719,1718,-1,2026,2027,1985,-1,1985,2027,2028,-1,1985,2028,2029,-1,2029,2030,1985,-1,1985,2030,2031,-1,1985,2031,2032,-1,2032,2033,1985,-1,1985,2033,2034,-1,1985,2034,1067,-1,1067,2034,2035,-1,1067,2035,2036,-1,1718,2017,1741,-1,1741,2017,2018,-1,1741,2018,1752,-1,1752,2018,2024,-1,1752,2024,2025,-1,980,960,958,-1,979,963,980,-1,980,963,962,-1,980,962,960,-1,958,950,980,-1,980,950,956,-1,980,956,1956,-1,1956,956,2044,-1,1865,1866,1956,-1,1866,1870,1956,-1,1956,1870,1872,-1,1956,1872,1874,-1,2044,2045,1956,-1,1956,2045,2046,-1,1956,2046,2047,-1,2047,2048,1956,-1,1956,2048,2049,-1,1956,2049,1865,-1,1913,1915,2049,-1,2049,1915,1917,-1,2049,1917,1919,-1,1919,1921,2049,-1,2049,1921,1923,-1,2049,1923,1865,-1,2050,2051,2052,-1,2052,2051,1911,-1,2052,1911,2053,-1,2053,1911,1913,-1,2053,1913,2054,-1,2054,1913,2049,-1,1874,1876,1956,-1,1956,1876,1869,-1,1956,1869,1898,-1,1898,1896,1956,-1,1956,1896,1909,-1,1956,1909,1925,-1,1925,1927,1956,-1,1956,1927,1929,-1,1956,1929,1931,-1,1904,1902,1869,-1,1869,1902,1900,-1,1869,1900,1898,-1,1931,1933,1956,-1,1956,1933,1935,-1,1956,1935,1953,-1,1953,1935,1937,-1,1953,1937,2055,-1,1868,1862,1861,-1,1861,1894,1868,-1,1868,1894,1908,-1,1868,1908,1869,-1,1869,1908,1906,-1,1869,1906,1904,-1,19,2053,930,-1,930,2053,2054,-1,2047,926,2048,-1,2048,926,924,-1,2048,924,2049,-1,2049,924,923,-1,2049,923,2054,-1,2054,923,928,-1,2054,928,930,-1,2045,919,2046,-1,2046,919,918,-1,2046,918,2047,-1,2047,918,927,-1,2047,927,926,-1,905,915,956,-1,956,915,917,-1,956,917,2044,-1,2044,917,922,-1,2044,922,2045,-1,2045,922,921,-1,2045,921,919,-1,956,955,905,-1,905,955,954,-1,905,954,906,-1,906,954,953,-1,2056,908,914,-1,914,913,2056,-1,2056,913,912,-1,2056,912,953,-1,953,912,911,-1,953,911,906,-1,2053,19,2052,-1,2052,19,21,-1,2052,21,2050,-1,2057,2058,2059,-1,2059,2058,2060,-1,2059,2060,2061,-1,2060,2062,2061,-1,2061,2062,2063,-1,2061,2063,2064,-1,2064,2063,2065,-1,2064,2065,2066,-1,2065,2067,2066,-1,2066,2067,2068,-1,2066,2068,2069,-1,2069,2068,2070,-1,2069,2070,2071,-1,2070,2072,2071,-1,2071,2072,2073,-1,2071,2073,18,-1,18,2073,2074,-1,18,2074,23,-1,23,2074,2075,-1,23,2075,21,-1,21,2075,2076,-1,21,2076,2050,-1,1878,1877,2077,-1,1877,1875,2077,-1,2077,1875,1873,-1,2077,1873,1871,-1,2077,925,920,-1,1924,925,1863,-1,1863,925,2077,-1,1863,2077,1864,-1,1864,2077,1871,-1,920,916,2077,-1,2077,916,907,-1,2077,907,949,-1,949,907,910,-1,949,910,909,-1,899,898,961,-1,961,898,949,-1,961,949,959,-1,1901,1903,1878,-1,909,951,949,-1,949,951,957,-1,949,957,959,-1,1936,1934,2077,-1,2077,1934,1932,-1,2077,1932,1930,-1,1930,1928,2077,-1,2077,1928,1926,-1,2077,1926,1910,-1,1924,1922,925,-1,925,1922,1920,-1,925,1920,1918,-1,1912,2078,22,-1,1910,1895,2077,-1,2077,1895,1897,-1,2077,1897,1878,-1,1878,1897,1899,-1,1878,1899,1901,-1,1918,1916,925,-1,925,1916,1914,-1,925,1914,929,-1,929,1914,1912,-1,929,1912,20,-1,20,1912,22,-1,1936,2077,1938,-1,1938,2077,2079,-1,1938,2079,2080,-1,1892,1879,1893,-1,1893,1879,1867,-1,1893,1867,1907,-1,1907,1867,1878,-1,1907,1878,1905,-1,1905,1878,1903,-1,2080,2079,2081,-1,2080,2081,2082,-1,2082,2081,2083,-1,2082,2083,2084,-1,2084,2083,2085,-1,2084,2085,2086,-1,2086,2085,2087,-1,2086,2087,2088,-1,2088,2087,2089,-1,2088,2089,2090,-1,2090,2089,2091,-1,2090,2091,2092,-1,2092,2091,2093,-1,2092,2093,2094,-1,2095,2096,2097,-1,2095,2097,2098,-1,2098,2097,2099,-1,2098,2099,2100,-1,2100,2099,2101,-1,2100,2101,2102,-1,2101,2103,2102,-1,2102,2103,17,-1,2102,17,2104,-1,17,16,2104,-1,2104,16,25,-1,2104,25,2105,-1,2105,25,24,-1,2105,24,2106,-1,2106,24,22,-1,2106,22,2078,-1,2107,2108,2109,-1,2107,2109,2110,-1,2110,2109,2111,-1,2110,2111,2112,-1,2112,2111,2113,-1,2112,2113,2114,-1,2114,2113,2115,-1,2114,2115,2116,-1,2116,2115,2117,-1,2116,2117,2118,-1,2119,2120,2121,-1,2119,2121,2122,-1,2122,2121,2123,-1,2122,2123,2124,-1,2124,2123,2125,-1,2124,2125,2126,-1,2126,2125,2127,-1,2126,2127,2128,-1,2128,2127,2129,-1,2128,2129,2130,-1,95,2131,2132,-1,95,2132,97,-1,97,2132,2133,-1,97,2133,99,-1,99,2133,2134,-1,99,2134,101,-1,101,2134,2135,-1,101,2135,102,-1,632,1971,1165,-1,1165,1971,1973,-1,1165,1973,1164,-1,1164,1973,1975,-1,1164,1975,1163,-1,1163,1975,1977,-1,1163,1977,1162,-1,1162,1977,1979,-1,1162,1979,1161,-1,1161,1979,1981,-1,1161,1981,1160,-1,1160,1981,1983,-1,1160,1983,1067,-1,1067,1983,1985,-1,1972,1971,1970,-1,1970,1971,1969,-1,1969,647,1967,-1,1967,647,981,-1,1967,981,1965,-1,1965,981,982,-1,1965,982,1963,-1,1963,982,983,-1,1963,983,1961,-1,1961,983,984,-1,1961,984,1959,-1,1959,984,985,-1,1959,985,1957,-1,1957,985,986,-1,1957,986,1956,-1,1956,986,980,-1,2136,2137,370,-1,370,2137,374,-1,370,374,352,-1,352,374,351,-1,363,364,367,-1,367,364,377,-1,367,377,2138,-1,2138,377,2139,-1,2140,2141,427,-1,427,2141,400,-1,427,400,455,-1,455,400,402,-1,434,424,433,-1,433,424,397,-1,433,397,2142,-1,2142,397,2143,-1,56,55,57,-1,57,55,2135,-1,57,2135,63,-1,63,2135,2134,-1,63,2134,61,-1,61,2134,2133,-1,61,2133,59,-1,59,2133,2132,-1,59,2132,15,-1,15,2132,2131,-1,83,69,42,-1,42,69,67,-1,42,67,41,-1,49,47,51,-1,51,47,53,-1,47,45,53,-1,53,45,44,-1,53,44,55,-1,55,44,41,-1,55,41,2135,-1,2135,41,67,-1,2135,67,102,-1,83,81,69,-1,69,81,78,-1,69,78,72,-1,72,78,75,-1,2144,2145,1940,-1,1940,2145,2093,-1,1940,2093,1942,-1,1942,2093,2091,-1,1942,2091,1944,-1,1944,2091,2089,-1,1944,2089,1946,-1,1946,2089,2087,-1,1946,2087,1948,-1,1948,2087,2085,-1,1948,2085,1950,-1,1950,2085,2083,-1,1950,2083,1952,-1,1952,2083,2081,-1,1952,2081,1954,-1,1954,2081,2079,-1,1954,2079,1955,-1,1955,2079,2077,-1,1955,2077,1958,-1,1958,2077,2146,-1,1958,2146,1960,-1,1960,2146,2147,-1,1960,2147,1962,-1,1962,2147,2148,-1,1962,2148,1964,-1,1964,2148,2149,-1,1964,2149,1966,-1,1966,2149,2150,-1,1966,2150,1968,-1,1968,2150,2151,-1,1968,2151,1970,-1,1970,2151,2152,-1,1970,2152,1972,-1,1972,2152,2153,-1,1972,2153,1974,-1,1974,2153,2154,-1,1974,2154,1976,-1,1976,2154,2155,-1,1976,2155,1978,-1,1978,2155,2156,-1,1978,2156,1980,-1,1980,2156,2157,-1,1980,2157,1982,-1,1982,2157,2158,-1,1982,2158,1984,-1,1984,2158,2159,-1,1984,2159,1986,-1,1986,2159,2006,-1,1986,2006,1987,-1,1987,2006,2005,-1,1987,2005,1994,-1,1994,2005,2004,-1,1994,2004,1993,-1,1993,2004,2003,-1,1993,2003,1992,-1,1992,2003,2002,-1,1992,2002,1991,-1,1991,2002,2001,-1,1991,2001,1990,-1,1990,2001,2000,-1,1990,2000,1988,-1,1988,2000,1999,-1,1988,1999,1989,-1,1989,1999,1998,-1,1989,1998,1995,-1,1995,1998,1997,-1,2153,1146,1147,-1,2153,1147,2154,-1,2154,1147,1149,-1,2154,1149,2155,-1,2155,1149,1151,-1,2155,1151,2156,-1,2156,1151,1153,-1,2156,1153,2157,-1,2157,1153,1155,-1,2157,1155,2158,-1,2158,1155,1157,-1,2158,1157,2159,-1,2159,1157,1159,-1,2159,1159,2006,-1,2077,949,947,-1,2077,947,2146,-1,2146,947,945,-1,2146,945,2147,-1,2147,945,943,-1,2147,943,2148,-1,2148,943,941,-1,2148,941,2149,-1,2149,941,939,-1,2149,939,2150,-1,2150,939,937,-1,2150,937,2151,-1,2151,937,935,-1,2151,935,2152,-1,2160,2161,2162,-1,2160,2162,2163,-1,2163,2162,2164,-1,2163,2164,2165,-1,2165,2164,2166,-1,2165,2166,2167,-1,2167,2166,2168,-1,2167,2168,2169,-1,2169,2168,2141,-1,2169,2141,2140,-1,2162,2161,2170,-1,2162,2170,2164,-1,2143,397,400,-1,2171,2172,2168,-1,2168,2172,2143,-1,2168,2143,2141,-1,2141,2143,400,-1,2164,2170,2166,-1,2166,2170,2173,-1,2166,2173,2168,-1,2168,2173,2174,-1,2168,2174,2171,-1,2142,2143,2172,-1,2142,2172,2175,-1,2175,2172,2171,-1,2175,2171,2176,-1,2176,2171,2174,-1,2176,2174,2177,-1,2177,2174,2173,-1,2177,2173,2178,-1,2178,2173,2170,-1,2178,2170,2179,-1,2160,2163,2179,-1,2179,2163,2165,-1,2179,2165,2178,-1,2178,2165,2177,-1,2177,2165,2176,-1,2176,2165,2167,-1,2176,2167,2169,-1,427,433,2140,-1,2140,433,2142,-1,2140,2142,2169,-1,2169,2142,2175,-1,2169,2175,2176,-1,2180,2181,2182,-1,2180,2182,2183,-1,2183,2182,2184,-1,2183,2184,2185,-1,2185,2184,2186,-1,2185,2186,2187,-1,2187,2186,2188,-1,2187,2188,2189,-1,2189,2188,2137,-1,2189,2137,2136,-1,2181,2190,2182,-1,2182,2190,2191,-1,2182,2191,2184,-1,2184,2191,2186,-1,2192,2193,2181,-1,2181,2193,2194,-1,2181,2194,2190,-1,377,374,2139,-1,2139,374,2137,-1,2139,2137,2191,-1,2191,2137,2188,-1,2191,2188,2186,-1,2138,2139,2191,-1,2138,2191,2195,-1,2195,2191,2190,-1,2195,2190,2196,-1,2196,2190,2194,-1,2196,2194,2197,-1,2197,2194,2193,-1,2197,2193,2198,-1,2198,2193,2192,-1,2198,2192,2199,-1,2198,2199,2180,-1,2185,2187,2195,-1,2185,2195,2183,-1,2183,2195,2196,-1,2183,2196,2180,-1,2180,2196,2197,-1,2180,2197,2198,-1,2136,370,367,-1,2187,2189,2195,-1,2195,2189,2136,-1,2195,2136,2138,-1,2138,2136,367,-1,687,689,1146,-1,1146,689,676,-1,1146,676,664,-1,664,676,670,-1,664,670,665,-1,771,773,803,-1,757,810,755,-1,755,810,803,-1,755,803,753,-1,753,803,751,-1,803,716,2192,-1,2192,716,714,-1,714,712,2192,-1,2192,712,710,-1,2192,710,708,-1,708,706,2192,-1,2192,706,704,-1,2192,704,2199,-1,2199,704,702,-1,679,681,2170,-1,2170,681,683,-1,2170,683,685,-1,2152,2160,2153,-1,2153,2160,2179,-1,2153,2179,1146,-1,1146,2179,2170,-1,1146,2170,687,-1,687,2170,685,-1,773,759,803,-1,803,759,749,-1,803,749,751,-1,702,700,2199,-1,2199,700,698,-1,2199,698,2161,-1,2161,698,696,-1,696,694,2161,-1,2161,694,691,-1,2161,691,2170,-1,2170,691,677,-1,2170,677,679,-1,669,668,667,-1,935,788,786,-1,784,782,2181,-1,2181,782,780,-1,670,673,665,-1,665,673,669,-1,665,669,666,-1,666,669,667,-1,788,935,790,-1,790,935,798,-1,790,798,791,-1,791,798,797,-1,791,797,799,-1,2161,2160,2199,-1,2199,2160,2152,-1,2199,2152,2180,-1,2180,2152,935,-1,2180,935,2181,-1,2181,935,786,-1,2181,786,784,-1,763,765,2192,-1,2192,765,767,-1,2192,767,803,-1,803,767,769,-1,803,769,771,-1,797,793,796,-1,780,778,2181,-1,2181,778,775,-1,2181,775,2192,-1,2192,775,761,-1,2192,761,763,-1,796,794,797,-1,797,794,795,-1,797,795,799,-1,2200,2201,2202,-1,2202,2203,2200,-1,2200,2203,2204,-1,2200,2204,2057,-1,2057,2204,2205,-1,2057,2205,2058,-1,2075,2206,2076,-1,2076,2206,2051,-1,2076,2051,2050,-1,2075,2074,2206,-1,2206,2074,2073,-1,2206,2073,2207,-1,2073,2072,2207,-1,2207,2072,2070,-1,2207,2070,2208,-1,2070,2068,2208,-1,2208,2068,2067,-1,2208,2067,2209,-1,2067,2065,2209,-1,2209,2065,2063,-1,2209,2063,2210,-1,2058,2211,2060,-1,2060,2211,2210,-1,2060,2210,2062,-1,2062,2210,2063,-1,2212,2213,2211,-1,2211,2213,2095,-1,2211,2095,2210,-1,2210,2095,2098,-1,2210,2098,2209,-1,1912,1911,2078,-1,2078,1911,2051,-1,2078,2051,2106,-1,2106,2051,2206,-1,2106,2206,2105,-1,2105,2206,2207,-1,2105,2207,2104,-1,2104,2207,2208,-1,2104,2208,2102,-1,2102,2208,2209,-1,2102,2209,2100,-1,2100,2209,2098,-1,2214,2215,2216,-1,2216,2215,2217,-1,2216,2217,2218,-1,2218,2217,2219,-1,2218,2219,2220,-1,2220,2219,2221,-1,2220,2221,2222,-1,2222,2221,2223,-1,2222,2223,2224,-1,2224,2223,2225,-1,2224,2225,2212,-1,2212,2225,2213,-1,2214,2226,2215,-1,2215,2226,2227,-1,2228,2229,2230,-1,2230,2229,2231,-1,2230,2231,2232,-1,2232,2231,2233,-1,2232,2233,2234,-1,2234,2233,2235,-1,2234,2235,2236,-1,2236,2235,2237,-1,2236,2237,2238,-1,2238,2237,2239,-1,2238,2239,2226,-1,2226,2239,2227,-1,1937,1938,2055,-1,2055,1938,2080,-1,2055,2080,2240,-1,2240,2080,2082,-1,2240,2082,2241,-1,2241,2082,2084,-1,2241,2084,2242,-1,2242,2084,2086,-1,2242,2086,2243,-1,2243,2086,2088,-1,2243,2088,2244,-1,2244,2088,2090,-1,2244,2090,2245,-1,2245,2090,2092,-1,2245,2092,2246,-1,2246,2092,2094,-1,2246,2094,2228,-1,2228,2094,2229,-1,1953,2055,1951,-1,1951,2055,2240,-1,1951,2240,1949,-1,1949,2240,2241,-1,1949,2241,1947,-1,1947,2241,2242,-1,1947,2242,1945,-1,1945,2242,2243,-1,1945,2243,1943,-1,1943,2243,2244,-1,1943,2244,1941,-1,1941,2244,2245,-1,1941,2245,1939,-1,1939,2245,2246,-1,2247,2144,1939,-1,1939,2144,1940,-1,2145,2144,2248,-1,2248,2144,2247,-1,2248,2247,2249,-1,2248,2249,2250,-1,2248,2250,2251,-1,2251,2250,2252,-1,2251,2252,2253,-1,2253,2252,2254,-1,2253,2254,2255,-1,2255,2254,2256,-1,2255,2256,2257,-1,2257,2256,2258,-1,2257,2258,2259,-1,2259,2258,2260,-1,2259,2260,2261,-1,2261,2260,2262,-1,2261,2262,2263,-1,2263,2262,2264,-1,2263,2264,2265,-1,2265,2264,2266,-1,2265,2266,2267,-1,2266,2268,2267,-1,2267,2268,2269,-1,2269,2268,2270,-1,2270,2268,2271,-1,2270,2271,2272,-1,2272,2271,2273,-1,2272,2273,2274,-1,2274,2273,2275,-1,2274,2275,2276,-1,2276,2275,2277,-1,2276,2277,2278,-1,2278,2277,2279,-1,2278,2279,2280,-1,2280,2279,2281,-1,2280,2281,2282,-1,2282,2281,2283,-1,2282,2283,2284,-1,2284,2283,2285,-1,2284,2285,2286,-1,2286,2285,2287,-1,2287,2288,2286,-1,2286,2288,2289,-1,2289,2288,2290,-1,2290,2288,2291,-1,2290,2291,2292,-1,2292,2291,2293,-1,2292,2293,2294,-1,2294,2293,2295,-1,2294,2295,2296,-1,2296,2295,2297,-1,2296,2297,2298,-1,2298,2297,2299,-1,2298,2299,2300,-1,2300,2299,2301,-1,2300,2301,2302,-1,2302,2301,2303,-1,2302,2303,2304,-1,2304,2303,2305,-1,2306,2304,2307,-1,2307,2304,2305,-1,2308,2309,2310,-1,2308,2310,2311,-1,2311,2310,2312,-1,2311,2312,2313,-1,2313,2312,2314,-1,2313,2314,2315,-1,2315,2314,2316,-1,2315,2316,2317,-1,2317,2316,2318,-1,2317,2318,2319,-1,2319,2318,2320,-1,2319,2320,2321,-1,2321,2320,2322,-1,2321,2322,2323,-1,2323,2322,2324,-1,2323,2324,2325,-1,2325,2324,2306,-1,2325,2306,2307,-1,2308,2326,2309,-1,2309,2326,2327,-1,2327,2326,2328,-1,2327,2328,2329,-1,2329,2328,2330,-1,2329,2330,2331,-1,2331,2330,2332,-1,2331,2332,2333,-1,2333,2332,2334,-1,2333,2334,2335,-1,2335,2334,2336,-1,2335,2336,2337,-1,2337,2336,2338,-1,2337,2338,2339,-1,2339,2338,2340,-1,2339,2340,2341,-1,2341,2340,2342,-1,2341,2342,2343,-1,2343,2342,2344,-1,2343,2344,2345,-1,2344,2346,2345,-1,2345,2346,2347,-1,2348,2349,2350,-1,2350,2349,2351,-1,2350,2351,2352,-1,2352,2351,2353,-1,2352,2353,2354,-1,2354,2353,2355,-1,2354,2355,2356,-1,2356,2355,2357,-1,2356,2357,2358,-1,2358,2357,2359,-1,2358,2359,2360,-1,2360,2359,2361,-1,2360,2361,2362,-1,2362,2361,2363,-1,2362,2363,2364,-1,2364,2363,2365,-1,2364,2365,2346,-1,2346,2365,2347,-1,2366,2349,2367,-1,2367,2349,2348,-1,2366,2367,2368,-1,2368,2367,2369,-1,2368,2369,2370,-1,2370,2369,2371,-1,2370,2371,2372,-1,2372,2371,2373,-1,2372,2373,2374,-1,2374,2373,2375,-1,2374,2375,2376,-1,2376,2375,2377,-1,2376,2377,2378,-1,2378,2377,2379,-1,2378,2379,2380,-1,2380,2379,2381,-1,2380,2381,2382,-1,2382,2381,2383,-1,2384,2382,2385,-1,2385,2382,2383,-1,2386,2387,2388,-1,2386,2388,2389,-1,2389,2388,2390,-1,2389,2390,2391,-1,2391,2390,2392,-1,2391,2392,2393,-1,2393,2392,2394,-1,2393,2394,2395,-1,2395,2394,2396,-1,2395,2396,2397,-1,2397,2396,2398,-1,2397,2398,2399,-1,2399,2398,2400,-1,2399,2400,2401,-1,2401,2400,2384,-1,2401,2384,2385,-1,2402,2387,2403,-1,2403,2387,2386,-1,2402,2403,2404,-1,2402,2404,2405,-1,2405,2404,2406,-1,2405,2406,2407,-1,2407,2406,2408,-1,2407,2408,2409,-1,2409,2408,2410,-1,2409,2410,2411,-1,2411,2410,2412,-1,2411,2412,2413,-1,2413,2412,2414,-1,2413,2414,2415,-1,2416,2415,2417,-1,2417,2415,2414,-1,2109,2108,2127,-1,2127,2108,2129,-1,2115,2113,2123,-1,2123,2113,2125,-1,2125,2113,2127,-1,2127,2113,2111,-1,2127,2111,2109,-1,2120,303,304,-1,2123,2121,2115,-1,2115,2121,2120,-1,2115,2120,2117,-1,2117,2120,304,-1,2118,2117,302,-1,302,2117,304,-1,302,304,290,-1,290,304,289,-1,2107,2110,2130,-1,2130,2110,2112,-1,2130,2112,2114,-1,2124,2114,2116,-1,2124,2126,2114,-1,2114,2126,2128,-1,2114,2128,2130,-1,302,301,2118,-1,2118,301,2119,-1,2118,2119,2116,-1,2116,2119,2122,-1,2116,2122,2124,-1,299,300,301,-1,301,300,303,-1,301,303,2119,-1,2119,303,2120,-1,2309,2327,2306,-1,104,113,2129,-1,113,111,2129,-1,2129,111,109,-1,2129,109,2130,-1,2130,109,107,-1,2130,107,2095,-1,2095,107,2096,-1,2418,2131,95,-1,2108,95,2129,-1,2129,95,94,-1,2108,2107,2372,-1,2418,95,2419,-1,94,105,2129,-1,2129,105,103,-1,2129,103,104,-1,2420,2376,2416,-1,2416,2376,2378,-1,2416,2378,2415,-1,2095,2213,2130,-1,2130,2213,2225,-1,2130,2225,2107,-1,2366,2368,2107,-1,2107,2368,2370,-1,2107,2370,2372,-1,2093,2145,2233,-1,2304,2337,2339,-1,2331,2333,2304,-1,2304,2333,2335,-1,2304,2335,2337,-1,2420,2421,2376,-1,2376,2421,2422,-1,2376,2422,2423,-1,2217,2349,2219,-1,2219,2349,2366,-1,2219,2366,2221,-1,2221,2366,2107,-1,2221,2107,2223,-1,2223,2107,2225,-1,2233,2231,2093,-1,2093,2231,2229,-1,2093,2229,2094,-1,2345,2302,2343,-1,2343,2302,2304,-1,2343,2304,2341,-1,2341,2304,2339,-1,2306,2327,2304,-1,2304,2327,2329,-1,2304,2329,2331,-1,2424,2425,2108,-1,2314,2312,2306,-1,2306,2312,2310,-1,2306,2310,2309,-1,2405,2407,2382,-1,2382,2407,2409,-1,2382,2409,2411,-1,2217,2294,2349,-1,2349,2294,2296,-1,2349,2296,2351,-1,2351,2296,2298,-1,2298,2359,2357,-1,2267,2269,2248,-1,2248,2269,2145,-1,2269,2270,2145,-1,2145,2270,2272,-1,2145,2272,2274,-1,2320,2306,2322,-1,2322,2306,2324,-1,2423,2424,2376,-1,2376,2424,2108,-1,2376,2108,2374,-1,2374,2108,2372,-1,2425,2426,2108,-1,2108,2426,2427,-1,2108,2427,95,-1,95,2427,2428,-1,95,2428,2419,-1,2388,2387,2400,-1,2400,2387,2384,-1,2384,2387,2382,-1,2382,2387,2402,-1,2382,2402,2405,-1,2378,2380,2415,-1,2415,2380,2382,-1,2415,2382,2413,-1,2413,2382,2411,-1,2345,2347,2302,-1,2302,2347,2365,-1,2302,2365,2300,-1,2300,2365,2363,-1,2300,2363,2298,-1,2298,2363,2361,-1,2298,2361,2359,-1,2320,2318,2306,-1,2306,2318,2316,-1,2306,2316,2314,-1,2276,2239,2274,-1,2274,2239,2237,-1,2274,2237,2145,-1,2145,2237,2235,-1,2145,2235,2233,-1,2357,2355,2298,-1,2298,2355,2353,-1,2298,2353,2351,-1,2276,2278,2239,-1,2239,2278,2280,-1,2239,2280,2282,-1,2282,2284,2239,-1,2239,2284,2286,-1,2239,2286,2227,-1,2227,2286,2289,-1,2227,2289,2215,-1,2215,2289,2290,-1,2215,2290,2217,-1,2217,2290,2292,-1,2217,2292,2294,-1,2400,2398,2388,-1,2388,2398,2396,-1,2388,2396,2390,-1,2390,2396,2394,-1,2390,2394,2392,-1,2251,2253,2248,-1,2248,2253,2255,-1,2255,2257,2248,-1,2248,2257,2259,-1,2248,2259,2261,-1,2261,2263,2248,-1,2248,2263,2265,-1,2248,2265,2267,-1,2416,2417,2420,-1,2420,2417,2429,-1,2420,2429,2421,-1,2429,2430,2421,-1,2421,2430,2431,-1,2421,2431,2422,-1,2422,2431,2432,-1,2422,2432,2423,-1,2423,2432,2433,-1,2423,2433,2424,-1,2424,2433,2434,-1,2424,2434,2425,-1,2425,2434,2435,-1,2425,2435,2426,-1,2426,2435,2436,-1,2426,2436,2427,-1,2427,2436,2437,-1,2427,2437,2428,-1,2428,2437,2438,-1,2428,2438,2419,-1,2419,2438,2439,-1,2419,2439,2418,-1,15,2131,14,-1,14,2131,2418,-1,14,2418,2440,-1,2440,2418,2439,-1,106,2201,107,-1,107,2201,2200,-1,107,2200,2096,-1,2096,2200,2057,-1,2096,2057,2097,-1,2097,2057,2059,-1,2097,2059,2099,-1,2099,2059,2061,-1,2099,2061,2101,-1,2101,2061,2064,-1,2101,2064,2103,-1,613,612,715,-1,715,612,713,-1,2441,648,647,-1,701,703,542,-1,460,542,432,-1,432,542,544,-1,801,652,654,-1,635,634,674,-1,1971,632,2442,-1,2442,632,631,-1,370,339,1969,-1,674,672,635,-1,635,672,671,-1,635,671,2443,-1,2443,671,675,-1,2443,675,690,-1,703,705,542,-1,542,705,707,-1,542,707,709,-1,612,611,713,-1,713,611,542,-1,713,542,711,-1,711,542,709,-1,783,785,2444,-1,544,738,745,-1,752,750,432,-1,432,750,760,-1,2443,386,2442,-1,2442,386,385,-1,2442,385,1971,-1,1971,385,433,-1,1971,433,427,-1,427,432,1971,-1,1971,432,365,-1,1971,365,1969,-1,1969,365,367,-1,1969,367,370,-1,690,688,2443,-1,2443,688,686,-1,2443,686,386,-1,386,686,684,-1,684,682,386,-1,386,682,680,-1,386,680,678,-1,693,460,692,-1,692,460,467,-1,693,695,460,-1,460,695,697,-1,460,697,542,-1,542,697,699,-1,542,699,701,-1,783,2444,781,-1,801,654,800,-1,760,774,432,-1,432,774,378,-1,432,378,365,-1,774,772,378,-1,378,772,770,-1,378,770,768,-1,785,787,2444,-1,2444,787,789,-1,2444,789,654,-1,654,789,792,-1,654,792,800,-1,745,744,544,-1,544,744,756,-1,544,756,432,-1,432,756,754,-1,432,754,752,-1,779,781,340,-1,340,781,2444,-1,340,2444,339,-1,339,2444,2441,-1,339,2441,1969,-1,1969,2441,647,-1,467,398,692,-1,692,398,400,-1,692,400,678,-1,678,400,397,-1,678,397,386,-1,377,762,374,-1,374,762,776,-1,374,776,340,-1,340,776,777,-1,340,777,779,-1,768,766,378,-1,378,766,764,-1,378,764,379,-1,379,764,762,-1,379,762,376,-1,376,762,377,-1,2014,1740,1739,-1,1647,1629,1630,-1,1655,1657,1610,-1,1715,1713,213,-1,213,1713,1711,-1,213,1711,1709,-1,1510,1512,2445,-1,2445,1512,1514,-1,2445,1514,1516,-1,115,114,1520,-1,1520,114,2445,-1,1520,2445,1518,-1,1518,2445,1516,-1,1536,1538,1583,-1,1583,1538,1540,-1,1715,213,1717,-1,1717,213,211,-1,1717,211,1739,-1,1709,1707,213,-1,213,1707,1705,-1,213,1705,1703,-1,1647,1630,1645,-1,1657,1659,1610,-1,1610,1659,1661,-1,1610,1661,1663,-1,1677,1675,1626,-1,1590,1592,213,-1,213,1592,1594,-1,213,1594,1596,-1,1598,1600,215,-1,215,1600,1602,-1,215,1602,1604,-1,212,150,211,-1,211,150,27,-1,211,27,1739,-1,1739,27,26,-1,1739,26,2012,-1,2012,2013,1739,-1,1739,2013,2015,-1,1739,2015,2014,-1,222,225,121,-1,121,225,228,-1,121,228,2446,-1,1663,1665,1610,-1,1610,1665,1667,-1,1610,1667,1629,-1,1629,1667,1649,-1,1629,1649,1630,-1,1598,215,1596,-1,1596,215,214,-1,1596,214,213,-1,1540,1542,1583,-1,1583,1542,1544,-1,1583,1544,215,-1,215,1544,1546,-1,215,1546,1548,-1,121,120,222,-1,222,120,142,-1,222,142,212,-1,212,142,152,-1,212,152,150,-1,1526,1524,1523,-1,1536,1583,1534,-1,1534,1583,1585,-1,1534,1585,1587,-1,1587,1568,1534,-1,1534,1568,1566,-1,1534,1566,1550,-1,1550,1566,1552,-1,1637,1639,1641,-1,1671,1669,1612,-1,1612,1669,1650,-1,1612,1650,1610,-1,1610,1650,1653,-1,1610,1653,1655,-1,1590,213,1609,-1,1609,213,1703,-1,1609,1703,1626,-1,1604,1606,215,-1,215,1606,1588,-1,215,1588,1583,-1,1583,1588,1570,-1,1583,1570,1581,-1,1697,1695,1996,-1,1685,1683,1703,-1,1703,1683,1681,-1,1703,1681,1626,-1,1626,1681,1679,-1,1626,1679,1677,-1,1570,1573,1575,-1,228,215,2446,-1,2446,215,1548,-1,2446,1548,2445,-1,2445,1548,1532,-1,2445,1532,1510,-1,1510,1532,1530,-1,1510,1530,1523,-1,1523,1530,1528,-1,1523,1528,1526,-1,1645,1630,1643,-1,1643,1630,1633,-1,1643,1633,1641,-1,1641,1633,1635,-1,1641,1635,1637,-1,1695,1693,1996,-1,1996,1693,1691,-1,1996,1691,1846,-1,1846,1691,1689,-1,1846,1689,1821,-1,1675,1618,1620,-1,1575,1577,1570,-1,1570,1577,1579,-1,1570,1579,1581,-1,1671,1612,1673,-1,1673,1612,1614,-1,1673,1614,1675,-1,1675,1614,1616,-1,1675,1616,1618,-1,1620,1622,1675,-1,1675,1622,1624,-1,1675,1624,1626,-1,1564,1562,1566,-1,1566,1562,1560,-1,1566,1560,1558,-1,1558,1556,1566,-1,1566,1556,1554,-1,1566,1554,1552,-1,1685,1703,1687,-1,1687,1703,1701,-1,1687,1701,1996,-1,1996,1701,1699,-1,1996,1699,1697,-1,1089,1088,2007,-1,2007,1088,2016,-1,2007,2016,2011,-1,2011,2016,2019,-1,2011,2019,2010,-1,2010,2019,2020,-1,2010,2020,2009,-1,2009,2020,2008,-1,271,2211,106,-1,2371,2369,243,-1,271,106,272,-1,1939,2246,2228,-1,2,2447,243,-1,106,108,272,-1,272,108,110,-1,272,110,303,-1,2058,2205,2211,-1,2211,2205,2204,-1,1939,2228,2247,-1,2201,106,2202,-1,2202,106,2211,-1,2202,2211,2203,-1,2203,2211,2204,-1,2338,2305,2340,-1,2340,2305,2342,-1,2338,2336,2305,-1,2305,2336,2334,-1,2305,2334,2332,-1,2228,2230,2247,-1,2247,2230,2232,-1,2247,2232,2234,-1,2308,2311,2307,-1,2307,2311,2313,-1,2307,2313,2325,-1,2332,2330,2305,-1,2305,2330,2328,-1,2305,2328,2307,-1,2307,2328,2326,-1,2307,2326,2308,-1,2385,2383,2386,-1,243,244,2,-1,2,244,304,-1,2,304,0,-1,0,304,303,-1,0,303,112,-1,112,303,110,-1,2342,2305,2344,-1,2344,2305,2303,-1,2344,2303,2346,-1,2350,2299,2297,-1,2431,2377,2447,-1,2447,2377,2375,-1,2447,2375,243,-1,243,2375,2373,-1,243,2373,2371,-1,2275,2273,2247,-1,2273,2271,2247,-1,2247,2271,2268,-1,2247,2268,2249,-1,2350,2297,2348,-1,2348,2297,2216,-1,2348,2216,2367,-1,2367,2216,2218,-1,2367,2218,2220,-1,2431,2430,2377,-1,2377,2430,2429,-1,2377,2429,2379,-1,2379,2429,2417,-1,2379,2417,2381,-1,2381,2417,2414,-1,2381,2414,2383,-1,2383,2414,2412,-1,2319,2313,2317,-1,2317,2313,2315,-1,2319,2321,2313,-1,2313,2321,2323,-1,2313,2323,2325,-1,2369,2367,243,-1,243,2367,2220,-1,243,2220,302,-1,302,2220,2222,-1,302,2222,301,-1,301,2222,2224,-1,301,2224,271,-1,271,2224,2212,-1,271,2212,2211,-1,2385,2386,2401,-1,2277,2275,2238,-1,2238,2275,2247,-1,2238,2247,2236,-1,2236,2247,2234,-1,2350,2352,2299,-1,2299,2352,2354,-1,2299,2354,2356,-1,2238,2285,2283,-1,2297,2295,2216,-1,2216,2295,2293,-1,2216,2293,2214,-1,2214,2293,2291,-1,2214,2291,2226,-1,2226,2291,2288,-1,2226,2288,2238,-1,2238,2288,2287,-1,2238,2287,2285,-1,2412,2410,2383,-1,2383,2410,2408,-1,2383,2408,2406,-1,2406,2404,2383,-1,2383,2404,2403,-1,2383,2403,2386,-1,2283,2281,2238,-1,2238,2281,2279,-1,2238,2279,2277,-1,2356,2358,2299,-1,2299,2358,2360,-1,2299,2360,2301,-1,2301,2360,2362,-1,2301,2362,2303,-1,2303,2362,2364,-1,2303,2364,2346,-1,2268,2266,2249,-1,2249,2266,2264,-1,2249,2264,2262,-1,2262,2260,2249,-1,2249,2260,2258,-1,2249,2258,2256,-1,2256,2254,2249,-1,2249,2254,2252,-1,2249,2252,2250,-1,2386,2389,2401,-1,2401,2389,2391,-1,2401,2391,2393,-1,2393,2395,2401,-1,2401,2395,2397,-1,2401,2397,2399,-1,
        ]
    }
}
Shape{
    appearance Appearance {
        material  Material 	{
            diffuseColor 1.0 1.0 1.0
            specularColor 0.5019607843137255 0.5019607843137255 0.5019607843137255
            ambientIntensity 1.0
            transparency 0.0
            shininess 0.5
        }
    }
    geometry IndexedFaceSet {
        ccw TRUE
        solid FALSE
        coord DEF co Coordinate {
            point [
                -0.1281 0.713 0.4329, -0.1281 0.7126 0.4329, -0.1306 0.7126 0.4332, -0.1403 0.713 0.434, -0.1403 0.7126 0.434, -0.1489 0.7126 0.4368, -0.1489 0.713 0.4368, -0.1503 0.7126 0.4375, -0.1503 0.713 0.4375, -0.1503 0.713 0.4474, -0.1503 0.7126 0.4474, -0.1435 0.7126 0.4442, -0.1435 0.713 0.4442, -0.1346 0.7126 0.4424, -0.1346 0.713 0.4424, -0.1296 0.7126 0.4421, -0.1296 0.713 0.4421, -0.1222 0.7126 0.443, -0.1222 0.713 0.443, -0.1164 0.7126 0.4452, -0.1164 0.713 0.4452, -0.1111 0.7126 0.4488, -0.1111 0.713 0.4488, -0.1091 0.7126 0.4507, -0.1091 0.713 0.4507, -0.1053 0.7126 0.4561, -0.1053 0.713 0.4561, -0.1027 0.7126 0.4626, -0.1027 0.713 0.4626, -0.1015 0.7126 0.4706, -0.1015 0.713 0.4706, -0.1014 0.7126 0.4736, -0.1014 0.713 0.4736, -0.1028 0.7126 0.4845, -0.1028 0.713 0.4845, -0.1055 0.7126 0.4914, -0.1055 0.713 0.4914, -0.1094 0.7126 0.497, -0.1094 0.713 0.497, -0.11 0.7126 0.4976, -0.11 0.713 0.4976, -0.1153 0.7126 0.502, -0.1153 0.713 0.502, -0.1216 0.7126 0.5049, -0.1216 0.713 0.5049, -0.1285 0.7126 0.5062, -0.1285 0.713 0.5062, -0.1319 0.7126 0.5064, -0.1319 0.713 0.5064, -0.1417 0.7126 0.5051, -0.1417 0.713 0.5051, -0.1498 0.7126 0.502, -0.1498 0.713 0.502, -0.1507 0.7126 0.5015, -0.1507 0.713 0.5015, -0.1508 0.713 0.5123, -0.1508 0.7126 0.5123, -0.1423 0.713 0.5148, -0.1432 0.7126 0.5145, -0.1423 0.7126 0.5148, -0.1318 0.7126 0.5157, -0.1318 0.713 0.5157, -0.1203 0.713 0.5144, -0.1216 0.7126 0.5145, -0.1203 0.7126 0.5144, -0.1119 0.7126 0.5112, -0.1119 0.713 0.5112, -0.1041 0.7126 0.5058, -0.1041 0.713 0.5058, -0.1023 0.7126 0.5041, -0.1023 0.713 0.5041, -0.0965 0.7126 0.4966, -0.0965 0.713 0.4966, -0.0926 0.7126 0.4877, -0.0926 0.713 0.4877, -0.0907 0.7126 0.4773, -0.0907 0.713 0.4773, -0.0906 0.7126 0.4731, -0.0906 0.713 0.4731, -0.092 0.7126 0.4601, -0.092 0.713 0.4601, -0.0952 0.7126 0.4517, -0.0952 0.713 0.4517, -0.0999 0.7126 0.4448, -0.0999 0.713 0.4448, -0.1006 0.7126 0.4441, -0.1006 0.713 0.4441, -0.1246 0.7126 0.4332, -0.1222 0.713 0.4333, -0.1222 0.7126 0.4333, -0.1137 0.713 0.4354, -0.1137 0.7126 0.4354, -0.1063 0.713 0.4392, -0.1063 0.7126 0.4392, -0.2094 0.713 0.4428, -0.2093 0.713 0.4337, -0.2094 0.7126 0.4428, -0.2093 0.7126 0.4337, -0.1767 0.7126 0.4431, -0.1767 0.713 0.4431, -0.1976 0.7126 0.4429, -0.1768 0.713 0.47, -0.1768 0.7126 0.47, -0.2055 0.7126 0.4698, -0.2055 0.713 0.4698, -0.1976 0.7126 0.4699, -0.2055 0.713 0.479, -0.2055 0.7126 0.479, -0.1769 0.7126 0.4792, -0.1769 0.713 0.4792, -0.1976 0.7126 0.479, -0.1771 0.713 0.5048, -0.1771 0.7126 0.5048, -0.208 0.7126 0.5046, -0.208 0.713 0.5046, -0.1976 0.7126 0.5047, -0.2081 0.713 0.5138, -0.2081 0.7126 0.5138, -0.1668 0.7126 0.5141, -0.1668 0.713 0.5141, -0.1976 0.7126 0.5139, -0.1663 0.713 0.434, -0.1663 0.7126 0.434, -0.1976 0.7126 0.4338, -0.2744 0.713 0.4558, -0.2703 0.713 0.4508, -0.2776 0.713 0.4445, -0.2693 0.713 0.4499, -0.2692 0.713 0.4385, -0.2641 0.713 0.4463, -0.26 0.713 0.435, -0.2575 0.713 0.4438, -0.2465 0.713 0.4335, -0.2465 0.713 0.4426, -0.2244 0.713 0.4336, -0.2348 0.713 0.4427, -0.225 0.713 0.5137, -0.2353 0.713 0.5044, -0.2478 0.713 0.5135, -0.2474 0.713 0.5043, -0.2601 0.713 0.5121, -0.258 0.713 0.503, -0.2697 0.713 0.5085, -0.2648 0.713 0.5004, -0.278 0.713 0.5027, -0.2704 0.713 0.4966, -0.2809 0.713 0.4999, -0.2734 0.713 0.4935, -0.2858 0.713 0.4929, -0.2763 0.713 0.4888, -0.2887 0.713 0.4852, -0.2783 0.713 0.4825, -0.2899 0.713 0.4742, -0.279 0.713 0.474, -0.2895 0.713 0.4676, -0.2788 0.713 0.469, -0.2872 0.713 0.4585, -0.2772 0.713 0.4617, -0.2829 0.713 0.4504, -0.2465 0.7126 0.4335, -0.2244 0.7126 0.4336, -0.2776 0.7126 0.4445, -0.2556 0.7126 0.4345, -0.26 0.7126 0.435, -0.2608 0.7126 0.4353, -0.2692 0.7126 0.4385, -0.2829 0.7126 0.4504, -0.2872 0.7126 0.4585, -0.2895 0.7126 0.4676, -0.2899 0.7126 0.4742, -0.2887 0.7126 0.4852, -0.2858 0.7126 0.4929, -0.2809 0.7126 0.4999, -0.278 0.7126 0.5027, -0.2697 0.7126 0.5085, -0.2608 0.7126 0.5118, -0.2478 0.7126 0.5135, -0.2556 0.7126 0.5126, -0.2601 0.7126 0.5121, -0.225 0.7126 0.5137, -0.2474 0.7126 0.5043, -0.2353 0.7126 0.5044, -0.2348 0.7126 0.4427, -0.2465 0.7126 0.4426, -0.2703 0.7126 0.4508, -0.2693 0.7126 0.4499, -0.2641 0.7126 0.4463, -0.2575 0.7126 0.4438, -0.279 0.7126 0.474, -0.2788 0.7126 0.469, -0.2772 0.7126 0.4617, -0.2744 0.7126 0.4558, -0.2704 0.7126 0.4966, -0.2734 0.7126 0.4935, -0.2763 0.7126 0.4888, -0.2783 0.7126 0.4825, -0.258 0.7126 0.503, -0.2648 0.7126 0.5004
            ]
        }
        coordIndex [
            0,1,2,-1,0,2,3,-1,2,4,3,-1,3,4,5,-1,3,5,6,-1,6,5,7,-1,6,7,8,-1,9,8,10,-1,10,8,7,-1,9,10,11,-1,9,11,12,-1,12,11,13,-1,12,13,14,-1,14,13,15,-1,14,15,16,-1,16,15,17,-1,16,17,18,-1,18,17,19,-1,18,19,20,-1,20,19,21,-1,20,21,22,-1,22,21,23,-1,22,23,24,-1,24,23,25,-1,24,25,26,-1,26,25,27,-1,26,27,28,-1,28,27,29,-1,28,29,30,-1,30,29,31,-1,30,31,32,-1,32,31,33,-1,32,33,34,-1,34,33,35,-1,34,35,36,-1,36,35,37,-1,36,37,38,-1,38,37,39,-1,38,39,40,-1,40,39,41,-1,40,41,42,-1,42,41,43,-1,42,43,44,-1,44,43,45,-1,44,45,46,-1,46,45,47,-1,46,47,48,-1,48,47,49,-1,48,49,50,-1,50,49,51,-1,50,51,52,-1,52,51,53,-1,52,53,54,-1,55,54,56,-1,56,54,53,-1,55,56,57,-1,57,56,58,-1,58,59,57,-1,57,59,60,-1,57,60,61,-1,62,61,63,-1,63,61,60,-1,63,64,62,-1,62,64,65,-1,62,65,66,-1,66,65,67,-1,66,67,68,-1,68,67,69,-1,68,69,70,-1,70,69,71,-1,70,71,72,-1,72,71,73,-1,72,73,74,-1,74,73,75,-1,74,75,76,-1,76,75,77,-1,76,77,78,-1,78,77,79,-1,78,79,80,-1,80,79,81,-1,80,81,82,-1,82,81,83,-1,82,83,84,-1,84,83,85,-1,84,85,86,-1,1,0,87,-1,87,0,88,-1,87,88,89,-1,89,88,90,-1,89,90,91,-1,91,90,92,-1,91,92,93,-1,93,92,86,-1,93,86,85,-1,34,36,72,-1,42,44,62,-1,72,36,70,-1,62,44,61,-1,62,66,42,-1,42,66,68,-1,42,68,40,-1,40,68,70,-1,40,70,38,-1,38,70,36,-1,44,46,61,-1,61,46,48,-1,61,48,57,-1,57,48,50,-1,57,50,55,-1,55,50,52,-1,55,52,54,-1,78,32,76,-1,76,32,34,-1,76,34,74,-1,74,34,72,-1,8,9,6,-1,6,9,12,-1,6,12,3,-1,3,12,14,-1,3,14,0,-1,0,14,16,-1,0,16,88,-1,88,16,18,-1,88,18,90,-1,90,18,20,-1,90,20,92,-1,92,20,22,-1,92,22,86,-1,86,22,24,-1,86,24,84,-1,84,24,26,-1,84,26,82,-1,82,26,80,-1,80,26,28,-1,80,28,78,-1,78,28,30,-1,78,30,32,-1,94,95,96,-1,96,95,97,-1,98,99,100,-1,100,99,94,-1,100,94,96,-1,101,99,102,-1,102,99,98,-1,103,104,105,-1,105,104,101,-1,105,101,102,-1,106,104,107,-1,107,104,103,-1,108,109,110,-1,110,109,106,-1,110,106,107,-1,111,109,112,-1,112,109,108,-1,113,114,115,-1,115,114,111,-1,115,111,112,-1,116,114,117,-1,117,114,113,-1,118,119,120,-1,120,119,116,-1,120,116,117,-1,121,119,122,-1,122,119,118,-1,97,95,123,-1,123,95,121,-1,123,121,122,-1,121,95,94,-1,94,99,121,-1,121,99,101,-1,121,101,119,-1,114,116,111,-1,111,116,119,-1,111,119,109,-1,109,119,101,-1,109,101,106,-1,106,101,104,-1,124,125,126,-1,126,125,127,-1,126,127,128,-1,128,127,129,-1,128,129,130,-1,130,129,131,-1,130,131,132,-1,132,131,133,-1,132,133,134,-1,134,133,135,-1,134,135,136,-1,136,135,137,-1,136,137,138,-1,138,137,139,-1,138,139,140,-1,140,139,141,-1,140,141,142,-1,142,141,143,-1,142,143,144,-1,144,143,145,-1,144,145,146,-1,146,145,147,-1,146,147,148,-1,148,147,149,-1,148,149,150,-1,150,149,151,-1,150,151,152,-1,152,151,153,-1,152,153,154,-1,154,153,155,-1,154,155,156,-1,156,155,157,-1,156,157,158,-1,158,157,124,-1,158,124,126,-1,132,134,159,-1,159,134,160,-1,161,126,128,-1,130,132,162,-1,162,132,159,-1,162,163,130,-1,130,163,164,-1,130,164,128,-1,128,164,165,-1,128,165,161,-1,126,161,166,-1,126,166,158,-1,158,166,167,-1,158,167,156,-1,156,167,168,-1,156,168,154,-1,154,168,169,-1,154,169,152,-1,152,169,170,-1,152,170,150,-1,150,170,171,-1,150,171,148,-1,148,171,172,-1,148,172,146,-1,146,172,173,-1,146,173,144,-1,144,173,174,-1,175,140,174,-1,174,140,142,-1,174,142,144,-1,176,138,177,-1,177,138,140,-1,177,140,178,-1,178,140,175,-1,136,138,179,-1,179,138,176,-1,134,136,160,-1,160,136,179,-1,139,137,180,-1,180,137,181,-1,137,135,181,-1,181,135,182,-1,135,133,182,-1,182,133,183,-1,125,184,185,-1,125,185,127,-1,127,185,186,-1,127,186,129,-1,129,186,187,-1,129,187,131,-1,131,187,183,-1,131,183,133,-1,153,188,189,-1,153,189,155,-1,155,189,190,-1,155,190,157,-1,157,190,191,-1,157,191,124,-1,124,191,184,-1,124,184,125,-1,145,192,193,-1,145,193,147,-1,147,193,194,-1,147,194,149,-1,149,194,195,-1,149,195,151,-1,151,195,188,-1,151,188,153,-1,139,180,196,-1,139,196,141,-1,141,196,197,-1,141,197,143,-1,143,197,192,-1,143,192,145,-1,
        ]
    }
}
Shape{
    appearance Appearance {
        material  Material 	{
            diffuseColor 0.2235294117647059 0.2235294117647059 0.2235294117647059
            specularColor 0.11372549019607843 0.11372549019607843 0.11372549019607843
            ambientIntensity 0.2235
            transparency 0.0
            shininess 0.5
        }
    }
    geometry IndexedFaceSet {
        ccw TRUE
        solid FALSE
        coord DEF co Coordinate {
            point [
                -0.2353 0.7126 0.5044, -0.2348 0.7126 0.4427, -0.2474 0.7126 0.5043, -0.2465 0.7126 0.4426, -0.2575 0.7126 0.4438, -0.2641 0.7126 0.4463, -0.2693 0.7126 0.4499, -0.279 0.7126 0.474, -0.2704 0.7126 0.4966, -0.2648 0.7126 0.5004, -0.2703 0.7126 0.4508, -0.2744 0.7126 0.4558, -0.2772 0.7126 0.4617, -0.2734 0.7126 0.4935, -0.2783 0.7126 0.4825, -0.2763 0.7126 0.4888, -0.2788 0.7126 0.469, -0.258 0.7126 0.503
            ]
        }
        coordIndex [
            0,1,2,-1,2,1,3,-1,3,4,2,-1,2,4,5,-1,2,5,6,-1,7,8,9,-1,6,10,2,-1,2,10,11,-1,2,11,12,-1,8,7,13,-1,13,7,14,-1,13,14,15,-1,12,16,2,-1,2,16,7,-1,2,7,17,-1,17,7,9,-1,
        ]
    }
}
Shape{
    appearance Appearance {
        material  Material 	{
            diffuseColor 1.0 1.0 1.0
            specularColor 0.5019607843137255 0.5019607843137255 0.5019607843137255
            ambientIntensity 1.0
            transparency 0.0
            shininess 0.5
        }
    }
    geometry IndexedFaceSet {
        ccw TRUE
        solid FALSE
        coord DEF co Coordinate {
            point [
                -0.3167 0.713 0.4639, -0.3289 0.713 0.4971, -0.3251 0.713 0.513, -0.2941 0.713 0.4331, -0.3055 0.713 0.433, -0.3133 0.713 0.4549, -0.3296 0.713 0.4995, -0.3302 0.713 0.5027, -0.3362 0.713 0.5129, -0.3305 0.713 0.5027, -0.3311 0.713 0.4993, -0.3317 0.713 0.4971, -0.3436 0.713 0.4637, -0.3661 0.713 0.4326, -0.3547 0.713 0.4327, -0.3467 0.713 0.4546, -0.3362 0.7126 0.5129, -0.3659 0.7126 0.4332, -0.3661 0.7126 0.4326, -0.3251 0.7126 0.513, -0.2941 0.7126 0.4331, -0.2941 0.7126 0.4332, -0.3055 0.7126 0.433, -0.3133 0.7126 0.4549, -0.3055 0.7126 0.4332, -0.3467 0.7126 0.4546, -0.3545 0.7126 0.4332, -0.3547 0.7126 0.4327, -0.3167 0.7126 0.4639, -0.3436 0.7126 0.4637, -0.3317 0.7126 0.4971, -0.3305 0.7126 0.5027, -0.3311 0.7126 0.4993, -0.3302 0.7126 0.5027, -0.3289 0.7126 0.4971, -0.3296 0.7126 0.4995
            ]
        }
        coordIndex [
            0,1,2,-1,3,4,5,-1,1,6,2,-1,2,6,7,-1,2,7,8,-1,8,7,9,-1,8,9,10,-1,10,11,8,-1,8,11,12,-1,8,12,13,-1,14,13,15,-1,15,13,12,-1,15,12,5,-1,5,12,0,-1,5,0,3,-1,3,0,2,-1,16,8,17,-1,17,8,13,-1,17,13,18,-1,2,8,19,-1,19,8,16,-1,20,3,21,-1,21,3,2,-1,21,2,19,-1,4,3,22,-1,22,3,20,-1,23,5,24,-1,24,5,4,-1,24,4,22,-1,15,5,25,-1,25,5,23,-1,15,25,14,-1,14,25,26,-1,14,26,27,-1,13,14,18,-1,18,14,27,-1,0,12,28,-1,28,12,29,-1,12,11,29,-1,29,11,30,-1,9,31,32,-1,9,32,10,-1,10,32,30,-1,10,30,11,-1,9,7,31,-1,31,7,33,-1,1,34,35,-1,1,35,6,-1,6,35,33,-1,6,33,7,-1,1,0,34,-1,34,0,28,-1,
        ]
    }
}
Shape{
    appearance Appearance {
        material  Material 	{
            diffuseColor 0.2235294117647059 0.2235294117647059 0.2235294117647059
            specularColor 0.11372549019607843 0.11372549019607843 0.11372549019607843
            ambientIntensity 0.2235
            transparency 0.0
            shininess 0.5
        }
    }
    geometry IndexedFaceSet {
        ccw TRUE
        solid FALSE
        coord DEF co Coordinate {
            point [
                -0.3305 0.7126 0.5027, -0.3302 0.7126 0.5027, -0.3311 0.7126 0.4993, -0.3296 0.7126 0.4995, -0.3317 0.7126 0.4971, -0.3289 0.7126 0.4971, -0.3436 0.7126 0.4637, -0.3167 0.7126 0.4639
            ]
        }
        coordIndex [
            0,1,2,-1,2,1,3,-1,2,3,4,-1,4,3,5,-1,4,5,6,-1,6,5,7,-1,
        ]
    }
}
Shape{
    appearance Appearance {
        material  Material 	{
            diffuseColor 1.0 1.0 1.0
            specularColor 0.5019607843137255 0.5019607843137255 0.5019607843137255
            ambientIntensity 1.0
            transparency 0.0
            shininess 0.5
        }
    }
    geometry IndexedFaceSet {
        ccw TRUE
        solid FALSE
        coord DEF co Coordinate {
            point [
                -0.087 0.713 0.3167, -0.0869 0.713 0.3076, -0.087 0.7126 0.3167, -0.0869 0.7126 0.3076, -0.0543 0.713 0.3169, -0.0543 0.7126 0.3169, -0.0545 0.713 0.3439, -0.0545 0.7126 0.3439, -0.0831 0.713 0.3437, -0.0831 0.7126 0.3437, -0.0832 0.713 0.3528, -0.0832 0.7126 0.3528, -0.0545 0.713 0.353, -0.0545 0.7126 0.353, -0.0547 0.713 0.3787, -0.0547 0.7126 0.3787, -0.0856 0.713 0.3784, -0.0856 0.7126 0.3784, -0.0857 0.713 0.3876, -0.0857 0.7126 0.3876, -0.0444 0.7126 0.3879, -0.0444 0.713 0.3879, -0.0519 0.7126 0.3879, -0.0439 0.7126 0.3079, -0.0439 0.713 0.3079, -0.0443 0.7126 0.3714, -0.0519 0.7126 0.3078, -0.0443 0.7126 0.3079, -0.1325 0.713 0.3072, -0.1425 0.713 0.3072, -0.1325 0.713 0.3161, -0.1428 0.713 0.344, -0.1327 0.713 0.3436, -0.1108 0.713 0.3318, -0.1132 0.713 0.3329, -0.1323 0.713 0.3161, -0.127 0.713 0.3176, -0.1306 0.713 0.3137, -0.1241 0.713 0.3157, -0.1193 0.713 0.3342, -0.1327 0.713 0.3359, -0.1326 0.713 0.3305, -0.1326 0.713 0.3298, -0.1319 0.713 0.3253, -0.1304 0.713 0.3217, -0.1282 0.713 0.3188, -0.1324 0.713 0.348, -0.142 0.713 0.3518, -0.1314 0.713 0.3516, -0.1404 0.713 0.3563, -0.1302 0.713 0.3537, -0.1384 0.713 0.3595, -0.1287 0.713 0.3553, -0.1357 0.713 0.3621, -0.1269 0.713 0.3565, -0.1324 0.713 0.364, -0.1246 0.713 0.3573, -0.1281 0.713 0.3653, -0.1212 0.713 0.3577, -0.1222 0.713 0.3658, -0.1151 0.713 0.3571, -0.1121 0.713 0.3647, -0.1088 0.713 0.3549, -0.1046 0.713 0.3618, -0.1024 0.713 0.3509, -0.1025 0.713 0.3606, -0.1088 0.713 0.3177, -0.1015 0.713 0.3106, -0.1097 0.713 0.3169, -0.1048 0.713 0.3082, -0.1117 0.713 0.3155, -0.1087 0.713 0.3068, -0.1139 0.713 0.3146, -0.1147 0.713 0.306, -0.1173 0.713 0.3142, -0.1199 0.713 0.3066, -0.1211 0.713 0.3146, -0.1239 0.713 0.308, -0.1275 0.713 0.3103, -0.1158 0.713 0.3413, -0.1081 0.713 0.3395, -0.1095 0.713 0.3308, -0.1038 0.713 0.3373, -0.1083 0.713 0.3293, -0.1007 0.713 0.3347, -0.1074 0.713 0.3274, -0.0987 0.713 0.3318, -0.1069 0.713 0.3251, -0.0973 0.713 0.3283, -0.1068 0.713 0.3236, -0.0966 0.713 0.3228, -0.1071 0.713 0.3212, -0.0971 0.713 0.3183, -0.1077 0.713 0.3194, -0.0983 0.713 0.3149, -0.1004 0.713 0.3118, -0.1222 0.7126 0.3658, -0.1121 0.7126 0.3647, -0.1046 0.7126 0.3618, -0.1025 0.7126 0.3606, -0.1024 0.7126 0.3509, -0.1088 0.7126 0.3549, -0.1151 0.7126 0.3571, -0.1212 0.7126 0.3577, -0.1246 0.7126 0.3573, -0.1269 0.7126 0.3565, -0.1287 0.7126 0.3553, -0.1302 0.7126 0.3537, -0.1314 0.7126 0.3516, -0.1324 0.7126 0.348, -0.1327 0.7126 0.3436, -0.1158 0.7126 0.3413, -0.1081 0.7126 0.3395, -0.1038 0.7126 0.3373, -0.1007 0.7126 0.3347, -0.0987 0.7126 0.3318, -0.0973 0.7126 0.3283, -0.0966 0.7126 0.3228, -0.0971 0.7126 0.3183, -0.0983 0.7126 0.3149, -0.1004 0.7126 0.3118, -0.1015 0.7126 0.3106, -0.1048 0.7126 0.3082, -0.1087 0.7126 0.3068, -0.1147 0.7126 0.306, -0.1199 0.7126 0.3066, -0.1239 0.7126 0.308, -0.1275 0.7126 0.3103, -0.1306 0.7126 0.3137, -0.1323 0.7126 0.3161, -0.1325 0.7126 0.3161, -0.1325 0.7126 0.3072, -0.1425 0.7126 0.3072, -0.1428 0.7126 0.344, -0.142 0.7126 0.3518, -0.1404 0.7126 0.3563, -0.1384 0.7126 0.3595, -0.1357 0.7126 0.3621, -0.1324 0.7126 0.364, -0.1281 0.7126 0.3653, -0.1095 0.7126 0.3308, -0.1108 0.7126 0.3318, -0.1132 0.7126 0.3329, -0.1193 0.7126 0.3342, -0.1068 0.7126 0.3236, -0.1069 0.7126 0.3251, -0.1074 0.7126 0.3274, -0.1083 0.7126 0.3293, -0.1097 0.7126 0.3169, -0.1088 0.7126 0.3177, -0.1077 0.7126 0.3194, -0.1071 0.7126 0.3212, -0.1173 0.7126 0.3142, -0.1139 0.7126 0.3146, -0.1117 0.7126 0.3155, -0.1282 0.7126 0.3188, -0.127 0.7126 0.3176, -0.1241 0.7126 0.3157, -0.1211 0.7126 0.3146, -0.1326 0.7126 0.3305, -0.1326 0.7126 0.3298, -0.1319 0.7126 0.3253, -0.1304 0.7126 0.3217, -0.1327 0.7126 0.3359
            ]
        }
        coordIndex [
            0,1,2,-1,2,1,3,-1,4,0,5,-1,5,0,2,-1,6,4,7,-1,7,4,5,-1,8,6,9,-1,9,6,7,-1,10,8,11,-1,11,8,9,-1,12,10,13,-1,13,10,11,-1,14,12,15,-1,15,12,13,-1,16,14,17,-1,17,14,15,-1,18,16,19,-1,19,16,17,-1,20,21,22,-1,22,21,18,-1,22,18,19,-1,23,24,25,-1,25,24,21,-1,25,21,20,-1,3,1,26,-1,26,1,24,-1,26,24,27,-1,27,24,23,-1,24,1,0,-1,0,4,24,-1,24,4,6,-1,24,6,21,-1,16,18,14,-1,14,18,21,-1,14,21,12,-1,12,21,6,-1,12,6,10,-1,10,6,8,-1,28,29,30,-1,30,29,31,-1,32,33,34,-1,35,36,37,-1,37,36,38,-1,39,40,31,-1,31,40,41,-1,41,42,31,-1,31,42,43,-1,31,43,30,-1,30,43,44,-1,30,44,35,-1,35,44,45,-1,35,45,36,-1,34,39,32,-1,32,39,31,-1,32,31,46,-1,46,31,47,-1,46,47,48,-1,48,47,49,-1,48,49,50,-1,50,49,51,-1,50,51,52,-1,52,51,53,-1,52,53,54,-1,54,53,55,-1,54,55,56,-1,56,55,57,-1,56,57,58,-1,58,57,59,-1,58,59,60,-1,60,59,61,-1,60,61,62,-1,62,61,63,-1,62,63,64,-1,64,63,65,-1,66,67,68,-1,68,67,69,-1,68,69,70,-1,70,69,71,-1,70,71,72,-1,72,71,73,-1,72,73,74,-1,74,73,75,-1,74,75,76,-1,76,75,77,-1,76,77,38,-1,38,77,78,-1,38,78,37,-1,32,79,33,-1,33,79,80,-1,33,80,81,-1,81,80,82,-1,81,82,83,-1,83,82,84,-1,83,84,85,-1,85,84,86,-1,85,86,87,-1,87,86,88,-1,87,88,89,-1,89,88,90,-1,89,90,91,-1,91,90,92,-1,91,92,93,-1,93,92,94,-1,93,94,66,-1,66,94,95,-1,66,95,67,-1,59,96,97,-1,59,97,61,-1,61,97,98,-1,61,98,63,-1,63,98,99,-1,63,99,65,-1,64,65,100,-1,100,65,99,-1,64,100,101,-1,64,101,62,-1,62,101,102,-1,62,102,60,-1,60,102,103,-1,60,103,58,-1,58,103,104,-1,58,104,56,-1,56,104,105,-1,56,105,54,-1,54,105,106,-1,54,106,52,-1,52,106,107,-1,52,107,50,-1,50,107,108,-1,50,108,48,-1,48,108,109,-1,48,109,46,-1,46,109,110,-1,46,110,32,-1,79,32,111,-1,111,32,110,-1,79,111,112,-1,79,112,80,-1,80,112,113,-1,80,113,82,-1,82,113,114,-1,82,114,84,-1,84,114,115,-1,84,115,86,-1,86,115,116,-1,86,116,88,-1,88,116,117,-1,88,117,90,-1,90,117,118,-1,90,118,92,-1,92,118,119,-1,92,119,94,-1,94,119,120,-1,94,120,95,-1,95,120,121,-1,95,121,67,-1,67,121,122,-1,67,122,69,-1,69,122,123,-1,69,123,71,-1,71,123,124,-1,71,124,73,-1,73,124,125,-1,73,125,75,-1,75,125,126,-1,75,126,77,-1,77,126,127,-1,77,127,78,-1,78,127,128,-1,78,128,37,-1,37,128,129,-1,37,129,35,-1,30,35,130,-1,130,35,129,-1,28,30,131,-1,131,30,130,-1,29,28,132,-1,132,28,131,-1,31,29,133,-1,133,29,132,-1,31,133,134,-1,31,134,47,-1,47,134,135,-1,47,135,49,-1,49,135,136,-1,49,136,51,-1,51,136,137,-1,51,137,53,-1,53,137,138,-1,53,138,55,-1,55,138,139,-1,55,139,57,-1,57,139,96,-1,57,96,59,-1,81,140,141,-1,81,141,33,-1,33,141,142,-1,33,142,34,-1,34,142,143,-1,34,143,39,-1,89,144,145,-1,89,145,87,-1,87,145,146,-1,87,146,85,-1,85,146,147,-1,85,147,83,-1,83,147,140,-1,83,140,81,-1,68,148,149,-1,68,149,66,-1,66,149,150,-1,66,150,93,-1,93,150,151,-1,93,151,91,-1,91,151,144,-1,91,144,89,-1,74,152,153,-1,74,153,72,-1,72,153,154,-1,72,154,70,-1,70,154,148,-1,70,148,68,-1,45,155,156,-1,45,156,36,-1,36,156,157,-1,36,157,38,-1,38,157,158,-1,38,158,76,-1,76,158,152,-1,76,152,74,-1,41,159,160,-1,41,160,42,-1,42,160,161,-1,42,161,43,-1,43,161,162,-1,43,162,44,-1,44,162,155,-1,44,155,45,-1,41,40,159,-1,159,40,163,-1,40,39,163,-1,163,39,143,-1,
        ]
    }
}
Shape{
    appearance Appearance {
        material  Material 	{
            diffuseColor 0.2235294117647059 0.2235294117647059 0.2235294117647059
            specularColor 0.11372549019607843 0.11372549019607843 0.11372549019607843
            ambientIntensity 0.2235
            transparency 0.0
            shininess 0.5
        }
    }
    geometry IndexedFaceSet {
        ccw TRUE
        solid FALSE
        coord DEF co Coordinate {
            point [
                -0.1326 0.7126 0.3298, -0.1326 0.7126 0.3305, -0.1095 0.7126 0.3308, -0.1327 0.7126 0.3359, -0.1193 0.7126 0.3342, -0.1132 0.7126 0.3329, -0.1108 0.7126 0.3318, -0.1319 0.7126 0.3253, -0.1083 0.7126 0.3293, -0.1304 0.7126 0.3217, -0.1088 0.7126 0.3177, -0.1097 0.7126 0.3169, -0.127 0.7126 0.3176, -0.1077 0.7126 0.3194, -0.1241 0.7126 0.3157, -0.1211 0.7126 0.3146, -0.1173 0.7126 0.3142, -0.1074 0.7126 0.3274, -0.1069 0.7126 0.3251, -0.1282 0.7126 0.3188, -0.1068 0.7126 0.3236, -0.1071 0.7126 0.3212, -0.1117 0.7126 0.3155, -0.1139 0.7126 0.3146
            ]
        }
        coordIndex [
            0,1,2,-1,1,3,4,-1,4,5,1,-1,1,5,6,-1,1,6,2,-1,0,2,7,-1,7,2,8,-1,7,8,9,-1,10,11,12,-1,10,12,13,-1,14,12,15,-1,15,12,16,-1,8,17,9,-1,9,17,18,-1,9,18,19,-1,19,18,20,-1,19,20,12,-1,12,20,21,-1,12,21,13,-1,11,22,12,-1,12,22,23,-1,12,23,16,-1,
        ]
    }
}
Shape{
    appearance Appearance {
        material  Material 	{
            diffuseColor 1.0 1.0 1.0
            specularColor 0.5019607843137255 0.5019607843137255 0.5019607843137255
            ambientIntensity 1.0
            transparency 0.0
            shininess 0.5
        }
    }
    geometry IndexedFaceSet {
        ccw TRUE
        solid FALSE
        coord DEF co Coordinate {
            point [
                -0.1562 0.7126 0.3194, -0.1562 0.713 0.3194, -0.1598 0.713 0.3171, -0.1726 0.713 0.3138, -0.1726 0.7126 0.3138, -0.166 0.7126 0.3146, -0.166 0.713 0.3146, -0.1612 0.7126 0.3166, -0.1598 0.7126 0.3171, -0.1561 0.713 0.3091, -0.1561 0.7126 0.3091, -0.1716 0.7126 0.3056, -0.1716 0.713 0.3056, -0.1626 0.713 0.3067, -0.1612 0.7126 0.3072, -0.1626 0.7126 0.3067, -0.1796 0.7126 0.3064, -0.1796 0.713 0.3064, -0.1852 0.7126 0.3082, -0.1852 0.713 0.3082, -0.1883 0.7126 0.31, -0.1883 0.713 0.31, -0.1912 0.7126 0.3125, -0.1912 0.713 0.3125, -0.1931 0.7126 0.3152, -0.1931 0.713 0.3152, -0.1943 0.7126 0.3183, -0.1943 0.713 0.3183, -0.1948 0.7126 0.3224, -0.1948 0.713 0.3224, -0.1944 0.7126 0.3261, -0.1944 0.713 0.3261, -0.1934 0.7126 0.3291, -0.1934 0.713 0.3291, -0.1915 0.7126 0.3318, -0.1915 0.713 0.3318, -0.1891 0.7126 0.334, -0.1891 0.713 0.334, -0.1825 0.7126 0.3377, -0.1825 0.713 0.3377, -0.1786 0.7126 0.3393, -0.1786 0.713 0.3393, -0.1725 0.7126 0.3421, -0.1725 0.713 0.3421, -0.1689 0.7126 0.3443, -0.1689 0.713 0.3443, -0.168 0.7126 0.3454, -0.168 0.713 0.3454, -0.1672 0.7126 0.3468, -0.1672 0.713 0.3468, -0.1669 0.7126 0.3483, -0.1669 0.713 0.3483, -0.1668 0.7126 0.3497, -0.1668 0.713 0.3497, -0.167 0.7126 0.3513, -0.167 0.713 0.3513, -0.1675 0.7126 0.3526, -0.1675 0.713 0.3526, -0.1683 0.7126 0.3539, -0.1683 0.713 0.3539, -0.1699 0.7126 0.3552, -0.1699 0.713 0.3552, -0.1721 0.7126 0.3564, -0.1721 0.713 0.3564, -0.1748 0.7126 0.3571, -0.1748 0.713 0.3571, -0.1778 0.7126 0.3573, -0.1778 0.713 0.3573, -0.1846 0.7126 0.3564, -0.1846 0.713 0.3564, -0.1903 0.7126 0.3542, -0.1903 0.713 0.3542, -0.1923 0.7126 0.353, -0.1923 0.713 0.353, -0.1924 0.713 0.3628, -0.1924 0.7126 0.3628, -0.1854 0.7126 0.3648, -0.1854 0.713 0.3648, -0.1788 0.7126 0.3654, -0.1788 0.713 0.3654, -0.1714 0.7126 0.3646, -0.1714 0.713 0.3646, -0.1659 0.7126 0.3627, -0.1659 0.713 0.3627, -0.163 0.7126 0.361, -0.163 0.713 0.361, -0.16 0.713 0.3583, -0.1612 0.7126 0.3594, -0.16 0.7126 0.3583, -0.1581 0.7126 0.3556, -0.1581 0.713 0.3556, -0.1569 0.7126 0.3524, -0.1569 0.713 0.3524, -0.1564 0.7126 0.3488, -0.1564 0.713 0.3488, -0.1568 0.7126 0.3449, -0.1568 0.713 0.3449, -0.1579 0.7126 0.3419, -0.1579 0.713 0.3419, -0.1592 0.7126 0.3398, -0.1592 0.713 0.3398, -0.1715 0.7126 0.3321, -0.1715 0.713 0.3321, -0.1655 0.713 0.3349, -0.1608 0.7126 0.338, -0.1608 0.713 0.338, -0.1612 0.7126 0.3378, -0.1655 0.7126 0.3349, -0.1781 0.7126 0.3293, -0.1781 0.713 0.3293, -0.182 0.7126 0.3269, -0.182 0.713 0.3269, -0.1832 0.7126 0.3256, -0.1832 0.713 0.3256, -0.184 0.7126 0.3243, -0.184 0.713 0.3243, -0.1844 0.7126 0.3227, -0.1844 0.713 0.3227, -0.1845 0.7126 0.3214, -0.1845 0.713 0.3214, -0.1843 0.7126 0.3195, -0.1843 0.713 0.3195, -0.1838 0.7126 0.3181, -0.1838 0.713 0.3181, -0.1829 0.7126 0.3168, -0.1829 0.713 0.3168, -0.1817 0.7126 0.3158, -0.1817 0.713 0.3158, -0.1808 0.7126 0.3153, -0.1808 0.713 0.3153, -0.1782 0.7126 0.3143, -0.1782 0.713 0.3143, -0.1731 0.7126 0.3138, -0.1731 0.713 0.3138, -0.2448 0.713 0.3636, -0.2552 0.713 0.3636, -0.2448 0.7126 0.3636, -0.2552 0.7126 0.3636, -0.2289 0.713 0.3207, -0.2289 0.7126 0.3207, -0.2281 0.7126 0.318, -0.2281 0.713 0.318, -0.2276 0.7126 0.3161, -0.2276 0.713 0.3161, -0.2274 0.713 0.3161, -0.2274 0.7126 0.3161, -0.2262 0.713 0.3208, -0.2262 0.7126 0.3208, -0.2115 0.7126 0.3639, -0.2115 0.713 0.3639, -0.2169 0.7126 0.3481, -0.2003 0.713 0.3639, -0.2003 0.7126 0.3639, -0.2224 0.7126 0.3067, -0.2224 0.713 0.3067, -0.2169 0.7126 0.3209, -0.2179 0.713 0.2964, -0.2179 0.7126 0.2964, -0.2169 0.7126 0.2946, -0.2159 0.713 0.2928, -0.2159 0.7126 0.2928, -0.214 0.7126 0.2907, -0.214 0.713 0.2907, -0.2122 0.7126 0.2894, -0.2122 0.713 0.2894, -0.21 0.7126 0.2886, -0.21 0.713 0.2886, -0.2075 0.7126 0.2884, -0.2075 0.713 0.2884, -0.2039 0.7126 0.2889, -0.2039 0.713 0.2889, -0.2019 0.7126 0.2896, -0.2019 0.713 0.2896, -0.2018 0.713 0.2806, -0.2018 0.7126 0.2806, -0.2061 0.7126 0.2799, -0.2061 0.713 0.2799, -0.2083 0.7126 0.2798, -0.2083 0.713 0.2798, -0.2123 0.7126 0.2802, -0.2123 0.713 0.2802, -0.2163 0.7126 0.2817, -0.2163 0.713 0.2817, -0.2169 0.7126 0.2821, -0.2198 0.713 0.2841, -0.2198 0.7126 0.2841, -0.2205 0.7126 0.2847, -0.2205 0.713 0.2847, -0.2242 0.7126 0.2891, -0.2242 0.713 0.2891, -0.2288 0.7126 0.2979, -0.2288 0.713 0.2979, -0.3087 0.713 0.3151, -0.3087 0.713 0.306, -0.3087 0.7126 0.3151, -0.3087 0.7126 0.306, -0.276 0.7126 0.3154, -0.276 0.713 0.3154, -0.292 0.7126 0.3152, -0.2762 0.713 0.3423, -0.2762 0.7126 0.3423, -0.3048 0.7126 0.3421, -0.3048 0.713 0.3421, -0.292 0.7126 0.3422, -0.3049 0.713 0.3513, -0.3049 0.7126 0.3513, -0.2763 0.7126 0.3515, -0.2763 0.713 0.3515, -0.292 0.7126 0.3513, -0.2765 0.713 0.3771, -0.2765 0.7126 0.3771, -0.3074 0.7126 0.3769, -0.3074 0.713 0.3769, -0.292 0.7126 0.377, -0.3074 0.713 0.3861, -0.3074 0.7126 0.3861, -0.2662 0.7126 0.3864, -0.2662 0.713 0.3864, -0.292 0.7126 0.3862, -0.2656 0.713 0.3063, -0.2656 0.7126 0.3063, -0.292 0.7126 0.3061, -0.3738 0.713 0.328, -0.3697 0.713 0.323, -0.377 0.713 0.3167, -0.3687 0.713 0.3221, -0.3685 0.713 0.3107, -0.3635 0.713 0.3186, -0.3594 0.713 0.3073, -0.3568 0.713 0.3161, -0.3458 0.713 0.3057, -0.3458 0.713 0.3149, -0.3238 0.713 0.3059, -0.3342 0.713 0.3149, -0.3244 0.713 0.386, -0.3346 0.713 0.3767, -0.3472 0.713 0.3858, -0.3467 0.713 0.3766, -0.3594 0.713 0.3844, -0.3573 0.713 0.3753, -0.3691 0.713 0.3808, -0.3642 0.713 0.3727, -0.3774 0.713 0.375, -0.3698 0.713 0.3689, -0.3803 0.713 0.3721, -0.3727 0.713 0.3658, -0.3852 0.713 0.3651, -0.3756 0.713 0.3611, -0.388 0.713 0.3575, -0.3776 0.713 0.3548, -0.3893 0.713 0.3465, -0.3784 0.713 0.3463, -0.3888 0.713 0.3399, -0.3781 0.713 0.3413, -0.3865 0.713 0.3307, -0.3765 0.713 0.334, -0.3823 0.713 0.3227, -0.3458 0.7126 0.3057, -0.3238 0.7126 0.3059, -0.3594 0.7126 0.3073, -0.3685 0.7126 0.3107, -0.377 0.7126 0.3167, -0.3823 0.7126 0.3227, -0.3865 0.7126 0.3307, -0.3888 0.7126 0.3399, -0.3893 0.7126 0.3465, -0.388 0.7126 0.3575, -0.3852 0.7126 0.3651, -0.3803 0.7126 0.3721, -0.3774 0.7126 0.375, -0.3691 0.7126 0.3808, -0.3594 0.7126 0.3844, -0.3472 0.7126 0.3858, -0.3244 0.7126 0.386, -0.3467 0.7126 0.3766, -0.3346 0.7126 0.3767, -0.3342 0.7126 0.3149, -0.3458 0.7126 0.3149, -0.3697 0.7126 0.323, -0.3687 0.7126 0.3221, -0.3635 0.7126 0.3186, -0.3568 0.7126 0.3161, -0.3784 0.7126 0.3463, -0.3781 0.7126 0.3413, -0.3765 0.7126 0.334, -0.3738 0.7126 0.328, -0.3698 0.7126 0.3689, -0.3727 0.7126 0.3658, -0.3756 0.7126 0.3611, -0.3776 0.7126 0.3548, -0.3573 0.7126 0.3753, -0.3642 0.7126 0.3727
            ]
        }
        coordIndex [
            0,1,2,-1,3,4,5,-1,3,5,6,-1,6,5,7,-1,6,7,2,-1,2,7,8,-1,2,8,0,-1,9,1,10,-1,10,1,0,-1,11,12,13,-1,9,10,14,-1,9,14,13,-1,13,14,15,-1,13,15,11,-1,12,11,16,-1,12,16,17,-1,17,16,18,-1,17,18,19,-1,19,18,20,-1,19,20,21,-1,21,20,22,-1,21,22,23,-1,23,22,24,-1,23,24,25,-1,25,24,26,-1,25,26,27,-1,27,26,28,-1,27,28,29,-1,29,28,30,-1,29,30,31,-1,31,30,32,-1,31,32,33,-1,33,32,34,-1,33,34,35,-1,35,34,36,-1,35,36,37,-1,37,36,38,-1,37,38,39,-1,39,38,40,-1,39,40,41,-1,41,40,42,-1,41,42,43,-1,43,42,44,-1,43,44,45,-1,45,44,46,-1,45,46,47,-1,47,46,48,-1,47,48,49,-1,49,48,50,-1,49,50,51,-1,51,50,52,-1,51,52,53,-1,53,52,54,-1,53,54,55,-1,55,54,56,-1,55,56,57,-1,57,56,58,-1,57,58,59,-1,59,58,60,-1,59,60,61,-1,61,60,62,-1,61,62,63,-1,63,62,64,-1,63,64,65,-1,65,64,66,-1,65,66,67,-1,67,66,68,-1,67,68,69,-1,69,68,70,-1,69,70,71,-1,71,70,72,-1,71,72,73,-1,74,73,75,-1,75,73,72,-1,74,75,76,-1,74,76,77,-1,77,76,78,-1,77,78,79,-1,79,78,80,-1,79,80,81,-1,81,80,82,-1,81,82,83,-1,83,82,84,-1,83,84,85,-1,86,85,87,-1,87,85,84,-1,87,88,86,-1,86,88,89,-1,86,89,90,-1,90,89,91,-1,90,91,92,-1,92,91,93,-1,92,93,94,-1,94,93,95,-1,94,95,96,-1,96,95,97,-1,96,97,98,-1,98,97,99,-1,98,99,100,-1,101,102,103,-1,100,99,104,-1,100,104,105,-1,105,104,106,-1,105,106,103,-1,103,106,107,-1,103,107,101,-1,102,101,108,-1,102,108,109,-1,109,108,110,-1,109,110,111,-1,111,110,112,-1,111,112,113,-1,113,112,114,-1,113,114,115,-1,115,114,116,-1,115,116,117,-1,117,116,118,-1,117,118,119,-1,119,118,120,-1,119,120,121,-1,121,120,122,-1,121,122,123,-1,123,122,124,-1,123,124,125,-1,125,124,126,-1,125,126,127,-1,127,126,128,-1,127,128,129,-1,129,128,130,-1,129,130,131,-1,131,130,132,-1,131,132,133,-1,133,132,4,-1,133,4,3,-1,59,61,83,-1,83,61,81,-1,109,41,102,-1,102,41,43,-1,19,21,125,-1,125,21,23,-1,125,23,123,-1,123,23,25,-1,123,25,121,-1,121,25,27,-1,121,27,119,-1,119,27,29,-1,119,29,117,-1,117,29,31,-1,117,31,115,-1,115,31,33,-1,115,33,113,-1,113,33,35,-1,113,35,111,-1,111,35,37,-1,111,37,109,-1,109,37,39,-1,109,39,41,-1,12,3,13,-1,13,3,6,-1,13,6,9,-1,9,6,2,-1,9,2,1,-1,61,63,81,-1,81,63,65,-1,81,65,79,-1,79,65,67,-1,79,67,77,-1,77,67,69,-1,77,69,74,-1,74,69,71,-1,74,71,73,-1,125,127,19,-1,19,127,129,-1,19,129,17,-1,17,129,131,-1,17,131,12,-1,12,131,133,-1,12,133,3,-1,83,85,59,-1,59,85,86,-1,59,86,57,-1,57,86,90,-1,57,90,55,-1,55,90,92,-1,55,92,53,-1,53,92,94,-1,53,94,51,-1,51,94,96,-1,51,96,49,-1,49,96,98,-1,49,98,47,-1,47,98,100,-1,47,100,45,-1,45,100,105,-1,45,105,43,-1,43,105,103,-1,43,103,102,-1,134,135,136,-1,136,135,137,-1,138,134,139,-1,139,134,136,-1,138,139,140,-1,138,140,141,-1,141,140,142,-1,141,142,143,-1,144,143,145,-1,145,143,142,-1,146,144,147,-1,147,144,145,-1,148,149,150,-1,150,149,146,-1,150,146,147,-1,151,149,152,-1,152,149,148,-1,153,154,155,-1,155,154,151,-1,155,151,152,-1,156,154,157,-1,157,154,153,-1,156,157,158,-1,156,158,159,-1,158,160,159,-1,159,160,161,-1,159,161,162,-1,162,161,163,-1,162,163,164,-1,164,163,165,-1,164,165,166,-1,166,165,167,-1,166,167,168,-1,168,167,169,-1,168,169,170,-1,170,169,171,-1,170,171,172,-1,173,172,174,-1,174,172,171,-1,173,174,175,-1,173,175,176,-1,176,175,177,-1,176,177,178,-1,178,177,179,-1,178,179,180,-1,180,179,181,-1,180,181,182,-1,182,181,183,-1,182,183,184,-1,183,185,184,-1,184,185,186,-1,184,186,187,-1,187,186,188,-1,187,188,189,-1,189,188,190,-1,189,190,191,-1,135,191,137,-1,137,191,190,-1,141,143,191,-1,135,134,191,-1,191,134,138,-1,191,138,141,-1,149,151,146,-1,146,151,154,-1,146,154,144,-1,172,173,170,-1,170,173,176,-1,170,176,168,-1,168,176,178,-1,168,178,166,-1,166,178,180,-1,166,180,164,-1,164,180,182,-1,164,182,162,-1,189,159,187,-1,187,159,162,-1,187,162,184,-1,184,162,182,-1,143,144,191,-1,191,144,154,-1,191,154,189,-1,189,154,156,-1,189,156,159,-1,192,193,194,-1,194,193,195,-1,196,197,198,-1,198,197,192,-1,198,192,194,-1,199,197,200,-1,200,197,196,-1,201,202,203,-1,203,202,199,-1,203,199,200,-1,204,202,205,-1,205,202,201,-1,206,207,208,-1,208,207,204,-1,208,204,205,-1,209,207,210,-1,210,207,206,-1,211,212,213,-1,213,212,209,-1,213,209,210,-1,214,212,215,-1,215,212,211,-1,216,217,218,-1,218,217,214,-1,218,214,215,-1,219,217,220,-1,220,217,216,-1,195,193,221,-1,221,193,219,-1,221,219,220,-1,202,204,199,-1,199,204,207,-1,193,192,219,-1,219,192,197,-1,212,214,209,-1,209,214,217,-1,209,217,207,-1,207,217,219,-1,207,219,199,-1,199,219,197,-1,222,223,224,-1,224,223,225,-1,224,225,226,-1,226,225,227,-1,226,227,228,-1,228,227,229,-1,228,229,230,-1,230,229,231,-1,230,231,232,-1,232,231,233,-1,232,233,234,-1,234,233,235,-1,234,235,236,-1,236,235,237,-1,236,237,238,-1,238,237,239,-1,238,239,240,-1,240,239,241,-1,240,241,242,-1,242,241,243,-1,242,243,244,-1,244,243,245,-1,244,245,246,-1,246,245,247,-1,246,247,248,-1,248,247,249,-1,248,249,250,-1,250,249,251,-1,250,251,252,-1,252,251,253,-1,252,253,254,-1,254,253,255,-1,254,255,256,-1,256,255,222,-1,256,222,224,-1,230,232,257,-1,257,232,258,-1,230,257,259,-1,230,259,228,-1,228,259,260,-1,228,260,226,-1,226,260,261,-1,226,261,224,-1,224,261,262,-1,224,262,256,-1,256,262,263,-1,256,263,254,-1,254,263,264,-1,254,264,252,-1,252,264,265,-1,252,265,250,-1,250,265,266,-1,250,266,248,-1,248,266,267,-1,248,267,246,-1,246,267,268,-1,246,268,244,-1,244,268,269,-1,244,269,242,-1,242,269,270,-1,242,270,240,-1,240,270,271,-1,240,271,238,-1,238,271,272,-1,238,272,236,-1,234,236,273,-1,273,236,272,-1,232,234,258,-1,258,234,273,-1,237,235,274,-1,274,235,275,-1,235,233,275,-1,275,233,276,-1,233,231,276,-1,276,231,277,-1,223,278,279,-1,223,279,225,-1,225,279,280,-1,225,280,227,-1,227,280,281,-1,227,281,229,-1,229,281,277,-1,229,277,231,-1,251,282,283,-1,251,283,253,-1,253,283,284,-1,253,284,255,-1,255,284,285,-1,255,285,222,-1,222,285,278,-1,222,278,223,-1,243,286,287,-1,243,287,245,-1,245,287,288,-1,245,288,247,-1,247,288,289,-1,247,289,249,-1,249,289,282,-1,249,282,251,-1,237,274,290,-1,237,290,239,-1,239,290,291,-1,239,291,241,-1,241,291,286,-1,241,286,243,-1,
        ]
    }
}
Shape{
    appearance Appearance {
        material  Material 	{
            diffuseColor 0.2235294117647059 0.2235294117647059 0.2235294117647059
            specularColor 0.11372549019607843 0.11372549019607843 0.11372549019607843
            ambientIntensity 0.2235
            transparency 0.0
            shininess 0.5
        }
    }
    geometry IndexedFaceSet {
        ccw TRUE
        solid FALSE
        coord DEF co Coordinate {
            point [
                -0.3346 0.7126 0.3767, -0.3342 0.7126 0.3149, -0.3467 0.7126 0.3766, -0.3458 0.7126 0.3149, -0.3568 0.7126 0.3161, -0.3635 0.7126 0.3186, -0.3687 0.7126 0.3221, -0.3784 0.7126 0.3463, -0.3698 0.7126 0.3689, -0.3642 0.7126 0.3727, -0.3697 0.7126 0.323, -0.3738 0.7126 0.328, -0.3765 0.7126 0.334, -0.3727 0.7126 0.3658, -0.3776 0.7126 0.3548, -0.3756 0.7126 0.3611, -0.3781 0.7126 0.3413, -0.3573 0.7126 0.3753
            ]
        }
        coordIndex [
            0,1,2,-1,2,1,3,-1,3,4,2,-1,2,4,5,-1,2,5,6,-1,7,8,9,-1,6,10,2,-1,2,10,11,-1,2,11,12,-1,8,7,13,-1,13,7,14,-1,13,14,15,-1,12,16,2,-1,2,16,7,-1,2,7,17,-1,17,7,9,-1,
        ]
    }
}
Shape{
    appearance Appearance {
        material  Material 	{
            diffuseColor 1.0 1.0 1.0
            specularColor 0.5019607843137255 0.5019607843137255 0.5019607843137255
            ambientIntensity 1.0
            transparency 0.0
            shininess 0.5
        }
    }
    geometry IndexedFaceSet {
        ccw TRUE
        solid FALSE
        coord DEF co Coordinate {
            point [
                -0.416 0.713 0.3362, -0.4283 0.713 0.3694, -0.4245 0.713 0.3852, -0.3934 0.713 0.3054, -0.4049 0.713 0.3053, -0.4127 0.713 0.3272, -0.429 0.713 0.3718, -0.4296 0.713 0.375, -0.4356 0.713 0.3852, -0.4299 0.713 0.375, -0.4305 0.713 0.3716, -0.4311 0.713 0.3694, -0.4429 0.713 0.336, -0.4655 0.713 0.3049, -0.4541 0.713 0.305, -0.4461 0.713 0.3269, -0.4356 0.7126 0.3852, -0.4655 0.7126 0.3049, -0.4245 0.7126 0.3852, -0.3934 0.7126 0.3054, -0.4231 0.7126 0.3816, -0.4049 0.7126 0.3053, -0.4127 0.7126 0.3272, -0.4461 0.7126 0.3269, -0.4231 0.7126 0.3271, -0.4541 0.7126 0.305, -0.416 0.7126 0.3362, -0.4429 0.7126 0.336, -0.4311 0.7126 0.3694, -0.4299 0.7126 0.375, -0.4305 0.7126 0.3716, -0.4296 0.7126 0.375, -0.4283 0.7126 0.3694, -0.429 0.7126 0.3718
            ]
        }
        coordIndex [
            0,1,2,-1,3,4,5,-1,1,6,2,-1,2,6,7,-1,2,7,8,-1,8,7,9,-1,8,9,10,-1,10,11,8,-1,8,11,12,-1,8,12,13,-1,14,13,15,-1,15,13,12,-1,15,12,5,-1,5,12,0,-1,5,0,3,-1,3,0,2,-1,8,13,16,-1,16,13,17,-1,2,8,18,-1,18,8,16,-1,19,3,20,-1,20,3,2,-1,20,2,18,-1,4,3,21,-1,21,3,19,-1,5,4,22,-1,22,4,21,-1,23,15,24,-1,24,15,5,-1,24,5,22,-1,14,15,25,-1,25,15,23,-1,13,14,17,-1,17,14,25,-1,0,12,26,-1,26,12,27,-1,12,11,27,-1,27,11,28,-1,9,29,30,-1,9,30,10,-1,10,30,28,-1,10,28,11,-1,9,7,29,-1,29,7,31,-1,1,32,33,-1,1,33,6,-1,6,33,31,-1,6,31,7,-1,1,0,32,-1,32,0,26,-1,
        ]
    }
}
Shape{
    appearance Appearance {
        material  Material 	{
            diffuseColor 0.2235294117647059 0.2235294117647059 0.2235294117647059
            specularColor 0.11372549019607843 0.11372549019607843 0.11372549019607843
            ambientIntensity 0.2235
            transparency 0.0
            shininess 0.5
        }
    }
    geometry IndexedFaceSet {
        ccw TRUE
        solid FALSE
        coord DEF co Coordinate {
            point [
                -0.4299 0.7126 0.375, -0.4296 0.7126 0.375, -0.4305 0.7126 0.3716, -0.429 0.7126 0.3718, -0.4311 0.7126 0.3694, -0.4283 0.7126 0.3694, -0.4429 0.7126 0.336, -0.416 0.7126 0.3362
            ]
        }
        coordIndex [
            0,1,2,-1,2,1,3,-1,2,3,4,-1,4,3,5,-1,4,5,6,-1,6,5,7,-1,
        ]
    }
}
Shape{
    appearance Appearance {
        material  Material 	{
            diffuseColor 1.0 1.0 1.0
            specularColor 0.5019607843137255 0.5019607843137255 0.5019607843137255
            ambientIntensity 1.0
            transparency 0.0
            shininess 0.5
        }
    }
    geometry IndexedFaceSet {
        ccw TRUE
        solid FALSE
        coord DEF co Coordinate {
            point [
                0.3098 0.713 0.299, 0.3014 0.713 0.2885, 0.3146 0.713 0.3494, 0.1243 0.713 0.376, 0.1417 0.713 0.4063, 0.2183 0.713 0.3669, 0.2569 0.713 0.3502, 0.2516 0.713 0.3483, 0.3238 0.713 0.4484, 0.3111 0.713 0.455, 0.3138 0.713 0.4901, 0.2783 0.713 0.4915, 0.2609 0.713 0.4498, 0.2521 0.713 0.4678, 0.327 0.713 0.3572, 0.3226 0.713 0.3135, 0.3154 0.713 0.3113, 0.2914 0.713 0.4927, 0.2471 0.713 0.3451, 0.2434 0.713 0.341, 0.2043 0.713 0.3344, 0.2672 0.713 0.3501, 0.2744 0.713 0.385, 0.2722 0.713 0.3481, 0.287 0.713 0.3803, 0.2767 0.713 0.345, 0.2987 0.713 0.3723, 0.2789 0.713 0.3426, 0.3082 0.713 0.3616, 0.2819 0.713 0.338, 0.2836 0.713 0.3326, 0.284 0.713 0.3271, 0.2402 0.713 0.3826, 0.2539 0.713 0.3861, 0.2608 0.713 0.3866, 0.1051 0.713 0.4322, 0.1005 0.713 0.4322, 0.077 0.713 0.4627, 0.0897 0.713 0.4307, 0.0742 0.713 0.4618, 0.0798 0.713 0.4268, 0.0573 0.713 0.4532, 0.042 0.713 0.4401, 0.2665 0.713 0.505, 0.2392 0.713 0.4829, 0.2531 0.713 0.5164, 0.2239 0.713 0.4939, 0.2385 0.713 0.5252, 0.297 0.713 0.4583, 0.291 0.713 0.4586, 0.2848 0.713 0.4923, 0.2777 0.713 0.4568, 0.2649 0.713 0.452, 0.241 0.713 0.3363, 0.2397 0.713 0.331, 0.2043 0.713 0.3287, 0.2398 0.713 0.3258, 0.2046 0.713 0.3227, 0.0426 0.713 0.3338, 0.0689 0.713 0.3566, 0.0582 0.713 0.3208, 0.0774 0.713 0.3498, 0.0756 0.713 0.3124, 0.0875 0.713 0.3452, 0.0946 0.713 0.3086, 0.0977 0.713 0.3433, 0.1282 0.713 0.3088, 0.1234 0.713 0.3435, 0.1314 0.713 0.3094, 0.2616 0.713 0.3507, 0.2282 0.713 0.3761, 0.071 0.713 0.4206, 0.0645 0.713 0.4133, 0.0304 0.713 0.4238, 0.0593 0.713 0.4034, 0.0236 0.713 0.4064, 0.0567 0.713 0.3925, 0.0211 0.713 0.3878, 0.0564 0.713 0.3874, 0.0239 0.713 0.3675, 0.0579 0.713 0.3764, 0.0312 0.713 0.3495, 0.0619 0.713 0.3662, 0.0682 0.713 0.3574, 0.1074 0.713 0.5079, 0.1299 0.713 0.4819, 0.0886 0.713 0.4859, 0.1171 0.713 0.4665, 0.1085 0.713 0.4481, 0.3466 0.713 0.4158, 0.3841 0.713 0.4066, 0.3484 0.713 0.402, 0.3842 0.713 0.4011, 0.3478 0.713 0.3932, 0.3817 0.713 0.3788, 0.3438 0.713 0.3793, 0.3736 0.713 0.3576, 0.3371 0.713 0.3677, 0.3608 0.713 0.3389, 0.3431 0.713 0.3237, 0.2829 0.713 0.3217, 0.2807 0.713 0.3169, 0.2121 0.713 0.535, 0.2053 0.713 0.5014, 0.1846 0.713 0.5381, 0.1843 0.713 0.5039, 0.1595 0.713 0.5351, 0.165 0.713 0.5014, 0.1312 0.713 0.5244, 0.1472 0.713 0.4944, 0.1313 0.713 0.4832, 0.335 0.713 0.4821, 0.3532 0.713 0.4695, 0.3336 0.713 0.4398, 0.357 0.713 0.4659, 0.3416 0.713 0.4285, 0.3708 0.713 0.4484, 0.3801 0.713 0.428, 0.2081 0.713 0.3087, 0.2412 0.713 0.3204, 0.2149 0.713 0.2961, 0.2438 0.713 0.3155, 0.2237 0.713 0.2864, 0.247 0.713 0.312, 0.2351 0.713 0.2786, 0.2513 0.713 0.309, 0.2478 0.713 0.2738, 0.2562 0.713 0.307, 0.2616 0.713 0.2722, 0.262 0.713 0.3063, 0.2638 0.713 0.2722, 0.2629 0.713 0.3064, 0.2772 0.713 0.2744, 0.268 0.713 0.3072, 0.2903 0.713 0.28, 0.2732 0.713 0.3095, 0.2775 0.713 0.3129, 0.1262 0.713 0.3441, 0.1401 0.713 0.3149, 0.1388 0.713 0.3135, 0.1245 0.713 0.3437, 0.1351 0.713 0.3109, 0.1445 0.713 0.3266, 0.144 0.713 0.3223, 0.1426 0.713 0.3185, 0.1312 0.713 0.3436, 0.1351 0.713 0.342, 0.1444 0.713 0.3288, 0.1386 0.713 0.3396, 0.141 0.713 0.337, 0.1432 0.713 0.3331, 0.1268 0.713 0.3441, 0.0211 0.7126 0.3878, 0.0236 0.7126 0.4064, 0.0251 0.7126 0.4103, 0.0304 0.7126 0.4238, 0.0371 0.7126 0.4332, 0.0401 0.7126 0.4375, 0.042 0.7126 0.4401, 0.0573 0.7126 0.4532, 0.0742 0.7126 0.4618, 0.077 0.7126 0.4627, 0.0886 0.7126 0.4859, 0.1074 0.7126 0.5079, 0.1846 0.7126 0.5381, 0.1169 0.7126 0.5145, 0.1312 0.7126 0.5244, 0.1379 0.7126 0.5269, 0.1595 0.7126 0.5351, 0.2531 0.7126 0.5164, 0.1969 0.7126 0.5367, 0.2121 0.7126 0.535, 0.2338 0.7126 0.5269, 0.2385 0.7126 0.5252, 0.2783 0.7126 0.4915, 0.2552 0.7126 0.5145, 0.2665 0.7126 0.505, 0.2848 0.7126 0.4923, 0.2914 0.7126 0.4927, 0.3138 0.7126 0.4901, 0.335 0.7126 0.4821, 0.3532 0.7126 0.4695, 0.357 0.7126 0.4659, 0.3842 0.7126 0.4011, 0.3595 0.7126 0.4628, 0.3777 0.7126 0.4332, 0.3708 0.7126 0.4484, 0.3801 0.7126 0.428, 0.3834 0.7126 0.4103, 0.3841 0.7126 0.4066, 0.3817 0.7126 0.3788, 0.3736 0.7126 0.3576, 0.3608 0.7126 0.3389, 0.3595 0.7126 0.3378, 0.3431 0.7126 0.3237, 0.3226 0.7126 0.3135, 0.3154 0.7126 0.3113, 0.3098 0.7126 0.299, 0.3014 0.7126 0.2885, 0.2903 0.7126 0.28, 0.2772 0.7126 0.2744, 0.2638 0.7126 0.2722, 0.2616 0.7126 0.2722, 0.2478 0.7126 0.2738, 0.2351 0.7126 0.2786, 0.2237 0.7126 0.2864, 0.2149 0.7126 0.2961, 0.2081 0.7126 0.3087, 0.2046 0.7126 0.3227, 0.2043 0.7126 0.3287, 0.2043 0.7126 0.3344, 0.1243 0.7126 0.376, 0.1969 0.7126 0.3382, 0.1417 0.7126 0.4063, 0.2183 0.7126 0.3669, 0.1969 0.7126 0.3779, 0.2282 0.7126 0.3761, 0.2402 0.7126 0.3826, 0.2539 0.7126 0.3861, 0.2608 0.7126 0.3866, 0.2744 0.7126 0.385, 0.287 0.7126 0.3803, 0.2987 0.7126 0.3723, 0.3082 0.7126 0.3616, 0.3146 0.7126 0.3494, 0.327 0.7126 0.3572, 0.3371 0.7126 0.3677, 0.3438 0.7126 0.3793, 0.3478 0.7126 0.3932, 0.3484 0.7126 0.402, 0.3473 0.7126 0.4103, 0.3466 0.7126 0.4158, 0.3416 0.7126 0.4285, 0.3383 0.7126 0.4332, 0.3336 0.7126 0.4398, 0.3238 0.7126 0.4484, 0.3111 0.7126 0.455, 0.297 0.7126 0.4583, 0.291 0.7126 0.4586, 0.2777 0.7126 0.4568, 0.2649 0.7126 0.452, 0.2609 0.7126 0.4498, 0.1843 0.7126 0.5039, 0.1969 0.7126 0.5024, 0.2053 0.7126 0.5014, 0.2239 0.7126 0.4939, 0.2392 0.7126 0.4829, 0.2521 0.7126 0.4678, 0.165 0.7126 0.5014, 0.1472 0.7126 0.4944, 0.1313 0.7126 0.4832, 0.1299 0.7126 0.4819, 0.1171 0.7126 0.4665, 0.1085 0.7126 0.4481, 0.1053 0.7126 0.4332, 0.1051 0.7126 0.4322, 0.1005 0.7126 0.4322, 0.0897 0.7126 0.4307, 0.0798 0.7126 0.4268, 0.071 0.7126 0.4206, 0.0645 0.7126 0.4133, 0.0629 0.7126 0.4103, 0.0593 0.7126 0.4034, 0.0567 0.7126 0.3925, 0.0564 0.7126 0.3874, 0.0579 0.7126 0.3764, 0.0619 0.7126 0.3662, 0.0682 0.7126 0.3574, 0.0689 0.7126 0.3566, 0.0774 0.7126 0.3498, 0.0875 0.7126 0.3452, 0.0977 0.7126 0.3433, 0.1234 0.7126 0.3435, 0.1245 0.7126 0.3437, 0.1262 0.7126 0.3441, 0.1268 0.7126 0.3441, 0.1312 0.7126 0.3436, 0.1351 0.7126 0.342, 0.1386 0.7126 0.3396, 0.141 0.7126 0.337, 0.1432 0.7126 0.3331, 0.1444 0.7126 0.3288, 0.1445 0.7126 0.3266, 0.144 0.7126 0.3223, 0.1426 0.7126 0.3185, 0.1401 0.7126 0.3149, 0.1388 0.7126 0.3135, 0.1351 0.7126 0.3109, 0.1314 0.7126 0.3094, 0.1282 0.7126 0.3088, 0.0946 0.7126 0.3086, 0.0756 0.7126 0.3124, 0.0582 0.7126 0.3208, 0.0426 0.7126 0.3338, 0.0401 0.7126 0.3372, 0.0312 0.7126 0.3495, 0.0239 0.7126 0.3675, 0.2616 0.7126 0.3507, 0.2569 0.7126 0.3502, 0.2516 0.7126 0.3483, 0.2471 0.7126 0.3451, 0.2434 0.7126 0.341, 0.241 0.7126 0.3363, 0.2397 0.7126 0.331, 0.2398 0.7126 0.3258, 0.2412 0.7126 0.3204, 0.2438 0.7126 0.3155, 0.247 0.7126 0.312, 0.2513 0.7126 0.309, 0.2562 0.7126 0.307, 0.262 0.7126 0.3063, 0.2629 0.7126 0.3064, 0.268 0.7126 0.3072, 0.2732 0.7126 0.3095, 0.2775 0.7126 0.3129, 0.2807 0.7126 0.3169, 0.2829 0.7126 0.3217, 0.284 0.7126 0.3271, 0.2836 0.7126 0.3326, 0.2819 0.7126 0.338, 0.2789 0.7126 0.3426, 0.2767 0.7126 0.345, 0.2722 0.7126 0.3481, 0.2672 0.7126 0.3501
            ]
        }
        coordIndex [
            0,1,2,-1,3,4,5,-1,6,7,3,-1,8,9,10,-1,11,12,13,-1,14,15,2,-1,2,15,16,-1,2,16,0,-1,10,9,17,-1,7,18,3,-1,3,18,19,-1,3,19,20,-1,21,22,23,-1,23,22,24,-1,23,24,25,-1,25,24,26,-1,25,26,27,-1,27,26,28,-1,27,28,29,-1,29,28,2,-1,29,2,30,-1,30,2,31,-1,32,33,21,-1,21,33,34,-1,21,34,22,-1,35,36,37,-1,37,36,38,-1,37,38,39,-1,39,38,40,-1,39,40,41,-1,41,40,42,-1,11,13,43,-1,43,13,44,-1,43,44,45,-1,45,44,46,-1,45,46,47,-1,9,48,17,-1,17,48,49,-1,17,49,50,-1,50,49,51,-1,50,51,11,-1,11,51,52,-1,11,52,12,-1,19,53,20,-1,20,53,54,-1,20,54,55,-1,55,54,56,-1,55,56,57,-1,58,59,60,-1,60,59,61,-1,60,61,62,-1,62,61,63,-1,62,63,64,-1,64,63,65,-1,64,65,66,-1,66,65,67,-1,66,67,68,-1,6,3,69,-1,69,3,5,-1,69,5,21,-1,21,5,70,-1,21,70,32,-1,40,71,42,-1,42,71,72,-1,42,72,73,-1,73,72,74,-1,73,74,75,-1,75,74,76,-1,75,76,77,-1,77,76,78,-1,77,78,79,-1,79,78,80,-1,79,80,81,-1,81,80,82,-1,81,82,58,-1,58,82,83,-1,58,83,59,-1,84,85,86,-1,86,85,87,-1,86,87,37,-1,37,87,88,-1,37,88,35,-1,89,90,91,-1,91,90,92,-1,91,92,93,-1,93,92,94,-1,93,94,95,-1,95,94,96,-1,95,96,97,-1,97,96,98,-1,97,98,14,-1,14,98,99,-1,14,99,15,-1,31,2,100,-1,100,2,1,-1,100,1,101,-1,47,46,102,-1,102,46,103,-1,102,103,104,-1,104,103,105,-1,104,105,106,-1,106,105,107,-1,106,107,108,-1,108,107,109,-1,108,109,84,-1,84,109,110,-1,84,110,85,-1,10,111,8,-1,8,111,112,-1,8,112,113,-1,113,112,114,-1,113,114,115,-1,115,114,116,-1,115,116,89,-1,89,116,117,-1,89,117,90,-1,57,56,118,-1,118,56,119,-1,118,119,120,-1,120,119,121,-1,120,121,122,-1,122,121,123,-1,122,123,124,-1,124,123,125,-1,124,125,126,-1,126,125,127,-1,126,127,128,-1,128,127,129,-1,128,129,130,-1,130,129,131,-1,130,131,132,-1,132,131,133,-1,132,133,134,-1,134,133,135,-1,134,135,1,-1,1,135,136,-1,1,136,101,-1,137,138,139,-1,67,140,68,-1,68,140,137,-1,68,137,141,-1,141,137,139,-1,142,143,137,-1,137,143,144,-1,137,144,138,-1,145,146,147,-1,146,148,147,-1,147,148,149,-1,147,149,150,-1,142,137,147,-1,147,137,151,-1,147,151,145,-1,77,152,153,-1,77,153,75,-1,75,153,154,-1,75,154,73,-1,154,155,73,-1,73,155,156,-1,73,156,42,-1,42,156,157,-1,157,158,42,-1,42,158,159,-1,42,159,41,-1,41,159,160,-1,41,160,39,-1,39,160,161,-1,39,161,37,-1,37,161,162,-1,37,162,86,-1,86,162,163,-1,86,163,84,-1,164,104,106,-1,84,163,165,-1,84,165,108,-1,165,166,108,-1,108,166,167,-1,108,167,106,-1,106,167,168,-1,106,168,164,-1,169,45,47,-1,104,164,170,-1,104,170,102,-1,170,171,102,-1,102,171,172,-1,102,172,47,-1,47,172,173,-1,47,173,169,-1,174,11,43,-1,45,169,175,-1,45,175,43,-1,43,175,176,-1,43,176,174,-1,11,174,177,-1,11,177,50,-1,50,177,178,-1,50,178,17,-1,17,178,179,-1,17,179,10,-1,10,179,180,-1,10,180,111,-1,111,180,181,-1,111,181,112,-1,112,181,182,-1,112,182,114,-1,183,92,90,-1,114,182,184,-1,185,117,116,-1,114,184,116,-1,116,184,186,-1,116,186,185,-1,185,187,117,-1,117,187,188,-1,117,188,90,-1,90,188,189,-1,90,189,183,-1,92,183,190,-1,92,190,94,-1,94,190,191,-1,94,191,96,-1,96,191,192,-1,96,192,98,-1,98,192,193,-1,98,193,99,-1,193,194,99,-1,99,194,195,-1,99,195,15,-1,15,195,196,-1,15,196,16,-1,16,196,197,-1,16,197,0,-1,0,197,198,-1,0,198,1,-1,1,198,199,-1,1,199,134,-1,134,199,200,-1,134,200,132,-1,132,200,201,-1,132,201,130,-1,130,201,202,-1,130,202,128,-1,128,202,203,-1,128,203,126,-1,126,203,204,-1,126,204,124,-1,124,204,205,-1,124,205,122,-1,122,205,206,-1,122,206,120,-1,120,206,207,-1,120,207,118,-1,118,207,208,-1,118,208,57,-1,57,208,209,-1,57,209,55,-1,20,55,210,-1,210,55,209,-1,211,3,212,-1,212,3,20,-1,212,20,210,-1,4,3,213,-1,213,3,211,-1,214,5,215,-1,215,5,4,-1,215,4,213,-1,5,214,216,-1,5,216,70,-1,70,216,217,-1,70,217,32,-1,32,217,218,-1,32,218,33,-1,33,218,219,-1,33,219,34,-1,34,219,220,-1,34,220,22,-1,22,220,221,-1,22,221,24,-1,24,221,222,-1,24,222,26,-1,26,222,223,-1,26,223,28,-1,28,223,224,-1,28,224,2,-1,2,224,225,-1,2,225,14,-1,14,225,226,-1,14,226,97,-1,97,226,227,-1,97,227,95,-1,95,227,228,-1,95,228,93,-1,93,228,229,-1,93,229,91,-1,89,91,230,-1,230,91,229,-1,230,231,89,-1,89,231,232,-1,89,232,115,-1,115,232,233,-1,115,233,113,-1,233,234,113,-1,113,234,235,-1,113,235,8,-1,8,235,236,-1,8,236,9,-1,9,236,237,-1,9,237,48,-1,48,237,238,-1,48,238,49,-1,49,238,239,-1,49,239,51,-1,51,239,240,-1,51,240,52,-1,52,240,241,-1,52,241,12,-1,242,105,243,-1,243,105,103,-1,243,103,244,-1,244,103,46,-1,244,46,245,-1,245,46,44,-1,245,44,246,-1,246,44,13,-1,246,13,247,-1,247,13,12,-1,247,12,241,-1,105,242,248,-1,105,248,107,-1,107,248,249,-1,107,249,109,-1,109,249,250,-1,109,250,110,-1,110,250,251,-1,110,251,85,-1,85,251,252,-1,85,252,87,-1,87,252,253,-1,87,253,88,-1,88,253,35,-1,35,253,254,-1,35,254,255,-1,36,35,256,-1,256,35,255,-1,36,256,257,-1,36,257,38,-1,38,257,258,-1,38,258,40,-1,40,258,259,-1,40,259,71,-1,71,259,260,-1,71,260,72,-1,72,260,261,-1,72,261,74,-1,261,262,74,-1,74,262,263,-1,74,263,76,-1,76,263,264,-1,76,264,78,-1,78,264,265,-1,78,265,80,-1,80,265,266,-1,80,266,82,-1,82,266,267,-1,82,267,83,-1,83,267,268,-1,83,268,59,-1,59,268,269,-1,59,269,61,-1,61,269,270,-1,61,270,63,-1,63,270,271,-1,63,271,65,-1,67,65,272,-1,272,65,271,-1,67,272,273,-1,67,273,140,-1,140,273,274,-1,140,274,137,-1,137,274,275,-1,137,275,151,-1,151,275,276,-1,151,276,145,-1,145,276,277,-1,145,277,146,-1,146,277,278,-1,146,278,148,-1,148,278,279,-1,148,279,149,-1,149,279,280,-1,149,280,150,-1,150,280,281,-1,150,281,147,-1,147,281,282,-1,147,282,142,-1,142,282,283,-1,142,283,143,-1,143,283,284,-1,143,284,144,-1,144,284,285,-1,144,285,138,-1,138,285,286,-1,138,286,139,-1,139,286,287,-1,139,287,141,-1,141,287,288,-1,141,288,68,-1,68,288,289,-1,68,289,66,-1,64,66,290,-1,290,66,289,-1,64,290,291,-1,64,291,62,-1,62,291,292,-1,62,292,60,-1,60,292,293,-1,60,293,58,-1,58,293,294,-1,58,294,81,-1,294,295,81,-1,81,295,296,-1,81,296,79,-1,79,296,152,-1,79,152,77,-1,69,297,298,-1,69,298,6,-1,6,298,299,-1,6,299,7,-1,7,299,300,-1,7,300,18,-1,18,300,301,-1,18,301,19,-1,19,301,302,-1,19,302,53,-1,53,302,303,-1,53,303,54,-1,54,303,304,-1,54,304,56,-1,56,304,305,-1,56,305,119,-1,119,305,306,-1,119,306,121,-1,121,306,307,-1,121,307,123,-1,123,307,308,-1,123,308,125,-1,125,308,309,-1,125,309,127,-1,127,309,310,-1,127,310,129,-1,129,310,311,-1,129,311,131,-1,131,311,312,-1,131,312,133,-1,133,312,313,-1,133,313,135,-1,135,313,314,-1,135,314,136,-1,136,314,315,-1,136,315,101,-1,101,315,316,-1,101,316,100,-1,100,316,317,-1,100,317,31,-1,31,317,318,-1,31,318,30,-1,30,318,319,-1,30,319,29,-1,29,319,320,-1,29,320,27,-1,27,320,321,-1,27,321,25,-1,25,321,322,-1,25,322,23,-1,23,322,323,-1,23,323,21,-1,21,323,297,-1,21,297,69,-1,
        ]
    }
}
Shape{
    appearance Appearance {
        material  Material 	{
            diffuseColor 0.2235294117647059 0.2235294117647059 0.2235294117647059
            specularColor 0.11372549019607843 0.11372549019607843 0.11372549019607843
            ambientIntensity 0.2235
            transparency 0.0
            shininess 0.5
        }
    }
    geometry IndexedFaceSet {
        ccw TRUE
        solid FALSE
        coord DEF co Coordinate {
            point [
                0.2629 0.7126 0.3064, 0.2767 0.7126 0.345, 0.2789 0.7126 0.3426, 0.2562 0.7126 0.307, 0.2513 0.7126 0.309, 0.2569 0.7126 0.3502, 0.2616 0.7126 0.3507, 0.2672 0.7126 0.3501, 0.2722 0.7126 0.3481, 0.2829 0.7126 0.3217, 0.2807 0.7126 0.3169, 0.2775 0.7126 0.3129, 0.262 0.7126 0.3063, 0.2819 0.7126 0.338, 0.2836 0.7126 0.3326, 0.284 0.7126 0.3271, 0.2732 0.7126 0.3095, 0.268 0.7126 0.3072, 0.247 0.7126 0.312, 0.2438 0.7126 0.3155, 0.2412 0.7126 0.3204, 0.2398 0.7126 0.3258, 0.2397 0.7126 0.331, 0.241 0.7126 0.3363, 0.2434 0.7126 0.341, 0.2471 0.7126 0.3451, 0.2516 0.7126 0.3483
            ]
        }
        coordIndex [
            0,1,2,-1,3,4,5,-1,6,7,0,-1,0,7,8,-1,0,8,1,-1,9,10,2,-1,2,10,11,-1,6,0,5,-1,5,0,12,-1,5,12,3,-1,13,14,2,-1,2,14,15,-1,2,15,9,-1,11,16,2,-1,2,16,17,-1,2,17,0,-1,4,18,5,-1,5,18,19,-1,5,19,20,-1,20,21,5,-1,5,21,22,-1,5,22,23,-1,23,24,5,-1,5,24,25,-1,5,25,26,-1,
        ]
    }
}