#VRML V2.0 utf8
# 3D model generated by easyeda2kicad.py (https://github.com/uPesy/easyeda2kicad.py)

Shape{
    appearance Appearance {
        material  Material 	{
            diffuseColor 0.6470588235294118 0.6196078431372549 0.5882352941176471
            specularColor 0.45098039215686275 0.43529411764705883 0.4117647058823529
            ambientIntensity 0.6242
            transparency 0.0
            shininess 0.5
        }
    }
    geometry IndexedFaceSet {
        ccw TRUE
        solid FALSE
        coord DEF co Coordinate {
            point [
                0.1685 0.0661 -0.5512, 0.1879 0.0639 -0.5512, 0.126 -0.0817 -0.5512, 0.1633 -0.1128 -0.5512, 0.1032 -0.1128 -0.5512, 0.1434 -0.11 -0.5512, 0.1224 -0.1014 -0.5512, 0.2199 -0.1049 -0.5512, 0.2857 -0.1116 -0.5512, 0.2009 -0.1114 -0.5512, 0.1882 -0.1128 -0.5512, 0.1446 0.063 -0.5512, 0.1224 -0.0797 -0.5512, 0.1224 0.0535 -0.5512, 0.1032 0.9795 -0.5512, 0.1224 0.0799 -0.5512, 0.2026 0.0586 -0.5512, 0.2163 0.0495 -0.5512, 0.2282 0.0364 -0.5512, 0.2425 -0.0152 -0.5512, 0.2405 -0.0365 -0.5512, 0.2351 -0.0535 -0.5512, 0.1913 -0.0903 -0.5512, 0.173 -0.0923 -0.5512, 0.2057 -0.085 -0.5512, 0.2177 -0.0769 -0.5512, 0.227 -0.0671 -0.5512, 0.1468 -0.0894 -0.5512, 0.7874 0.4086 -0.5512, 0.7874 -0.1032 -0.5512, 0.3865 -0.1116 -0.5512, 0.7887 -0.1128 -0.5512, 0.8749 0.5227 -0.5512, 1.248 0.9795 -0.5512, 0.9055 0.5267 -0.5512, 1.248 0.5267 -0.5512, 0.2585 0.0334 -0.5512, 0.2469 0.0519 -0.5512, 0.3601 0.0853 -0.5512, 0.3865 0.0853 -0.5512, 0.2363 0.0212 -0.5512, 0.2415 0.0001 -0.5512, 0.8465 0.5109 -0.5512, 0.822 0.4921 -0.5512, 0.8032 0.4677 -0.5512, 0.7914 0.4392 -0.5512, 0.2358 -0.0948 -0.5512, 0.2506 -0.0792 -0.5512, 0.2857 -0.0899 -0.5512, 0.261 -0.0605 -0.5512, 0.3601 -0.0899 -0.5512, 0.2292 0.0689 -0.5512, 0.2105 0.0797 -0.5512, 0.1885 0.0861 -0.5512, 0.267 -0.0396 -0.5512, 0.2689 -0.0168 -0.5512, 0.266 0.0111 -0.5512, 0.1688 0.0877 -0.5512, 0.1452 0.0861 -0.5512, 0.1766 -0.114 -0.5512, 0.7914 -0.1338 -0.5512, 0.1712 -0.1139 -0.5512, 0.1032 -1.1268 -0.5512, 0.8032 -0.1623 -0.5512, 0.822 -0.1867 -0.5512, 0.8465 -0.2055 -0.5512, 0.8749 -0.2173 -0.5512, 1.248 -1.1268 -0.5512, 0.9055 -0.2213 -0.5512, 1.248 -0.2213 -0.5512, -0.3618 -0.0563 -0.5512, -0.2805 -0.0563 -0.5512, -0.3817 -0.1116 -0.5512, -0.2617 -0.1116 -0.5512, -0.0216 -0.1116 -0.5512, 0.084 -0.1116 -0.5512, 0.084 0.0853 -0.5512, -0.0168 0.0853 -0.5512, -1.248 0.9795 -0.5512, -0.2086 -0.0576 -0.5512, -0.1973 -0.0752 -0.5512, -0.2329 -0.1116 -0.5512, -0.1811 -0.0907 -0.5512, -0.1606 -0.1027 -0.5512, -0.822 0.4921 -0.5512, -0.8465 0.5109 -0.5512, 0.0576 0.0637 -0.5512, 0.0576 -0.0011 -0.5512, -0.0168 0.0637 -0.5512, -0.012 -0.0011 -0.5512, -0.06 0.0853 -0.5512, -0.012 -0.0227 -0.5512, -0.1156 0.0853 -0.5512, -0.144 0.0823 -0.5512, -0.167 0.0742 -0.5512, -0.3073 0.0853 -0.5512, -0.1885 0.0598 -0.5512, -0.7874 0.4086 -0.5512, -0.7914 0.4392 -0.5512, -0.3337 0.0853 -0.5512, -0.8032 0.4677 -0.5512, -0.8749 0.5227 -0.5512, -0.9055 0.5267 -0.5512, -1.248 0.5267 -0.5512, -0.1887 0.0596 -0.5512, -0.2026 0.0442 -0.5512, -0.2117 0.0273 -0.5512, -0.217 0.0079 -0.5512, -0.2185 -0.0107 -0.5512, -0.2157 -0.037 -0.5512, 0.0576 -0.0227 -0.5512, 0.0576 -0.0899 -0.5512, -0.0216 -0.0899 -0.5512, -0.06 -0.1116 -0.5512, -0.1135 -0.1116 -0.5512, -0.1379 -0.1094 -0.5512, -0.7874 -0.1032 -0.5512, -0.4105 -0.1116 -0.5512, -0.7887 -0.1128 -0.5512, -0.8749 -0.2173 -0.5512, -0.8465 -0.2055 -0.5512, -0.9055 -0.2213 -0.5512, -1.248 -1.1268 -0.5512, -1.248 -0.2213 -0.5512, -0.822 -0.1867 -0.5512, -0.8032 -0.1623 -0.5512, -0.7914 -0.1338 -0.5512, -1.7598 0.9795 -0.0394, -1.7598 0.5267 -0.0394, -1.7598 0.9795 0.1811, -1.7598 0.5267 0.1122, -1.7598 0.525 0.1275, -1.7598 0.5199 0.1421, -1.7598 0.5117 0.1552, -1.7598 0.5008 0.1661, -1.7598 0.4877 0.1743, -1.7598 0.4732 0.1794, -1.7598 0.4578 0.1811, -1.6417 0.9795 -0.0394, -1.6417 0.5267 -0.0394, -1.6319 0.9795 -0.127, -1.6319 0.5267 -0.127, -1.6027 0.9795 -0.2102, -1.6027 0.5267 -0.2102, -1.5558 0.9795 -0.2848, -1.5558 0.5267 -0.2848, -1.4935 0.9795 -0.3472, -1.4935 0.5267 -0.3472, -1.4189 0.9795 -0.3941, -1.4189 0.5267 -0.3941, -1.3356 0.9795 -0.4232, -1.3356 0.5267 -0.4232, -1.248 0.9795 -0.4331, -1.248 0.5267 -0.4331, -1.6417 0.4877 0.1743, -1.6417 0.9795 0.1811, -1.6417 0.4732 0.1794, -1.6417 0.4578 0.1811, -1.6417 0.5008 0.1661, -1.6417 0.5117 0.1552, -1.6417 0.5199 0.1421, -1.6417 0.5267 0.1122, -1.6417 0.525 0.1275, -1.3619 0.5267 -0.5383, -1.3619 0.9795 -0.5383, -1.4701 0.5267 -0.5005, -1.4701 0.9795 -0.5005, -1.5671 0.5267 -0.4395, -1.5671 0.9795 -0.4395, -1.6482 0.5267 -0.3585, -1.6482 0.9795 -0.3585, -1.7092 0.5267 -0.2614, -1.7092 0.9795 -0.2614, -1.747 0.5267 -0.1533, -1.747 0.9795 -0.1533, 1.7598 0.4578 0.1811, 1.7598 0.4757 0.1788, 1.7598 0.9795 0.1811, 1.7598 0.4923 0.1719, 1.7598 0.5065 0.1609, 1.7598 0.5267 -0.0394, 1.7598 0.9795 -0.0394, 1.7598 0.5267 0.1122, 1.7598 0.5175 0.1467, 1.7598 0.5244 0.13, 1.6417 0.5175 0.1467, 1.6417 0.5065 0.1609, 1.6417 0.9795 0.1811, 1.6417 0.5244 0.13, 1.6417 0.4923 0.1719, 1.6417 0.4757 0.1788, 1.6417 0.4578 0.1811, 1.6417 0.9795 -0.0394, 1.6417 0.5267 -0.0394, 1.6417 0.5267 0.1122, 1.248 0.9795 -0.4331, 1.248 0.5267 -0.4331, 1.3356 0.9795 -0.4232, 1.3356 0.5267 -0.4232, 1.4189 0.9795 -0.3941, 1.4189 0.5267 -0.3941, 1.4935 0.9795 -0.3472, 1.4935 0.5267 -0.3472, 1.5558 0.9795 -0.2848, 1.5558 0.5267 -0.2848, 1.6027 0.9795 -0.2102, 1.6027 0.5267 -0.2102, 1.6319 0.9795 -0.127, 1.6319 0.5267 -0.127, 1.747 0.5267 -0.1533, 1.747 0.9795 -0.1533, 1.7092 0.5267 -0.2614, 1.7092 0.9795 -0.2614, 1.6482 0.5267 -0.3585, 1.6482 0.9795 -0.3585, 1.5671 0.5267 -0.4395, 1.5671 0.9795 -0.4395, 1.4701 0.5267 -0.5005, 1.4701 0.9795 -0.5005, 1.3619 0.5267 -0.5383, 1.3619 0.9795 -0.5383, 1.3356 0.9795 0.5649, 1.3619 0.9795 0.6801, 1.4189 0.9795 0.5358, 1.4701 0.9795 0.6422, 1.4935 0.9795 0.4889, 1.5671 0.9795 0.5813, 1.5558 0.9795 0.4266, 1.6482 0.9795 0.5002, 1.6027 0.9795 0.3519, 1.7092 0.9795 0.4032, 1.6319 0.9795 0.2687, 1.747 0.9795 0.295, -1.6319 0.9795 0.2687, -1.747 0.9795 0.295, -1.6027 0.9795 0.3519, -1.7092 0.9795 0.4032, -1.5558 0.9795 0.4266, -1.6482 0.9795 0.5002, -1.4935 0.9795 0.4889, -1.5671 0.9795 0.5813, -1.4189 0.9795 0.5358, -1.4701 0.9795 0.6422, -1.3356 0.9795 0.5649, -1.3619 0.9795 0.6801, -1.248 0.9795 0.5748, -1.248 0.9795 0.6929, 1.248 0.9795 0.5748, 1.248 0.9795 0.6929, 1.8386 -1.5796 -0.0157, 1.8386 -1.5796 0.1024, 1.7876 -1.5796 -0.009, 1.8211 -1.5796 0.1043, 1.7402 -1.5796 0.0106, 1.8044 -1.5796 0.1102, 1.6994 -1.5796 0.0419, -1.8386 -1.5796 0.1024, -1.8386 -1.5796 -0.0157, -1.8211 -1.5796 0.1043, -1.7876 -1.5796 -0.009, -1.8044 -1.5796 0.1102, -1.7402 -1.5796 0.0106, -1.7895 -1.5796 0.1195, -1.6994 -1.5796 0.0419, 1.7895 -1.5796 0.1195, 1.777 -1.5796 0.132, 1.6681 -1.5796 0.0827, 1.7676 -1.5796 0.1469, 1.6484 -1.5796 0.1302, 1.7618 -1.5796 0.1636, 1.6417 -1.5796 0.1811, 1.7598 -1.5796 0.1811, 1.6319 -1.5796 0.2687, 1.747 -1.5796 0.295, 1.6027 -1.5796 0.3519, 1.7092 -1.5796 0.4032, 1.5558 -1.5796 0.4266, 1.6482 -1.5796 0.5002, 1.4935 -1.5796 0.4889, 1.5671 -1.5796 0.5813, 1.4189 -1.5796 0.5358, 1.4701 -1.5796 0.6422, 1.3356 -1.5796 0.5649, 1.3619 -1.5796 0.6801, 1.248 -1.5796 0.5748, 1.248 -1.5796 0.6929, -1.248 -1.5796 0.5748, -1.248 -1.5796 0.6929, -1.3356 -1.5796 0.5649, -1.3619 -1.5796 0.6801, -1.4189 -1.5796 0.5358, -1.4701 -1.5796 0.6422, -1.4935 -1.5796 0.4889, -1.5671 -1.5796 0.5813, -1.5558 -1.5796 0.4266, -1.6482 -1.5796 0.5002, -1.6027 -1.5796 0.3519, -1.7092 -1.5796 0.4032, -1.6319 -1.5796 0.2687, -1.747 -1.5796 0.295, -1.6417 -1.5796 0.1811, -1.7598 -1.5796 0.1811, -1.6484 -1.5796 0.1302, -1.7618 -1.5796 0.1636, -1.6681 -1.5796 0.0827, -1.7676 -1.5796 0.1469, -1.777 -1.5796 0.132, 1.7598 -1.147 0.1609, 1.7598 -1.1361 0.1467, 1.7598 -0.1524 0.1811, 1.7598 -1.1292 0.13, 1.7598 -0.1702 0.1788, 1.7598 -1.1957 0.1811, 1.7598 -1.1779 0.1788, 1.7598 -1.1613 0.1719, 1.7598 -0.2121 0.1467, 1.7598 -0.2011 0.1609, 1.7598 -0.1869 0.1719, 1.7598 -1.1268 -0.0394, 1.7598 -0.2213 -0.0394, 1.7598 -1.1268 0.1122, 1.7598 -0.2213 0.1122, 1.7598 -0.219 0.13, -1.7598 -1.1268 -0.0394, -1.7598 -1.1268 0.1122, -1.7598 -0.1702 0.1788, -1.7598 -1.1292 0.13, -1.7598 -0.1524 0.1811, -1.7598 -1.1361 0.1467, -1.7598 -1.147 0.1609, -1.7598 -0.1869 0.1719, -1.7598 -0.2011 0.1609, -1.7598 -0.2121 0.1467, -1.7598 -1.1613 0.1719, -1.7598 -1.1779 0.1788, -1.7598 -1.1957 0.1811, -1.7598 -0.219 0.13, -1.7598 -0.2213 0.1122, -1.7598 -0.2213 -0.0394, -1.6417 -0.2213 -0.0394, -1.6417 -1.1268 -0.0394, -1.6319 -0.2213 -0.127, -1.6319 -1.1268 -0.127, -1.6027 -0.2213 -0.2102, -1.6027 -1.1268 -0.2102, -1.5558 -0.2213 -0.2848, -1.5558 -1.1268 -0.2848, -1.4935 -0.2213 -0.3472, -1.4935 -1.1268 -0.3472, -1.4189 -0.2213 -0.3941, -1.4189 -1.1268 -0.3941, -1.3356 -0.2213 -0.4232, -1.3356 -1.1268 -0.4232, -1.248 -0.2213 -0.4331, -1.248 -1.1268 -0.4331, -1.6417 -0.1702 0.1788, -1.6417 -0.1524 0.1811, -1.6417 -1.1292 0.13, -1.6417 -1.1613 0.1719, -1.6417 -1.1779 0.1788, -1.6417 -1.1957 0.1811, -1.6417 -1.147 0.1609, -1.6417 -1.1361 0.1467, -1.6417 -0.2121 0.1467, -1.6417 -0.2011 0.1609, -1.6417 -0.1869 0.1719, -1.6417 -1.1268 0.1122, -1.6417 -0.2213 0.1122, -1.6417 -0.219 0.13, 1.6417 -1.1957 0.1811, 1.6417 -0.1524 0.1811, 1.6417 -0.1702 0.1788, 1.6417 -0.1869 0.1719, 1.6417 -1.1268 -0.0394, 1.6417 -0.2011 0.1609, 1.6417 -0.2121 0.1467, 1.6417 -1.1268 0.1122, 1.6417 -1.1292 0.13, 1.6417 -1.1361 0.1467, 1.6417 -1.147 0.1609, 1.6417 -1.1613 0.1719, 1.6417 -1.1779 0.1788, 1.6417 -0.219 0.13, 1.6417 -0.2213 0.1122, 1.6417 -0.2213 -0.0394, 1.248 -0.2213 -0.4331, 1.248 -1.1268 -0.4331, 1.3356 -0.2213 -0.4232, 1.3356 -1.1268 -0.4232, 1.4189 -0.2213 -0.3941, 1.4189 -1.1268 -0.3941, 1.4935 -0.2213 -0.3472, 1.4935 -1.1268 -0.3472, 1.5558 -0.2213 -0.2848, 1.5558 -1.1268 -0.2848, 1.6027 -0.2213 -0.2102, 1.6027 -1.1268 -0.2102, 1.6319 -0.2213 -0.127, 1.6319 -1.1268 -0.127, -0.9055 -0.2213 -0.4331, 0.9055 0.5267 -0.4331, -0.7914 0.4392 -0.4331, -0.8032 0.4677 -0.4331, -0.822 0.4921 -0.4331, -0.9055 0.5267 -0.4331, -0.8749 0.5227 -0.4331, -0.8465 0.5109 -0.4331, -0.7914 -0.1338 -0.4331, -0.8032 -0.1623 -0.4331, -0.822 -0.1867 -0.4331, -0.8465 -0.2055 -0.4331, -0.8749 -0.2173 -0.4331, 0.9055 -0.2213 -0.4331, 0.8032 0.4677 -0.4331, 0.822 0.4921 -0.4331, 0.8465 0.5109 -0.4331, 0.8749 0.5227 -0.4331, 0.8032 -0.1623 -0.4331, 0.7914 -0.1338 -0.4331, 0.7874 -0.1032 -0.4331, -0.7874 -0.1032 -0.4331, 0.8749 -0.2173 -0.4331, 0.8465 -0.2055 -0.4331, 0.822 -0.1867 -0.4331, -0.7874 0.4086 -0.4331, 0.7874 0.4086 -0.4331, 0.7914 0.4392 -0.4331, -1.3619 -1.1268 -0.5383, -1.3619 -0.2213 -0.5383, -1.4701 -1.1268 -0.5005, -1.4701 -0.2213 -0.5005, -1.5671 -1.1268 -0.4395, -1.5671 -0.2213 -0.4395, -1.6482 -1.1268 -0.3585, -1.6482 -0.2213 -0.3585, -1.7092 -1.1268 -0.2614, -1.7092 -0.2213 -0.2614, -1.747 -1.1268 -0.1533, -1.747 -0.2213 -0.1533, 1.747 -1.1268 -0.1533, 1.747 -0.2213 -0.1533, 1.7092 -1.1268 -0.2614, 1.7092 -0.2213 -0.2614, 1.6482 -1.1268 -0.3585, 1.6482 -0.2213 -0.3585, 1.5671 -1.1268 -0.4395, 1.5671 -0.2213 -0.4395, 1.4701 -1.1268 -0.5005, 1.4701 -0.2213 -0.5005, 1.3619 -1.1268 -0.5383, 1.3619 -0.2213 -0.5383, 2.1535 0.074 -0.4921, 2.1535 0.2314 -0.4921, 2.2717 0.074 -0.4921, 2.2717 0.2314 -0.4921, 1.6419 0.4279 0.1743, 1.6417 0.4425 0.1794, 1.6464 -0.0888 0.1386, 1.6448 -0.0928 0.1467, 1.6456 0.3957 0.1421, 1.6436 -0.0977 0.1541, 1.6428 -0.1037 0.1609, 1.6422 -0.1104 0.1668, 1.6419 -0.118 0.1719, 1.6418 -0.126 0.1759, 1.6423 0.4149 0.1661, 1.6434 0.404 0.1552, 1.6417 -0.1434 0.1805, 1.6417 -0.1346 0.1788, 1.6484 -0.0859 0.1302, 1.6485 0.3916 0.1302, 1.6492 0.3906 0.1275, 1.6681 -0.0835 0.0827, 1.6542 -0.0835 0.1122, 1.6542 0.3889 0.1122, 1.6511 -0.0841 0.1211, 1.6485 -0.0859 0.13, 1.6681 0.3889 0.0827, 1.6994 0.3889 0.0419, 1.6994 -0.0835 0.0419, 1.7402 0.3889 0.0106, 1.7402 -0.0835 0.0106, 1.7876 0.3889 -0.009, 1.7876 -0.0835 -0.009, 1.8386 0.3889 -0.0157, 1.8386 -0.0835 -0.0157, 1.8386 0.3889 0.1024, 1.8211 0.3889 0.1043, 1.8044 0.3889 0.1102, 1.8005 0.3889 0.1122, 1.7642 0.404 0.1552, 1.7618 0.4119 0.1636, 1.7618 -0.1065 0.1636, 1.7598 -0.1434 0.1805, 1.7599 -0.1346 0.1788, 1.7601 0.4279 0.1743, 1.76 -0.126 0.1758, 1.7604 -0.118 0.1719, 1.7613 0.4149 0.1661, 1.7599 0.4425 0.1794, 1.7677 -0.0929 0.1469, 1.7678 -0.0928 0.1467, 1.777 0.3918 0.132, 1.7625 -0.1037 0.1609, 1.7646 -0.0978 0.1542, 1.7676 0.3983 0.1469, 1.7702 0.3957 0.1421, 1.7719 -0.0891 0.1393, 1.7771 -0.0866 0.1321, 1.7786 -0.0859 0.13, 1.8386 -0.0835 0.1024, 1.8211 -0.0835 0.1043, 1.8044 -0.0835 0.1102, 1.8005 -0.0835 0.1122, 1.7895 -0.0839 0.1195, 1.7895 0.3893 0.1195, 1.7809 0.3906 0.1275, 2.0748 -0.0835 -0.0157, 2.0748 0.3889 -0.0157, 2.0748 0.3889 0.1024, 2.0748 -0.0835 0.1024, 2.0952 -0.0835 -0.0184, 2.0952 0.3889 -0.0184, 2.1142 -0.0835 -0.0263, 2.1142 0.3889 -0.0263, 2.1305 -0.0835 -0.0388, 2.1305 0.3889 -0.0388, 2.143 -0.0835 -0.0551, 2.143 0.3889 -0.0551, 2.1509 -0.0835 -0.0741, 2.1509 0.3889 -0.0741, 2.1535 -0.0835 -0.0945, 2.1535 0.3889 -0.0945, 2.1258 0.3889 0.0957, 2.1732 0.3889 0.076, 2.214 0.3889 0.0447, 2.2453 0.3889 0.0039, 2.2649 0.3889 -0.0435, 2.2717 0.3889 -0.0945, 2.2717 -0.0835 -0.0945, 2.2649 -0.0835 -0.0435, 2.2453 -0.0835 0.0039, 2.214 -0.0835 0.0447, 2.1732 -0.0835 0.076, 2.1258 -0.0835 0.0957, 2.1535 0.3102 -0.471, 2.1535 0.2722 -0.4868, 2.1535 0.3428 -0.446, 2.1535 0.3678 -0.4134, 2.1535 -0.0835 -0.3346, 2.1535 0.3889 -0.3346, 2.1535 0.3836 -0.3754, 2.1535 -0.0048 -0.471, 2.1535 -0.0374 -0.446, 2.1535 -0.0624 -0.4134, 2.1535 0.0332 -0.4868, 2.1535 -0.0782 -0.3754, 2.2717 0.3889 -0.3346, 2.2717 0.0332 -0.4868, 2.2717 -0.0835 -0.3346, 2.2717 0.2722 -0.4868, 2.2717 0.3102 -0.471, 2.2717 0.3428 -0.446, 2.2717 0.3678 -0.4134, 2.2717 0.3836 -0.3754, 2.2717 -0.0782 -0.3754, 2.2717 -0.0624 -0.4134, 2.2717 -0.0048 -0.471, 2.2717 -0.0374 -0.446, 1.8386 -1.2646 -0.0157, 1.7876 -1.2646 -0.009, 1.7402 -1.2646 0.0106, 1.6994 -1.2646 0.0419, 1.6681 -1.2646 0.0827, 1.6542 -1.2646 0.1122, 1.6492 -1.2629 0.1275, 1.6417 -1.2111 0.1794, 1.6419 -1.2256 0.1743, 1.6423 -1.2387 0.1661, 1.6434 -1.2496 0.1552, 1.6456 -1.2578 0.1421, 1.6485 -1.262 0.1302, 1.8386 -1.2646 0.1024, 1.8211 -1.2646 0.1043, 1.8044 -1.2646 0.1102, 1.8005 -1.2646 0.1122, 1.7599 -1.2111 0.1794, 1.7601 -1.2256 0.1743, 1.7676 -1.2552 0.1469, 1.7642 -1.2496 0.1552, 1.7618 -1.2416 0.1636, 1.7613 -1.2387 0.1661, 1.7895 -1.2642 0.1195, 1.7809 -1.2629 0.1275, 1.777 -1.2617 0.132, 1.7702 -1.2578 0.1421, 2.0748 -1.5796 -0.0157, 2.0748 -1.2646 -0.0157, 2.0748 -1.2646 0.1024, 2.0748 -1.5796 0.1024, 2.0952 -1.5796 -0.0184, 2.0952 -1.2646 -0.0184, 2.1142 -1.5796 -0.0263, 2.1142 -1.2646 -0.0263, 2.1305 -1.5796 -0.0388, 2.1305 -1.2646 -0.0388, 2.143 -1.5796 -0.0551, 2.143 -1.2646 -0.0551, 2.1509 -1.5796 -0.0741, 2.1509 -1.2646 -0.0741, 2.1535 -1.5796 -0.0945, 2.1535 -1.2646 -0.0945, 2.1258 -1.2646 0.0957, 2.1732 -1.2646 0.076, 2.214 -1.2646 0.0447, 2.2453 -1.2646 0.0039, 2.2649 -1.2646 -0.0435, 2.2717 -1.2646 -0.0945, 2.2717 -1.5796 -0.0945, 2.2649 -1.5796 -0.0435, 2.2453 -1.5796 0.0039, 2.214 -1.5796 0.0447, 2.1732 -1.5796 0.076, 2.1258 -1.5796 0.0957, 2.1535 -1.3434 -0.471, 2.1535 -1.3813 -0.4868, 2.1535 -1.5796 -0.3346, 2.1535 -1.4221 -0.4921, 2.1535 -1.2646 -0.3346, 2.1535 -1.27 -0.3754, 2.1535 -1.2857 -0.4134, 2.1535 -1.3107 -0.446, 2.1535 -1.5008 -0.471, 2.1535 -1.5335 -0.446, 2.1535 -1.5585 -0.4134, 2.1535 -1.4629 -0.4868, 2.1535 -1.5742 -0.3754, 2.2717 -1.2646 -0.3346, 2.2717 -1.4221 -0.4921, 2.2717 -1.3813 -0.4868, 2.2717 -1.5796 -0.3346, 2.2717 -1.3434 -0.471, 2.2717 -1.3107 -0.446, 2.2717 -1.2857 -0.4134, 2.2717 -1.5585 -0.4134, 2.2717 -1.5335 -0.446, 2.2717 -1.5008 -0.471, 2.2717 -1.27 -0.3754, 2.2717 -1.5742 -0.3754, 2.2717 -1.4629 -0.4868, -2.2717 0.074 -0.4921, -2.2717 0.2314 -0.4921, -2.1535 0.074 -0.4921, -2.1535 0.2314 -0.4921, -1.7642 -0.0986 0.1552, -1.7618 -0.1065 0.1636, -1.7618 0.4119 0.1636, -1.7598 0.4488 0.1805, -1.7599 0.44 0.1788, -1.7601 -0.1225 0.1743, -1.76 0.4314 0.1758, -1.7604 0.4234 0.1719, -1.7613 -0.1095 0.1661, -1.7599 -0.1371 0.1794, -1.7677 0.3983 0.1469, -1.7678 0.3982 0.1467, -1.777 -0.0864 0.132, -1.7625 0.4091 0.1609, -1.7646 0.4032 0.1542, -1.7676 -0.0929 0.1469, -1.7702 -0.0903 0.1421, -1.7719 0.3945 0.1393, -1.7771 0.392 0.1321, -1.7786 0.3913 0.13, -1.8386 0.3889 0.1024, -1.8386 -0.0835 0.1024, -1.8211 0.3889 0.1043, -1.8211 -0.0835 0.1043, -1.8044 0.3889 0.1102, -1.8044 -0.0835 0.1102, -1.8005 0.3889 0.1122, -1.8005 -0.0835 0.1122, -1.7895 0.3893 0.1195, -1.7895 -0.0839 0.1195, -1.7809 -0.0852 0.1275, -1.8386 0.3889 -0.0157, -1.7876 0.3889 -0.009, -1.7402 0.3889 0.0106, -1.6994 0.3889 0.0419, -1.6681 0.3889 0.0827, -1.6542 0.3889 0.1122, -1.6419 -0.1225 0.1743, -1.6417 -0.1371 0.1794, -1.6464 0.3942 0.1386, -1.6448 0.3982 0.1467, -1.6456 -0.0903 0.1421, -1.6436 0.4031 0.1541, -1.6428 0.4091 0.1609, -1.6422 0.4158 0.1668, -1.6419 0.4234 0.1719, -1.6418 0.4314 0.1759, -1.6423 -0.1095 0.1661, -1.6434 -0.0986 0.1552, -1.6417 0.4488 0.1805, -1.6417 0.44 0.1788, -1.6484 0.3913 0.1302, -1.6485 -0.0862 0.1302, -1.6492 -0.0852 0.1275, -1.6542 -0.0835 0.1122, -1.6511 0.3895 0.1211, -1.6485 0.3913 0.13, -1.6681 -0.0835 0.0827, -1.6994 -0.0835 0.0419, -1.7402 -0.0835 0.0106, -1.7876 -0.0835 -0.009, -1.8386 -0.0835 -0.0157, -2.0748 -0.0835 0.1024, -2.0748 0.3889 0.1024, -2.0748 0.3889 -0.0157, -2.0748 -0.0835 -0.0157, -2.2717 0.3889 -0.0945, -2.2717 -0.0835 -0.0945, -2.2649 -0.0835 -0.0435, -2.2649 0.3889 -0.0435, -2.2453 -0.0835 0.0039, -2.2453 0.3889 0.0039, -2.214 -0.0835 0.0447, -2.214 0.3889 0.0447, -2.1732 -0.0835 0.076, -2.1732 0.3889 0.076, -2.1258 -0.0835 0.0957, -2.1258 0.3889 0.0957, -2.1535 0.3889 -0.0945, -2.1509 0.3889 -0.0741, -2.143 0.3889 -0.0551, -2.1305 0.3889 -0.0388, -2.1142 0.3889 -0.0263, -2.0952 0.3889 -0.0184, -2.0952 -0.0835 -0.0184, -2.1142 -0.0835 -0.0263, -2.1305 -0.0835 -0.0388, -2.143 -0.0835 -0.0551, -2.1509 -0.0835 -0.0741, -2.1535 -0.0835 -0.0945, -2.2717 0.3102 -0.471, -2.2717 0.2722 -0.4868, -2.2717 0.3428 -0.446, -2.2717 0.3678 -0.4134, -2.2717 -0.0835 -0.3346, -2.2717 0.3889 -0.3346, -2.2717 0.3836 -0.3754, -2.2717 -0.0048 -0.471, -2.2717 -0.0374 -0.446, -2.2717 -0.0624 -0.4134, -2.2717 0.0332 -0.4868, -2.2717 -0.0782 -0.3754, -2.1535 0.3889 -0.3346, -2.1535 0.0332 -0.4868, -2.1535 -0.0835 -0.3346, -2.1535 0.2722 -0.4868, -2.1535 0.3102 -0.471, -2.1535 0.3428 -0.446, -2.1535 0.3678 -0.4134, -2.1535 0.3836 -0.3754, -2.1535 -0.0782 -0.3754, -2.1535 -0.0624 -0.4134, -2.1535 -0.0048 -0.471, -2.1535 -0.0374 -0.446, -1.8386 -1.2646 0.1024, -1.8211 -1.2646 0.1043, -1.8044 -1.2646 0.1102, -1.8005 -1.2646 0.1122, -1.7809 -1.2629 0.1275, -1.7895 -1.2642 0.1195, -1.7702 -1.2578 0.1421, -1.777 -1.2617 0.132, -1.7642 -1.2496 0.1552, -1.7676 -1.2552 0.1469, -1.7599 -1.2111 0.1794, -1.7601 -1.2256 0.1743, -1.7613 -1.2387 0.1661, -1.7618 -1.2416 0.1636, -1.8386 -1.2646 -0.0157, -1.7876 -1.2646 -0.009, -1.7402 -1.2646 0.0106, -1.6994 -1.2646 0.0419, -1.6681 -1.2646 0.0827, -1.6542 -1.2646 0.1122, -1.6485 -1.262 0.1302, -1.6456 -1.2578 0.1421, -1.6434 -1.2496 0.1552, -1.6423 -1.2387 0.1661, -1.6419 -1.2256 0.1743, -1.6417 -1.2111 0.1794, -1.6492 -1.2629 0.1275, -2.0748 -1.5796 0.1024, -2.0748 -1.2646 0.1024, -2.0748 -1.2646 -0.0157, -2.0748 -1.5796 -0.0157, -2.2717 -1.2646 -0.0945, -2.2717 -1.5796 -0.0945, -2.2649 -1.5796 -0.0435, -2.2649 -1.2646 -0.0435, -2.2453 -1.5796 0.0039, -2.2453 -1.2646 0.0039, -2.214 -1.5796 0.0447, -2.214 -1.2646 0.0447, -2.1732 -1.5796 0.076, -2.1732 -1.2646 0.076, -2.1258 -1.5796 0.0957, -2.1258 -1.2646 0.0957, -2.1535 -1.2646 -0.0945, -2.1509 -1.2646 -0.0741, -2.143 -1.2646 -0.0551, -2.1305 -1.2646 -0.0388, -2.1142 -1.2646 -0.0263, -2.0952 -1.2646 -0.0184, -2.0952 -1.5796 -0.0184, -2.1142 -1.5796 -0.0263, -2.1305 -1.5796 -0.0388, -2.143 -1.5796 -0.0551, -2.1509 -1.5796 -0.0741, -2.1535 -1.5796 -0.0945, -2.2717 -1.3434 -0.471, -2.2717 -1.3813 -0.4868, -2.2717 -1.5796 -0.3346, -2.2717 -1.4221 -0.4921, -2.2717 -1.2646 -0.3346, -2.2717 -1.27 -0.3754, -2.2717 -1.2857 -0.4134, -2.2717 -1.3107 -0.446, -2.2717 -1.5008 -0.471, -2.2717 -1.5335 -0.446, -2.2717 -1.5585 -0.4134, -2.2717 -1.4629 -0.4868, -2.2717 -1.5742 -0.3754, -2.1535 -1.2646 -0.3346, -2.1535 -1.4221 -0.4921, -2.1535 -1.3813 -0.4868, -2.1535 -1.5796 -0.3346, -2.1535 -1.3434 -0.471, -2.1535 -1.3107 -0.446, -2.1535 -1.2857 -0.4134, -2.1535 -1.5585 -0.4134, -2.1535 -1.5335 -0.446, -2.1535 -1.5008 -0.471, -2.1535 -1.27 -0.3754, -2.1535 -1.5742 -0.3754, -2.1535 -1.4629 -0.4868
            ]
        }
        coordIndex [
            0,1,2,-1,3,4,5,-1,5,4,6,-1,7,8,9,-1,9,8,10,-1,0,2,11,-1,11,2,12,-1,11,12,13,-1,13,12,14,-1,13,14,15,-1,1,16,2,-1,2,16,17,-1,2,17,18,-1,19,20,2,-1,2,20,21,-1,22,23,24,-1,24,23,25,-1,21,26,2,-1,2,26,25,-1,2,25,27,-1,27,25,23,-1,28,29,30,-1,30,29,31,-1,32,33,34,-1,34,33,35,-1,36,37,38,-1,38,37,14,-1,38,14,39,-1,39,14,33,-1,18,40,2,-1,2,40,41,-1,2,41,19,-1,32,42,33,-1,33,42,43,-1,33,43,39,-1,39,43,44,-1,39,44,30,-1,30,44,45,-1,30,45,28,-1,7,46,8,-1,8,46,47,-1,8,47,48,-1,48,47,49,-1,48,49,50,-1,37,51,14,-1,14,51,52,-1,14,52,53,-1,49,54,50,-1,50,54,55,-1,50,55,38,-1,38,55,56,-1,38,56,36,-1,53,57,14,-1,14,57,58,-1,14,58,15,-1,8,30,10,-1,10,30,31,-1,10,31,59,-1,59,31,60,-1,59,60,61,-1,3,61,4,-1,4,61,60,-1,4,60,62,-1,62,60,63,-1,62,63,64,-1,64,65,62,-1,62,65,66,-1,62,66,67,-1,67,66,68,-1,67,68,69,-1,70,71,72,-1,72,71,73,-1,74,75,4,-1,4,75,76,-1,77,78,76,-1,76,78,14,-1,76,14,4,-1,4,14,12,-1,4,12,6,-1,79,80,81,-1,81,80,82,-1,81,82,83,-1,84,85,78,-1,86,87,88,-1,88,87,89,-1,88,89,90,-1,90,89,91,-1,92,78,90,-1,90,78,77,-1,90,77,88,-1,93,94,95,-1,95,94,96,-1,97,98,99,-1,99,98,100,-1,100,84,99,-1,99,84,78,-1,99,78,95,-1,95,78,92,-1,95,92,93,-1,85,101,78,-1,78,101,102,-1,78,102,103,-1,96,104,95,-1,95,104,105,-1,95,105,106,-1,106,107,95,-1,95,107,108,-1,95,108,81,-1,81,108,109,-1,81,109,79,-1,110,111,91,-1,91,111,112,-1,91,112,90,-1,90,112,74,-1,90,74,113,-1,113,74,4,-1,113,4,114,-1,114,4,81,-1,114,81,115,-1,115,81,83,-1,97,99,116,-1,116,99,117,-1,116,117,118,-1,118,117,72,-1,118,72,4,-1,4,72,73,-1,4,73,81,-1,119,120,62,-1,119,62,121,-1,121,62,122,-1,121,122,123,-1,120,124,62,-1,62,124,125,-1,62,125,4,-1,4,125,126,-1,4,126,118,-1,127,128,129,-1,129,128,130,-1,129,130,131,-1,131,132,129,-1,129,132,133,-1,129,133,134,-1,134,135,129,-1,129,135,136,-1,129,136,137,-1,138,139,140,-1,140,139,141,-1,140,141,142,-1,142,141,143,-1,142,143,144,-1,144,143,145,-1,144,145,146,-1,146,145,147,-1,146,147,148,-1,148,147,149,-1,148,149,150,-1,150,149,151,-1,150,151,152,-1,152,151,153,-1,154,155,156,-1,156,155,157,-1,154,158,155,-1,155,158,159,-1,155,159,160,-1,139,138,161,-1,161,138,155,-1,161,155,162,-1,162,155,160,-1,78,103,163,-1,78,163,164,-1,164,163,165,-1,164,165,166,-1,166,165,167,-1,166,167,168,-1,168,167,169,-1,168,169,170,-1,170,169,171,-1,170,171,172,-1,172,171,173,-1,172,173,174,-1,174,173,128,-1,174,128,127,-1,175,176,177,-1,177,176,178,-1,177,178,179,-1,180,181,182,-1,182,181,177,-1,179,183,177,-1,177,183,184,-1,177,184,182,-1,185,186,187,-1,185,187,188,-1,186,189,187,-1,187,189,190,-1,187,190,191,-1,192,193,187,-1,187,193,194,-1,187,194,188,-1,195,196,197,-1,197,196,198,-1,197,198,199,-1,199,198,200,-1,199,200,201,-1,201,200,202,-1,201,202,203,-1,203,202,204,-1,203,204,205,-1,205,204,206,-1,205,206,207,-1,207,206,208,-1,207,208,192,-1,192,208,193,-1,181,180,209,-1,181,209,210,-1,210,209,211,-1,210,211,212,-1,212,211,213,-1,212,213,214,-1,214,213,215,-1,214,215,216,-1,216,215,217,-1,216,217,218,-1,218,217,219,-1,218,219,220,-1,220,219,35,-1,220,35,33,-1,221,222,223,-1,223,222,224,-1,223,224,225,-1,225,224,226,-1,225,226,227,-1,227,226,228,-1,227,228,229,-1,229,228,230,-1,229,230,231,-1,231,230,232,-1,231,232,187,-1,187,232,177,-1,187,177,192,-1,192,177,181,-1,192,181,207,-1,207,181,210,-1,207,210,205,-1,205,210,212,-1,205,212,203,-1,203,212,214,-1,203,214,201,-1,201,214,216,-1,201,216,199,-1,199,216,218,-1,199,218,197,-1,197,218,220,-1,197,220,195,-1,195,220,33,-1,195,33,152,-1,152,33,78,-1,152,78,150,-1,150,78,164,-1,150,164,148,-1,148,164,166,-1,148,166,146,-1,146,166,168,-1,146,168,144,-1,144,168,170,-1,144,170,142,-1,142,170,172,-1,142,172,140,-1,140,172,174,-1,140,174,138,-1,138,174,127,-1,138,127,155,-1,155,127,129,-1,155,129,233,-1,233,129,234,-1,233,234,235,-1,235,234,236,-1,235,236,237,-1,237,236,238,-1,237,238,239,-1,239,238,240,-1,239,240,241,-1,241,240,242,-1,241,242,243,-1,243,242,244,-1,243,244,245,-1,245,244,246,-1,245,246,247,-1,247,246,248,-1,247,248,221,-1,221,248,222,-1,249,250,251,-1,251,250,252,-1,251,252,253,-1,253,252,254,-1,253,254,255,-1,256,257,258,-1,258,257,259,-1,258,259,260,-1,260,259,261,-1,260,261,262,-1,262,261,263,-1,254,264,255,-1,255,264,265,-1,255,265,266,-1,266,265,267,-1,266,267,268,-1,268,267,269,-1,268,269,270,-1,270,269,271,-1,270,271,272,-1,272,271,273,-1,272,273,274,-1,274,273,275,-1,274,275,276,-1,276,275,277,-1,276,277,278,-1,278,277,279,-1,278,279,280,-1,280,279,281,-1,280,281,282,-1,282,281,283,-1,282,283,284,-1,284,283,285,-1,284,285,286,-1,286,285,287,-1,286,287,288,-1,288,287,289,-1,288,289,290,-1,290,289,291,-1,290,291,292,-1,292,291,293,-1,292,293,294,-1,294,293,295,-1,294,295,296,-1,296,295,297,-1,296,297,298,-1,298,297,299,-1,298,299,300,-1,300,299,301,-1,300,301,302,-1,302,301,303,-1,302,303,304,-1,304,303,305,-1,304,305,263,-1,263,305,306,-1,263,306,262,-1,246,287,248,-1,248,287,285,-1,307,308,309,-1,309,308,310,-1,309,310,311,-1,312,313,309,-1,309,313,314,-1,309,314,307,-1,315,316,310,-1,310,316,317,-1,310,317,311,-1,318,319,320,-1,320,319,321,-1,320,321,310,-1,310,321,322,-1,310,322,315,-1,323,324,325,-1,325,324,326,-1,325,326,327,-1,327,326,328,-1,327,328,329,-1,325,330,323,-1,323,330,331,-1,323,331,332,-1,329,333,327,-1,327,333,334,-1,327,334,335,-1,332,336,323,-1,323,336,337,-1,323,337,338,-1,339,340,341,-1,341,340,342,-1,341,342,343,-1,343,342,344,-1,343,344,345,-1,345,344,346,-1,345,346,347,-1,347,346,348,-1,347,348,349,-1,349,348,350,-1,349,350,351,-1,351,350,352,-1,351,352,353,-1,353,352,354,-1,355,356,357,-1,358,356,359,-1,359,356,360,-1,358,361,356,-1,356,361,362,-1,356,362,357,-1,363,364,357,-1,357,364,365,-1,357,365,355,-1,340,339,366,-1,366,339,367,-1,366,367,357,-1,357,367,368,-1,357,368,363,-1,245,286,243,-1,243,286,288,-1,243,288,241,-1,241,288,290,-1,241,290,239,-1,239,290,292,-1,239,292,237,-1,237,292,294,-1,237,294,235,-1,235,294,296,-1,235,296,233,-1,233,296,298,-1,300,360,298,-1,298,360,356,-1,298,356,233,-1,233,356,157,-1,233,157,155,-1,245,247,286,-1,286,247,284,-1,369,270,272,-1,231,187,191,-1,369,272,370,-1,191,370,231,-1,231,370,272,-1,231,272,229,-1,229,272,274,-1,229,274,227,-1,227,274,276,-1,227,276,225,-1,225,276,278,-1,225,278,223,-1,223,278,280,-1,223,280,221,-1,221,280,282,-1,221,282,247,-1,247,282,284,-1,371,372,373,-1,373,372,374,-1,373,374,375,-1,373,376,371,-1,371,376,377,-1,371,377,370,-1,370,377,378,-1,370,378,379,-1,379,380,370,-1,370,380,381,-1,370,381,369,-1,375,382,373,-1,373,382,383,-1,373,383,384,-1,385,386,387,-1,387,386,388,-1,387,388,389,-1,389,388,390,-1,389,390,391,-1,391,390,392,-1,391,392,393,-1,393,392,394,-1,393,394,395,-1,395,394,396,-1,395,396,397,-1,397,396,398,-1,397,398,384,-1,384,398,373,-1,399,353,354,-1,400,196,195,-1,401,195,402,-1,402,195,403,-1,153,404,152,-1,152,404,405,-1,152,405,195,-1,195,405,406,-1,195,406,403,-1,386,407,408,-1,408,409,386,-1,386,409,410,-1,386,410,354,-1,354,410,411,-1,354,411,399,-1,386,385,412,-1,413,414,401,-1,401,414,415,-1,401,415,195,-1,195,415,416,-1,195,416,400,-1,417,418,407,-1,407,418,419,-1,407,419,420,-1,412,421,386,-1,386,421,422,-1,386,422,407,-1,407,422,423,-1,407,423,417,-1,420,419,424,-1,424,419,425,-1,424,425,401,-1,401,425,426,-1,401,426,413,-1,335,301,299,-1,129,137,234,-1,234,137,327,-1,335,299,327,-1,327,299,234,-1,234,299,297,-1,234,297,236,-1,236,297,295,-1,236,295,238,-1,238,295,293,-1,238,293,240,-1,240,293,291,-1,240,291,242,-1,242,291,289,-1,242,289,244,-1,244,289,287,-1,244,287,246,-1,123,122,427,-1,123,427,428,-1,428,427,429,-1,428,429,430,-1,430,429,431,-1,430,431,432,-1,432,431,433,-1,432,433,434,-1,434,433,435,-1,434,435,436,-1,436,435,437,-1,436,437,438,-1,438,437,323,-1,438,323,338,-1,319,318,439,-1,319,439,440,-1,440,439,441,-1,440,441,442,-1,442,441,443,-1,442,443,444,-1,444,443,445,-1,444,445,446,-1,446,445,447,-1,446,447,448,-1,448,447,449,-1,448,449,450,-1,450,449,67,-1,450,67,69,-1,248,285,283,-1,248,283,222,-1,222,283,281,-1,222,281,224,-1,224,281,279,-1,224,279,226,-1,226,279,277,-1,226,277,228,-1,228,277,275,-1,228,275,230,-1,230,275,273,-1,230,273,232,-1,271,312,273,-1,273,312,309,-1,273,309,232,-1,232,309,175,-1,232,175,177,-1,425,28,426,-1,426,28,45,-1,426,45,413,-1,413,45,44,-1,413,44,414,-1,414,44,43,-1,414,43,415,-1,415,43,42,-1,415,42,416,-1,416,42,32,-1,416,32,400,-1,400,32,34,-1,28,425,29,-1,29,425,419,-1,412,68,421,-1,421,68,66,-1,421,66,422,-1,422,66,65,-1,422,65,423,-1,423,65,64,-1,423,64,417,-1,417,64,63,-1,417,63,418,-1,418,63,60,-1,418,60,419,-1,419,60,29,-1,400,34,196,-1,196,34,35,-1,196,35,198,-1,198,35,219,-1,198,219,200,-1,200,219,217,-1,200,217,202,-1,202,217,215,-1,202,215,204,-1,204,215,213,-1,204,213,206,-1,206,213,211,-1,206,211,208,-1,208,211,209,-1,208,209,193,-1,193,209,180,-1,193,180,194,-1,194,180,182,-1,383,321,384,-1,384,321,319,-1,384,319,397,-1,397,319,440,-1,397,440,395,-1,395,440,442,-1,395,442,393,-1,393,442,444,-1,393,444,391,-1,391,444,446,-1,391,446,389,-1,389,446,448,-1,389,448,387,-1,387,448,450,-1,387,450,385,-1,385,450,69,-1,385,69,412,-1,412,69,68,-1,366,324,340,-1,340,324,323,-1,340,323,342,-1,342,323,437,-1,342,437,344,-1,344,437,435,-1,344,435,346,-1,346,435,433,-1,346,433,348,-1,348,433,431,-1,348,431,350,-1,350,431,429,-1,350,429,352,-1,352,429,427,-1,352,427,354,-1,354,427,122,-1,354,122,386,-1,386,122,67,-1,386,67,388,-1,388,67,449,-1,388,449,390,-1,390,449,447,-1,390,447,392,-1,392,447,445,-1,392,445,394,-1,394,445,443,-1,394,443,396,-1,396,443,441,-1,396,441,398,-1,398,441,439,-1,398,439,373,-1,373,439,318,-1,373,318,376,-1,376,318,320,-1,404,102,405,-1,405,102,101,-1,405,101,406,-1,406,101,85,-1,406,85,403,-1,403,85,84,-1,403,84,402,-1,402,84,100,-1,402,100,401,-1,401,100,98,-1,401,98,424,-1,424,98,97,-1,420,116,407,-1,407,116,126,-1,407,126,408,-1,408,126,125,-1,408,125,409,-1,409,125,124,-1,409,124,410,-1,410,124,120,-1,410,120,411,-1,411,120,119,-1,411,119,399,-1,399,119,121,-1,116,420,97,-1,97,420,424,-1,161,130,139,-1,139,130,128,-1,139,128,141,-1,141,128,173,-1,141,173,143,-1,143,173,171,-1,143,171,145,-1,145,171,169,-1,145,169,147,-1,147,169,167,-1,147,167,149,-1,149,167,165,-1,149,165,151,-1,151,165,163,-1,151,163,153,-1,153,163,103,-1,153,103,404,-1,404,103,102,-1,399,121,353,-1,353,121,123,-1,353,123,351,-1,351,123,428,-1,351,428,349,-1,349,428,430,-1,349,430,347,-1,347,430,432,-1,347,432,345,-1,345,432,434,-1,345,434,343,-1,343,434,436,-1,343,436,341,-1,341,436,438,-1,341,438,339,-1,339,438,338,-1,339,338,367,-1,367,338,337,-1,451,452,453,-1,453,452,454,-1,455,370,456,-1,456,370,191,-1,457,458,459,-1,459,458,460,-1,459,460,461,-1,461,462,459,-1,459,462,463,-1,459,463,464,-1,455,465,370,-1,370,465,466,-1,370,466,467,-1,467,466,459,-1,467,459,468,-1,468,459,464,-1,457,459,469,-1,469,459,470,-1,469,470,471,-1,472,473,474,-1,474,473,475,-1,474,475,471,-1,471,475,476,-1,471,476,469,-1,474,477,472,-1,472,477,478,-1,472,478,479,-1,479,478,480,-1,479,480,481,-1,481,480,482,-1,481,482,483,-1,483,482,484,-1,483,484,485,-1,486,484,487,-1,487,484,482,-1,487,482,488,-1,482,480,488,-1,488,480,478,-1,488,478,489,-1,489,478,477,-1,489,477,474,-1,490,491,492,-1,493,494,495,-1,495,494,496,-1,495,496,497,-1,492,491,497,-1,497,491,498,-1,497,498,495,-1,493,495,309,-1,309,495,499,-1,309,499,175,-1,500,501,502,-1,492,503,490,-1,490,503,504,-1,490,504,505,-1,505,504,500,-1,505,500,506,-1,506,500,502,-1,501,507,502,-1,502,507,508,-1,502,508,509,-1,510,486,511,-1,511,486,487,-1,511,487,512,-1,512,487,488,-1,512,488,513,-1,513,488,489,-1,513,489,514,-1,514,489,515,-1,514,515,509,-1,509,515,516,-1,509,516,502,-1,485,510,483,-1,483,510,511,-1,483,511,481,-1,481,511,512,-1,481,512,479,-1,479,512,513,-1,479,513,472,-1,472,513,473,-1,517,485,518,-1,518,485,484,-1,518,484,519,-1,519,484,486,-1,519,486,520,-1,520,486,510,-1,510,485,520,-1,520,485,517,-1,517,518,521,-1,521,518,522,-1,521,522,523,-1,523,522,524,-1,523,524,525,-1,525,524,526,-1,525,526,527,-1,527,526,528,-1,527,528,529,-1,529,528,530,-1,529,530,531,-1,531,530,532,-1,518,519,522,-1,522,519,533,-1,522,533,524,-1,524,533,534,-1,524,534,526,-1,526,534,535,-1,526,535,528,-1,528,535,536,-1,528,536,530,-1,530,536,537,-1,530,537,532,-1,532,537,538,-1,539,538,537,-1,539,537,540,-1,540,537,536,-1,540,536,541,-1,541,536,535,-1,541,535,542,-1,542,535,534,-1,542,534,543,-1,543,534,533,-1,543,533,544,-1,544,533,519,-1,544,519,520,-1,531,539,529,-1,529,539,540,-1,529,540,527,-1,527,540,541,-1,527,541,525,-1,525,541,542,-1,525,542,523,-1,523,542,543,-1,523,543,521,-1,521,543,544,-1,521,544,517,-1,517,544,520,-1,545,546,547,-1,547,546,452,-1,547,452,548,-1,452,451,549,-1,531,532,549,-1,549,532,550,-1,549,550,452,-1,452,550,551,-1,452,551,548,-1,552,553,554,-1,451,555,549,-1,549,555,552,-1,549,552,556,-1,556,552,554,-1,550,532,557,-1,557,532,538,-1,558,453,559,-1,559,453,557,-1,559,557,539,-1,539,557,538,-1,453,454,557,-1,557,454,560,-1,557,560,561,-1,561,562,557,-1,557,562,563,-1,557,563,564,-1,559,565,558,-1,558,565,566,-1,558,566,567,-1,567,566,568,-1,559,539,549,-1,549,539,531,-1,569,249,251,-1,569,251,570,-1,570,251,253,-1,570,253,571,-1,571,253,255,-1,571,255,572,-1,572,255,266,-1,572,266,573,-1,573,266,574,-1,574,266,268,-1,574,268,575,-1,369,576,270,-1,270,576,577,-1,270,577,578,-1,578,579,270,-1,270,579,580,-1,270,580,268,-1,268,580,581,-1,268,581,575,-1,582,569,583,-1,583,569,570,-1,583,570,584,-1,570,571,584,-1,584,571,572,-1,584,572,585,-1,585,572,573,-1,585,573,574,-1,312,271,586,-1,586,271,587,-1,269,267,588,-1,588,589,269,-1,269,589,590,-1,269,590,271,-1,271,590,591,-1,271,591,587,-1,265,264,592,-1,592,593,265,-1,265,593,594,-1,265,594,267,-1,267,594,595,-1,267,595,588,-1,250,582,252,-1,252,582,583,-1,252,583,254,-1,254,583,584,-1,254,584,264,-1,264,584,585,-1,264,585,592,-1,596,249,597,-1,597,249,569,-1,597,569,598,-1,598,569,582,-1,598,582,599,-1,599,582,250,-1,250,249,599,-1,599,249,596,-1,596,597,600,-1,600,597,601,-1,600,601,602,-1,602,601,603,-1,602,603,604,-1,604,603,605,-1,604,605,606,-1,606,605,607,-1,606,607,608,-1,608,607,609,-1,608,609,610,-1,610,609,611,-1,597,598,601,-1,601,598,612,-1,601,612,603,-1,603,612,613,-1,603,613,605,-1,605,613,614,-1,605,614,607,-1,607,614,615,-1,607,615,609,-1,609,615,616,-1,609,616,611,-1,611,616,617,-1,618,617,616,-1,618,616,619,-1,619,616,615,-1,619,615,620,-1,620,615,614,-1,620,614,621,-1,621,614,613,-1,621,613,622,-1,622,613,612,-1,622,612,623,-1,623,612,598,-1,623,598,599,-1,610,618,608,-1,608,618,619,-1,608,619,606,-1,606,619,620,-1,606,620,604,-1,604,620,621,-1,604,621,602,-1,602,621,622,-1,602,622,600,-1,600,622,623,-1,600,623,596,-1,596,623,599,-1,624,625,626,-1,626,625,627,-1,610,611,626,-1,626,611,628,-1,626,628,629,-1,629,630,626,-1,626,630,631,-1,626,631,624,-1,632,633,634,-1,627,635,626,-1,626,635,632,-1,626,632,636,-1,636,632,634,-1,628,611,637,-1,637,611,617,-1,638,639,640,-1,639,641,640,-1,640,641,642,-1,640,642,643,-1,644,645,646,-1,617,618,637,-1,637,618,640,-1,637,640,647,-1,647,640,643,-1,640,648,638,-1,638,648,644,-1,638,644,649,-1,649,644,646,-1,640,618,626,-1,626,618,610,-1,650,651,652,-1,652,651,653,-1,654,655,656,-1,657,658,659,-1,659,658,660,-1,659,660,661,-1,656,655,661,-1,661,655,662,-1,661,662,659,-1,657,659,137,-1,137,659,663,-1,137,663,327,-1,664,665,666,-1,656,667,654,-1,654,667,668,-1,654,668,669,-1,669,668,664,-1,669,664,670,-1,670,664,666,-1,665,671,666,-1,666,671,672,-1,666,672,673,-1,674,675,676,-1,676,675,677,-1,676,677,678,-1,678,677,679,-1,678,679,680,-1,680,679,681,-1,680,681,682,-1,682,681,683,-1,682,683,673,-1,673,683,684,-1,673,684,666,-1,685,674,686,-1,686,674,676,-1,686,676,687,-1,687,676,678,-1,687,678,688,-1,688,678,680,-1,688,680,689,-1,689,680,690,-1,691,157,692,-1,692,157,356,-1,693,694,695,-1,695,694,696,-1,695,696,697,-1,697,698,695,-1,695,698,699,-1,695,699,700,-1,691,701,157,-1,157,701,702,-1,157,702,703,-1,703,702,695,-1,703,695,704,-1,704,695,700,-1,693,695,705,-1,705,695,706,-1,705,706,707,-1,689,690,708,-1,708,690,709,-1,708,709,707,-1,707,709,710,-1,707,710,705,-1,708,711,689,-1,689,711,712,-1,689,712,688,-1,688,712,713,-1,688,713,687,-1,687,713,714,-1,687,714,686,-1,686,714,715,-1,686,715,685,-1,675,715,677,-1,677,715,714,-1,677,714,679,-1,714,713,679,-1,679,713,712,-1,679,712,681,-1,681,712,711,-1,681,711,708,-1,716,675,717,-1,717,675,674,-1,717,674,718,-1,718,674,685,-1,718,685,719,-1,719,685,715,-1,715,675,719,-1,719,675,716,-1,720,721,722,-1,720,722,723,-1,723,722,724,-1,723,724,725,-1,725,724,726,-1,725,726,727,-1,727,726,728,-1,727,728,729,-1,729,728,730,-1,729,730,731,-1,731,730,716,-1,731,716,717,-1,732,720,733,-1,733,720,723,-1,733,723,734,-1,734,723,725,-1,734,725,735,-1,735,725,727,-1,735,727,736,-1,736,727,729,-1,736,729,737,-1,737,729,731,-1,737,731,718,-1,718,731,717,-1,718,719,737,-1,737,719,738,-1,737,738,736,-1,736,738,739,-1,736,739,735,-1,735,739,740,-1,735,740,734,-1,734,740,741,-1,734,741,733,-1,733,741,742,-1,733,742,732,-1,732,742,743,-1,719,716,738,-1,738,716,730,-1,738,730,739,-1,739,730,728,-1,739,728,740,-1,740,728,726,-1,740,726,741,-1,741,726,724,-1,741,724,742,-1,742,724,722,-1,742,722,743,-1,743,722,721,-1,744,745,746,-1,746,745,651,-1,746,651,747,-1,651,650,748,-1,721,720,748,-1,748,720,749,-1,748,749,651,-1,651,749,750,-1,651,750,747,-1,751,752,753,-1,650,754,748,-1,748,754,751,-1,748,751,755,-1,755,751,753,-1,749,720,756,-1,756,720,732,-1,757,652,758,-1,758,652,756,-1,758,756,743,-1,743,756,732,-1,652,653,756,-1,756,653,759,-1,756,759,760,-1,760,761,756,-1,756,761,762,-1,756,762,763,-1,758,764,757,-1,757,764,765,-1,757,765,766,-1,766,765,767,-1,758,743,748,-1,748,743,721,-1,768,256,769,-1,769,256,258,-1,769,258,770,-1,770,258,260,-1,770,260,771,-1,771,260,262,-1,306,772,262,-1,262,772,773,-1,262,773,771,-1,305,774,306,-1,306,774,775,-1,306,775,772,-1,303,776,305,-1,305,776,777,-1,305,777,774,-1,301,335,778,-1,778,779,301,-1,301,779,780,-1,301,780,303,-1,303,780,781,-1,303,781,776,-1,782,768,783,-1,783,768,769,-1,783,769,784,-1,784,769,770,-1,784,770,785,-1,785,770,771,-1,785,771,786,-1,786,771,787,-1,300,302,788,-1,788,789,300,-1,300,789,790,-1,300,790,791,-1,791,792,300,-1,300,792,793,-1,300,793,360,-1,786,787,302,-1,302,787,794,-1,302,794,788,-1,302,304,786,-1,786,304,263,-1,786,263,785,-1,785,263,261,-1,785,261,784,-1,784,261,259,-1,784,259,783,-1,783,259,257,-1,783,257,782,-1,795,256,796,-1,796,256,768,-1,796,768,797,-1,797,768,782,-1,797,782,798,-1,798,782,257,-1,257,256,798,-1,798,256,795,-1,799,800,801,-1,799,801,802,-1,802,801,803,-1,802,803,804,-1,804,803,805,-1,804,805,806,-1,806,805,807,-1,806,807,808,-1,808,807,809,-1,808,809,810,-1,810,809,795,-1,810,795,796,-1,811,799,812,-1,812,799,802,-1,812,802,813,-1,813,802,804,-1,813,804,814,-1,814,804,806,-1,814,806,815,-1,815,806,808,-1,815,808,816,-1,816,808,810,-1,816,810,797,-1,797,810,796,-1,797,798,816,-1,816,798,817,-1,816,817,815,-1,815,817,818,-1,815,818,814,-1,814,818,819,-1,814,819,813,-1,813,819,820,-1,813,820,812,-1,812,820,821,-1,812,821,811,-1,811,821,822,-1,798,795,817,-1,817,795,809,-1,817,809,818,-1,818,809,807,-1,818,807,819,-1,819,807,805,-1,819,805,820,-1,820,805,803,-1,820,803,821,-1,821,803,801,-1,821,801,822,-1,822,801,800,-1,823,824,825,-1,825,824,826,-1,800,799,825,-1,825,799,827,-1,825,827,828,-1,828,829,825,-1,825,829,830,-1,825,830,823,-1,831,832,833,-1,826,834,825,-1,825,834,831,-1,825,831,835,-1,835,831,833,-1,827,799,836,-1,836,799,811,-1,837,838,839,-1,838,840,839,-1,839,840,841,-1,839,841,842,-1,843,844,845,-1,811,822,836,-1,836,822,839,-1,836,839,846,-1,846,839,842,-1,839,847,837,-1,837,847,843,-1,837,843,848,-1,848,843,845,-1,839,822,825,-1,825,822,800,-1,312,369,313,-1,313,369,381,-1,313,381,314,-1,314,381,380,-1,314,380,307,-1,307,380,379,-1,307,379,308,-1,308,379,378,-1,308,378,310,-1,310,378,377,-1,310,377,320,-1,320,377,376,-1,580,595,581,-1,581,595,594,-1,581,594,575,-1,575,594,593,-1,575,593,574,-1,574,593,592,-1,574,592,585,-1,591,590,579,-1,579,590,589,-1,579,589,580,-1,580,589,588,-1,580,588,595,-1,579,578,591,-1,591,578,577,-1,591,577,587,-1,587,577,576,-1,587,576,586,-1,586,576,369,-1,586,369,312,-1,360,335,359,-1,359,335,334,-1,359,334,358,-1,358,334,333,-1,358,333,361,-1,361,333,329,-1,361,329,362,-1,362,329,328,-1,362,328,357,-1,357,328,326,-1,357,326,366,-1,366,326,324,-1,787,771,773,-1,787,773,794,-1,773,772,794,-1,794,772,775,-1,794,775,788,-1,788,775,774,-1,788,774,789,-1,789,774,777,-1,789,777,790,-1,777,776,790,-1,790,776,781,-1,790,781,791,-1,781,780,791,-1,791,780,779,-1,791,779,792,-1,792,779,778,-1,792,778,793,-1,793,778,335,-1,793,335,360,-1,695,670,706,-1,706,670,666,-1,706,666,707,-1,707,666,684,-1,707,684,708,-1,708,684,683,-1,708,683,681,-1,662,655,702,-1,702,655,654,-1,702,654,695,-1,695,654,669,-1,695,669,670,-1,702,701,662,-1,662,701,691,-1,662,691,659,-1,659,691,692,-1,659,692,663,-1,663,692,356,-1,663,356,327,-1,367,337,368,-1,368,337,336,-1,368,336,363,-1,363,336,332,-1,363,332,364,-1,364,332,331,-1,364,331,365,-1,365,331,330,-1,365,330,355,-1,355,330,325,-1,355,325,356,-1,356,325,327,-1,473,513,514,-1,473,514,475,-1,475,514,509,-1,475,509,476,-1,509,508,476,-1,476,508,507,-1,476,507,469,-1,469,507,501,-1,469,501,457,-1,457,501,458,-1,501,500,458,-1,458,500,504,-1,458,504,460,-1,460,504,503,-1,460,503,461,-1,461,503,492,-1,461,492,462,-1,462,492,497,-1,309,370,493,-1,493,370,467,-1,493,467,494,-1,494,467,468,-1,494,468,496,-1,496,468,464,-1,496,464,497,-1,497,464,463,-1,497,463,462,-1,321,383,322,-1,322,383,382,-1,322,382,315,-1,315,382,375,-1,315,375,316,-1,316,375,374,-1,316,374,317,-1,317,374,372,-1,317,372,311,-1,311,372,371,-1,311,371,309,-1,309,371,370,-1,459,506,470,-1,470,506,502,-1,470,502,471,-1,471,502,516,-1,471,516,474,-1,474,516,515,-1,474,515,489,-1,498,491,466,-1,466,491,490,-1,466,490,459,-1,459,490,505,-1,459,505,506,-1,466,465,498,-1,498,465,455,-1,498,455,495,-1,495,455,456,-1,495,456,499,-1,499,456,191,-1,499,191,175,-1,194,182,188,-1,188,182,184,-1,188,184,185,-1,185,184,183,-1,185,183,186,-1,186,183,179,-1,186,179,189,-1,189,179,178,-1,189,178,190,-1,190,178,176,-1,190,176,191,-1,191,176,175,-1,690,680,682,-1,690,682,709,-1,709,682,673,-1,709,673,710,-1,673,672,710,-1,710,672,671,-1,710,671,705,-1,705,671,665,-1,705,665,693,-1,693,665,694,-1,665,664,694,-1,694,664,668,-1,694,668,696,-1,696,668,667,-1,696,667,697,-1,697,667,656,-1,697,656,698,-1,698,656,661,-1,137,157,657,-1,657,157,703,-1,657,703,658,-1,658,703,704,-1,658,704,660,-1,660,704,700,-1,660,700,661,-1,661,700,699,-1,661,699,698,-1,130,161,131,-1,131,161,162,-1,131,162,132,-1,132,162,160,-1,132,160,133,-1,133,160,159,-1,133,159,134,-1,134,159,158,-1,134,158,135,-1,135,158,154,-1,135,154,136,-1,136,154,156,-1,136,156,137,-1,137,156,157,-1,758,748,755,-1,758,755,764,-1,764,755,753,-1,764,753,765,-1,765,753,752,-1,765,752,767,-1,767,752,751,-1,767,751,766,-1,766,751,754,-1,766,754,757,-1,757,754,650,-1,757,650,652,-1,749,756,763,-1,749,763,750,-1,750,763,762,-1,750,762,747,-1,747,762,761,-1,747,761,746,-1,746,761,760,-1,746,760,744,-1,744,760,759,-1,744,759,745,-1,745,759,653,-1,745,653,651,-1,559,549,556,-1,559,556,565,-1,565,556,554,-1,565,554,566,-1,566,554,553,-1,566,553,568,-1,568,553,552,-1,568,552,567,-1,567,552,555,-1,567,555,558,-1,558,555,451,-1,558,451,453,-1,550,557,564,-1,550,564,551,-1,551,564,563,-1,551,563,548,-1,548,563,562,-1,548,562,547,-1,547,562,561,-1,547,561,545,-1,545,561,560,-1,545,560,546,-1,546,560,454,-1,546,454,452,-1,640,626,636,-1,640,636,648,-1,648,636,634,-1,648,634,644,-1,644,634,633,-1,644,633,645,-1,645,633,632,-1,645,632,646,-1,646,632,635,-1,646,635,649,-1,649,635,627,-1,649,627,638,-1,628,637,647,-1,628,647,629,-1,629,647,643,-1,629,643,630,-1,630,643,642,-1,630,642,631,-1,631,642,641,-1,631,641,624,-1,624,641,639,-1,624,639,625,-1,625,639,638,-1,625,638,627,-1,839,825,835,-1,839,835,847,-1,847,835,833,-1,847,833,843,-1,843,833,832,-1,843,832,844,-1,844,832,831,-1,844,831,845,-1,845,831,834,-1,845,834,848,-1,848,834,826,-1,848,826,837,-1,827,836,846,-1,827,846,828,-1,828,846,842,-1,828,842,829,-1,829,842,841,-1,829,841,830,-1,830,841,840,-1,830,840,823,-1,823,840,838,-1,823,838,824,-1,824,838,837,-1,824,837,826,-1,
        ]
    }
}
Shape{
    appearance Appearance {
        material  Material 	{
            diffuseColor 0.2235294117647059 0.2235294117647059 0.2235294117647059
            specularColor 0.11372549019607843 0.11372549019607843 0.11372549019607843
            ambientIntensity 0.2235
            transparency 0.0
            shininess 0.5
        }
    }
    geometry IndexedFaceSet {
        ccw TRUE
        solid FALSE
        coord DEF co Coordinate {
            point [
                -0.3337 0.0853 -0.5472, -0.4105 -0.1116 -0.5472, -0.3337 0.0853 -0.5512, -0.4105 -0.1116 -0.5512, -0.3817 -0.1116 -0.5472, -0.3817 -0.1116 -0.5512, -0.3618 -0.0563 -0.5472, -0.3618 -0.0563 -0.5512, -0.2805 -0.0563 -0.5472, -0.2805 -0.0563 -0.5512, -0.2617 -0.1116 -0.5472, -0.2617 -0.1116 -0.5512, -0.2329 -0.1116 -0.5472, -0.2329 -0.1116 -0.5512, -0.3073 0.0853 -0.5472, -0.3073 0.0853 -0.5512, -0.2871 -0.0347 -0.5472, -0.3529 -0.0347 -0.5472, -0.3165 0.0475 -0.5472, -0.3184 0.0543 -0.5472, -0.3196 0.0613 -0.5472, -0.3203 0.0613 -0.5472, -0.3215 0.0543 -0.5472, -0.3233 0.0475 -0.5472, -0.2871 -0.0347 -0.5512, -0.3529 -0.0347 -0.5512, -0.3165 0.0475 -0.5512, -0.3184 0.0543 -0.5512, -0.3196 0.0613 -0.5512, -0.3203 0.0613 -0.5512, -0.3215 0.0543 -0.5512, -0.3233 0.0475 -0.5512, -0.1135 -0.1116 -0.5472, -0.06 -0.1116 -0.5472, -0.1135 -0.1116 -0.5512, -0.06 -0.1116 -0.5512, -0.06 0.0853 -0.5472, -0.06 0.0853 -0.5512, -0.1156 0.0853 -0.5472, -0.1156 0.0853 -0.5512, -0.2185 -0.0107 -0.5472, -0.2185 -0.0107 -0.5512, -0.217 0.0079 -0.5512, -0.217 0.0079 -0.5472, -0.2117 0.0273 -0.5512, -0.2117 0.0273 -0.5472, -0.2026 0.0442 -0.5512, -0.2026 0.0442 -0.5472, -0.1887 0.0596 -0.5512, -0.1887 0.0596 -0.5472, -0.1885 0.0598 -0.5512, -0.1885 0.0598 -0.5472, -0.167 0.0742 -0.5512, -0.167 0.0742 -0.5472, -0.144 0.0823 -0.5512, -0.144 0.0823 -0.5472, -0.1379 -0.1094 -0.5512, -0.1379 -0.1094 -0.5472, -0.1606 -0.1027 -0.5512, -0.1606 -0.1027 -0.5472, -0.1811 -0.0907 -0.5512, -0.1811 -0.0907 -0.5472, -0.1973 -0.0752 -0.5512, -0.1973 -0.0752 -0.5472, -0.2086 -0.0576 -0.5512, -0.2086 -0.0576 -0.5472, -0.2157 -0.037 -0.5512, -0.2157 -0.037 -0.5472, -0.1789 0.0361 -0.5472, -0.1694 0.0462 -0.5472, -0.155 0.0555 -0.5472, -0.1388 0.0612 -0.5472, -0.1155 0.0637 -0.5472, -0.0864 0.0637 -0.5472, -0.0864 -0.0899 -0.5472, -0.1144 -0.0899 -0.5472, -0.1351 -0.088 -0.5472, -0.1517 -0.0828 -0.5472, -0.1651 -0.0749 -0.5472, -0.1762 -0.064 -0.5472, -0.1845 -0.0504 -0.5472, -0.1902 -0.0319 -0.5472, -0.192 -0.0112 -0.5472, -0.1904 0.0084 -0.5472, -0.1858 0.0239 -0.5472, -0.1155 0.0637 -0.5512, -0.0864 0.0637 -0.5512, -0.1388 0.0612 -0.5512, -0.155 0.0555 -0.5512, -0.1694 0.0462 -0.5512, -0.1789 0.0361 -0.5512, -0.1858 0.0239 -0.5512, -0.1904 0.0084 -0.5512, -0.192 -0.0112 -0.5512, -0.1902 -0.0319 -0.5512, -0.1845 -0.0504 -0.5512, -0.1762 -0.064 -0.5512, -0.1651 -0.0749 -0.5512, -0.1517 -0.0828 -0.5512, -0.1351 -0.088 -0.5512, -0.1144 -0.0899 -0.5512, -0.0864 -0.0899 -0.5512, -0.0216 -0.0899 -0.5472, -0.0216 -0.1116 -0.5472, -0.0216 -0.0899 -0.5512, -0.0216 -0.1116 -0.5512, 0.084 -0.1116 -0.5472, 0.084 -0.1116 -0.5512, 0.084 0.0853 -0.5472, 0.084 0.0853 -0.5512, -0.0168 0.0853 -0.5472, -0.0168 0.0853 -0.5512, -0.0168 0.0637 -0.5472, -0.0168 0.0637 -0.5512, 0.0576 0.0637 -0.5472, 0.0576 0.0637 -0.5512, 0.0576 -0.0011 -0.5472, 0.0576 -0.0011 -0.5512, -0.012 -0.0011 -0.5472, -0.012 -0.0011 -0.5512, -0.012 -0.0227 -0.5472, -0.012 -0.0227 -0.5512, 0.0576 -0.0227 -0.5472, 0.0576 -0.0227 -0.5512, 0.0576 -0.0899 -0.5472, 0.0576 -0.0899 -0.5512, 0.1224 -0.0797 -0.5472, 0.1224 -0.1014 -0.5472, 0.1224 -0.0797 -0.5512, 0.1224 -0.1014 -0.5512, 0.1434 -0.11 -0.5472, 0.1766 -0.114 -0.5472, 0.1766 -0.114 -0.5512, 0.1712 -0.1139 -0.5512, 0.1712 -0.1139 -0.5472, 0.1633 -0.1128 -0.5512, 0.1434 -0.11 -0.5512, 0.2689 -0.0168 -0.5472, 0.2689 -0.0168 -0.5512, 0.267 -0.0396 -0.5512, 0.267 -0.0396 -0.5472, 0.261 -0.0605 -0.5512, 0.261 -0.0605 -0.5472, 0.2506 -0.0792 -0.5512, 0.2506 -0.0792 -0.5472, 0.2358 -0.0948 -0.5512, 0.2358 -0.0948 -0.5472, 0.2199 -0.1049 -0.5512, 0.2199 -0.1049 -0.5472, 0.2009 -0.1114 -0.5512, 0.2009 -0.1114 -0.5472, 0.1882 -0.1128 -0.5512, 0.1688 0.0877 -0.5472, 0.1688 0.0877 -0.5512, 0.1885 0.0861 -0.5512, 0.1885 0.0861 -0.5472, 0.2105 0.0797 -0.5512, 0.2105 0.0797 -0.5472, 0.2292 0.0689 -0.5512, 0.2292 0.0689 -0.5472, 0.2469 0.0519 -0.5512, 0.2469 0.0519 -0.5472, 0.2585 0.0334 -0.5512, 0.2585 0.0334 -0.5472, 0.266 0.0111 -0.5512, 0.266 0.0111 -0.5472, 0.1224 0.0799 -0.5472, 0.1224 0.0799 -0.5512, 0.1452 0.0861 -0.5512, 0.1452 0.0861 -0.5472, 0.1224 0.0535 -0.5472, 0.1224 0.0535 -0.5512, 0.1685 0.0661 -0.5472, 0.1685 0.0661 -0.5512, 0.1446 0.063 -0.5512, 0.1446 0.063 -0.5472, 0.2425 -0.0152 -0.5472, 0.2425 -0.0152 -0.5512, 0.2415 0.0001 -0.5512, 0.2415 0.0001 -0.5472, 0.2363 0.0212 -0.5512, 0.2363 0.0212 -0.5472, 0.2282 0.0364 -0.5512, 0.2282 0.0364 -0.5472, 0.2163 0.0495 -0.5512, 0.2163 0.0495 -0.5472, 0.2026 0.0586 -0.5512, 0.2026 0.0586 -0.5472, 0.1879 0.0639 -0.5512, 0.1879 0.0639 -0.5472, 0.173 -0.0923 -0.5472, 0.173 -0.0923 -0.5512, 0.1913 -0.0903 -0.5512, 0.1913 -0.0903 -0.5472, 0.2057 -0.085 -0.5512, 0.2057 -0.085 -0.5472, 0.2177 -0.0769 -0.5512, 0.2177 -0.0769 -0.5472, 0.227 -0.0671 -0.5512, 0.227 -0.0671 -0.5472, 0.2351 -0.0535 -0.5512, 0.2351 -0.0535 -0.5472, 0.2405 -0.0365 -0.5512, 0.2405 -0.0365 -0.5472, 0.126 -0.0817 -0.5512, 0.126 -0.0817 -0.5472, 0.1468 -0.0894 -0.5512, 0.1468 -0.0894 -0.5472, 0.2857 -0.0899 -0.5472, 0.2857 -0.1116 -0.5472, 0.2857 -0.0899 -0.5512, 0.2857 -0.1116 -0.5512, 0.3865 -0.1116 -0.5472, 0.3865 -0.1116 -0.5512, 0.3865 0.0853 -0.5472, 0.3865 0.0853 -0.5512, 0.3601 0.0853 -0.5472, 0.3601 0.0853 -0.5512, 0.3601 -0.0899 -0.5472, 0.3601 -0.0899 -0.5512
            ]
        }
        coordIndex [
            0,1,2,-1,2,1,3,-1,1,4,3,-1,3,4,5,-1,4,6,5,-1,5,6,7,-1,6,8,7,-1,7,8,9,-1,8,10,9,-1,9,10,11,-1,10,12,11,-1,11,12,13,-1,12,14,13,-1,13,14,15,-1,14,0,15,-1,15,0,2,-1,16,8,17,-1,17,8,6,-1,18,14,16,-1,16,14,12,-1,16,12,8,-1,8,12,10,-1,18,19,14,-1,14,19,20,-1,14,20,0,-1,0,20,21,-1,0,21,22,-1,22,23,0,-1,0,23,17,-1,0,17,1,-1,1,17,6,-1,1,6,4,-1,16,17,24,-1,24,17,25,-1,18,16,26,-1,26,16,24,-1,18,26,27,-1,18,27,19,-1,19,27,28,-1,19,28,20,-1,21,20,29,-1,29,20,28,-1,21,29,30,-1,21,30,22,-1,22,30,31,-1,22,31,23,-1,17,23,25,-1,25,23,31,-1,32,33,34,-1,34,33,35,-1,33,36,35,-1,35,36,37,-1,36,38,37,-1,37,38,39,-1,40,41,42,-1,40,42,43,-1,43,42,44,-1,43,44,45,-1,45,44,46,-1,45,46,47,-1,47,46,48,-1,47,48,49,-1,49,48,50,-1,49,50,51,-1,51,50,52,-1,51,52,53,-1,53,52,54,-1,53,54,55,-1,55,54,39,-1,55,39,38,-1,32,34,56,-1,32,56,57,-1,57,56,58,-1,57,58,59,-1,59,58,60,-1,59,60,61,-1,61,60,62,-1,61,62,63,-1,63,62,64,-1,63,64,65,-1,65,64,66,-1,65,66,67,-1,67,66,41,-1,67,41,40,-1,45,47,68,-1,68,47,49,-1,68,49,69,-1,69,49,51,-1,69,51,70,-1,70,51,53,-1,70,53,71,-1,71,53,55,-1,71,55,72,-1,72,55,38,-1,72,38,73,-1,73,38,36,-1,73,36,74,-1,74,36,33,-1,74,33,75,-1,75,33,32,-1,75,32,76,-1,76,32,57,-1,76,57,77,-1,77,57,59,-1,77,59,78,-1,78,59,61,-1,78,61,79,-1,79,61,63,-1,79,63,80,-1,80,63,65,-1,80,65,81,-1,81,65,67,-1,81,67,82,-1,82,67,40,-1,82,40,83,-1,83,40,43,-1,83,43,84,-1,84,43,45,-1,84,45,68,-1,72,73,85,-1,85,73,86,-1,72,85,87,-1,72,87,71,-1,71,87,88,-1,71,88,70,-1,70,88,89,-1,70,89,69,-1,69,89,90,-1,69,90,68,-1,68,90,91,-1,68,91,84,-1,84,91,92,-1,84,92,83,-1,83,92,93,-1,83,93,82,-1,82,93,94,-1,82,94,81,-1,81,94,95,-1,81,95,80,-1,80,95,96,-1,80,96,79,-1,79,96,97,-1,79,97,78,-1,78,97,98,-1,78,98,77,-1,77,98,99,-1,77,99,76,-1,76,99,100,-1,76,100,75,-1,74,75,101,-1,101,75,100,-1,73,74,86,-1,86,74,101,-1,102,103,104,-1,104,103,105,-1,103,106,105,-1,105,106,107,-1,106,108,107,-1,107,108,109,-1,108,110,109,-1,109,110,111,-1,110,112,111,-1,111,112,113,-1,112,114,113,-1,113,114,115,-1,114,116,115,-1,115,116,117,-1,116,118,117,-1,117,118,119,-1,118,120,119,-1,119,120,121,-1,120,122,121,-1,121,122,123,-1,122,124,123,-1,123,124,125,-1,124,102,125,-1,125,102,104,-1,106,103,102,-1,102,124,106,-1,106,124,122,-1,106,122,108,-1,112,110,114,-1,114,110,108,-1,114,108,116,-1,116,108,122,-1,116,122,118,-1,118,122,120,-1,126,127,128,-1,128,127,129,-1,129,127,130,-1,131,132,133,-1,131,133,134,-1,134,133,135,-1,134,135,130,-1,130,135,136,-1,130,136,129,-1,137,138,139,-1,137,139,140,-1,140,139,141,-1,140,141,142,-1,142,141,143,-1,142,143,144,-1,144,143,145,-1,144,145,146,-1,146,145,147,-1,146,147,148,-1,148,147,149,-1,148,149,150,-1,150,149,131,-1,131,149,151,-1,131,151,132,-1,152,153,154,-1,152,154,155,-1,155,154,156,-1,155,156,157,-1,157,156,158,-1,157,158,159,-1,159,158,160,-1,159,160,161,-1,161,160,162,-1,161,162,163,-1,163,162,164,-1,163,164,165,-1,165,164,138,-1,165,138,137,-1,166,167,168,-1,166,168,169,-1,169,168,153,-1,169,153,152,-1,166,170,167,-1,167,170,171,-1,172,173,174,-1,172,174,175,-1,175,174,171,-1,175,171,170,-1,176,177,178,-1,176,178,179,-1,179,178,180,-1,179,180,181,-1,181,180,182,-1,181,182,183,-1,183,182,184,-1,183,184,185,-1,185,184,186,-1,185,186,187,-1,187,186,188,-1,187,188,189,-1,189,188,173,-1,189,173,172,-1,190,191,192,-1,190,192,193,-1,193,192,194,-1,193,194,195,-1,195,194,196,-1,195,196,197,-1,197,196,198,-1,197,198,199,-1,199,198,200,-1,199,200,201,-1,201,200,202,-1,201,202,203,-1,203,202,177,-1,203,177,176,-1,126,128,204,-1,126,204,205,-1,205,204,206,-1,205,206,207,-1,207,206,191,-1,207,191,190,-1,193,131,190,-1,190,131,134,-1,190,134,207,-1,207,134,130,-1,207,130,205,-1,205,130,127,-1,205,127,126,-1,170,166,175,-1,175,166,169,-1,175,169,172,-1,172,169,152,-1,172,152,189,-1,189,152,155,-1,189,155,187,-1,187,155,157,-1,187,157,185,-1,185,157,159,-1,185,159,183,-1,183,159,161,-1,183,161,181,-1,181,161,163,-1,181,163,179,-1,179,163,165,-1,179,165,176,-1,176,165,137,-1,176,137,203,-1,203,137,140,-1,203,140,201,-1,201,140,142,-1,201,142,199,-1,199,142,144,-1,199,144,197,-1,197,144,146,-1,197,146,195,-1,195,146,148,-1,195,148,193,-1,193,148,150,-1,193,150,131,-1,208,209,210,-1,210,209,211,-1,209,212,211,-1,211,212,213,-1,212,214,213,-1,213,214,215,-1,214,216,215,-1,215,216,217,-1,216,218,217,-1,217,218,219,-1,218,208,219,-1,219,208,210,-1,216,214,218,-1,218,214,212,-1,218,212,208,-1,208,212,209,-1,
        ]
    }
}
Shape{
    appearance Appearance {
        material  Material 	{
            diffuseColor 0.6470588235294118 0.6196078431372549 0.5882352941176471
            specularColor 0.45098039215686275 0.43529411764705883 0.4117647058823529
            ambientIntensity 0.6242
            transparency 0.0
            shininess 0.5
        }
    }
    geometry IndexedFaceSet {
        ccw TRUE
        solid FALSE
        coord DEF co Coordinate {
            point [
                -0.2871 -0.0347 -0.5512, -0.3529 -0.0347 -0.5512, -0.3165 0.0475 -0.5512, -0.3233 0.0475 -0.5512, -0.3184 0.0543 -0.5512, -0.3215 0.0543 -0.5512, -0.3196 0.0613 -0.5512, -0.3203 0.0613 -0.5512, -0.0864 0.0637 -0.5512, -0.0864 -0.0899 -0.5512, -0.1155 0.0637 -0.5512, -0.1144 -0.0899 -0.5512, -0.1351 -0.088 -0.5512, -0.192 -0.0112 -0.5512, -0.1904 0.0084 -0.5512, -0.1858 0.0239 -0.5512, -0.1388 0.0612 -0.5512, -0.1517 -0.0828 -0.5512, -0.1651 -0.0749 -0.5512, -0.1762 -0.064 -0.5512, -0.1845 -0.0504 -0.5512, -0.1902 -0.0319 -0.5512, -0.1789 0.0361 -0.5512, -0.1694 0.0462 -0.5512, -0.155 0.0555 -0.5512
            ]
        }
        coordIndex [
            0,1,2,-1,2,1,3,-1,2,3,4,-1,4,3,5,-1,4,5,6,-1,6,5,7,-1,8,9,10,-1,10,9,11,-1,10,11,12,-1,13,14,10,-1,10,14,15,-1,10,15,16,-1,12,17,10,-1,10,17,18,-1,10,18,19,-1,19,20,10,-1,10,20,21,-1,10,21,13,-1,22,23,15,-1,15,23,24,-1,15,24,16,-1,
        ]
    }
}
Shape{
    appearance Appearance {
        material  Material 	{
            diffuseColor 0.17647058823529413 0.17647058823529413 0.17647058823529413
            specularColor 0.011764705882352941 0.011764705882352941 0.011764705882352941
            ambientIntensity 0.251
            transparency 0.0
            shininess 0.5
        }
    }
    geometry IndexedFaceSet {
        ccw TRUE
        solid FALSE
        coord DEF co Coordinate {
            point [
                -1.6417 -1.5678 0.1811, -1.4951 -1.5678 0.4873, -1.6319 -1.5678 0.2687, -1.5558 -1.5678 0.4266, -1.6027 -1.5678 0.3519, -1.4951 -1.5678 -0.2835, -1.3484 -1.5678 -0.0157, -1.3484 -1.5678 0.0236, -1.2697 -1.5678 0.0236, -1.2598 -1.5678 0.5735, -1.3356 -1.5678 0.5649, -1.2697 -1.5678 -0.0157, -1.2598 -1.5678 -0.2835, -1.4189 -1.5678 0.5358, -1.4935 -1.5678 0.4889, -1.6417 -1.5678 -0.2835, -1.25 -1.5678 0.0236, -1.248 -1.5678 0.5748, -1.1713 -1.5678 0.0236, -1.1024 -1.5678 0.5748, -1.1024 -1.5678 -0.2835, -1.1713 -1.5678 -0.0157, -1.25 -1.5678 -0.0157, 1.1713 -1.5678 0.0236, 1.1024 -1.5678 0.5748, 1.1024 -1.5678 -0.2835, 1.248 -1.5678 0.5748, 1.25 -1.5678 0.0236, 1.2598 -1.5678 0.5735, 1.2598 -1.5678 -0.2835, 1.25 -1.5678 -0.0157, 1.1713 -1.5678 -0.0157, 1.2697 -1.5678 -0.0157, 1.2697 -1.5678 0.0236, 1.3484 -1.5678 0.0236, 1.6319 -1.5678 0.2687, 1.6027 -1.5678 0.3519, 1.3484 -1.5678 -0.0157, 1.6417 -1.5678 -0.2835, 1.6417 -1.5678 0.1811, 1.5558 -1.5678 0.4266, 1.4935 -1.5678 0.4889, 1.4189 -1.5678 0.5358, 1.3356 -1.5678 0.5649, 1.2598 -1.5678 -0.5512, 1.2795 -1.5678 -0.5512, 1.2795 -1.5678 -0.4331, 1.628 -1.5678 -0.3819, 1.5659 -1.5678 -0.4296, 1.6118 -1.5678 -0.4031, 1.5906 -1.5678 -0.4194, -1.2795 -1.5678 -0.4331, -1.4951 -1.5678 -0.4331, -1.5394 -1.5678 -0.4331, -1.5659 -1.5678 -0.4296, -1.6417 -1.5678 -0.3307, -1.6382 -1.5678 -0.3572, -1.628 -1.5678 -0.3819, -1.6118 -1.5678 -0.4031, -1.5906 -1.5678 -0.4194, -0.9547 -1.5678 0.0236, -0.9449 -1.5678 0.5748, -1.0335 -1.5678 0.0236, -0.9449 -1.5678 -0.2835, -0.9547 -1.5678 -0.0157, -1.0335 -1.5678 -0.0157, -0.8563 -1.5678 0.0236, -0.7923 -1.5678 0.5748, -0.935 -1.5678 0.0236, -0.7923 -1.5678 -0.2835, -0.8563 -1.5678 -0.0157, -0.935 -1.5678 -0.0157, -0.6496 -1.5678 0.0236, -0.5906 -1.5678 0.5748, -0.7283 -1.5678 0.0236, -0.5906 -1.5678 -0.2835, -0.6496 -1.5678 -0.0157, -0.7283 -1.5678 -0.0157, -0.5315 -1.5678 -0.0157, -0.5315 -1.5678 0.0236, -0.4528 -1.5678 -0.0157, -0.3937 -1.5678 -0.2835, -0.4528 -1.5678 0.0236, -0.3937 -1.5678 0.5748, -0.2559 -1.5678 -0.0157, -0.3346 -1.5678 -0.0157, -0.3346 -1.5678 0.0236, -0.2559 -1.5678 0.0236, -0.1378 -1.5678 0.0236, -0.0591 -1.5678 0.0236, 0.0 -1.5678 0.5748, 0.0 -1.5678 -0.2835, -0.0591 -1.5678 -0.0157, -0.1378 -1.5678 -0.0157, 0.1378 -1.5678 0.0236, 0.1969 -1.5678 0.5748, 0.0591 -1.5678 0.0236, 0.1969 -1.5678 -0.2835, 0.1378 -1.5678 -0.0157, 0.0591 -1.5678 -0.0157, 0.3346 -1.5678 0.0236, 0.3937 -1.5678 0.5748, 0.2559 -1.5678 0.0236, 0.3937 -1.5678 -0.2835, 0.3346 -1.5678 -0.0157, 0.2559 -1.5678 -0.0157, 0.5315 -1.5678 0.0236, 0.5906 -1.5678 0.5748, 0.4528 -1.5678 0.0236, 0.5906 -1.5678 -0.2835, 0.5315 -1.5678 -0.0157, 0.4528 -1.5678 -0.0157, 0.7283 -1.5678 0.0236, 0.7923 -1.5678 0.5748, 0.6496 -1.5678 0.0236, 0.7923 -1.5678 -0.2835, 0.7283 -1.5678 -0.0157, 0.6496 -1.5678 -0.0157, 0.935 -1.5678 0.0236, 0.9449 -1.5678 0.5748, 0.8563 -1.5678 0.0236, 0.9449 -1.5678 -0.2835, 0.935 -1.5678 -0.0157, 0.8563 -1.5678 -0.0157, 0.9547 -1.5678 -0.0157, 0.9547 -1.5678 0.0236, 1.0335 -1.5678 -0.0157, 1.0335 -1.5678 0.0236, 1.6382 -1.5678 -0.3572, 1.6417 -1.5678 -0.3307, 1.5394 -1.5678 -0.4331, 1.1024 -1.5678 -0.5512, 0.9449 -1.5678 -0.5512, 0.7923 -1.5678 -0.5512, 0.5906 -1.5678 -0.5512, 0.3937 -1.5678 -0.5512, 0.1969 -1.5678 -0.5512, 0.0 -1.5678 -0.5512, -0.3937 -1.5678 -0.5512, -0.5906 -1.5678 -0.5512, -0.7923 -1.5678 -0.5512, -0.9449 -1.5678 -0.5512, -1.1024 -1.5678 -0.5512, -1.2598 -1.5678 -0.5512, -1.2795 -1.5678 -0.5512, -1.248 -1.1268 -0.4331, -1.248 -0.8709 -0.4331, 1.248 -0.8709 -0.4331, -1.2795 -1.3316 -0.4331, 1.5394 -1.1268 -0.4331, 1.2795 -1.3316 -0.4331, 1.248 -1.1268 -0.4331, -1.5394 -1.1268 -0.4331, 1.0276 -0.8709 0.311, 1.0276 -0.8709 0.3071, 0.9409 -0.8709 0.3071, -1.0276 -0.8709 -0.1693, -1.1378 -0.8709 -0.1693, -1.3356 -0.8709 -0.4232, -1.4189 -0.8709 -0.3941, -1.1378 -0.8709 0.311, -1.1378 -0.8709 0.3071, -1.4189 -0.8709 0.5358, -1.2579 -0.8709 0.3071, -0.8307 -0.8709 -0.1693, -0.8307 -0.8709 -0.1654, -0.7441 -0.8709 -0.1654, -0.7441 -0.8709 -0.1693, -0.6339 -0.8709 -0.1693, -1.2874 -0.8709 -0.1574, -1.2996 -0.8709 -0.1481, -1.4935 -0.8709 -0.3472, -1.309 -0.8709 -0.1358, -1.5558 -0.8709 -0.2848, -1.3149 -0.8709 -0.1216, -1.6027 -0.8709 -0.2102, -1.3169 -0.8709 -0.1063, -0.9409 -0.8709 -0.1693, -0.9409 -0.8709 -0.1654, -1.0276 -0.8709 -0.1654, -1.2732 -0.8709 0.3051, -1.2874 -0.8709 0.2992, -1.4935 -0.8709 0.4889, -1.2996 -0.8709 0.2898, -1.5558 -0.8709 0.4266, -1.309 -0.8709 0.2776, -1.6027 -0.8709 0.3519, -1.3149 -0.8709 0.2633, -1.6319 -0.8709 0.2687, -1.3169 -0.8709 0.248, -1.1378 -0.8709 -0.1654, -1.2579 -0.8709 -0.1654, -1.2732 -0.8709 -0.1633, -0.437 -0.8709 -0.1693, -0.437 -0.8709 -0.1654, -0.3504 -0.8709 -0.1654, -1.6319 -0.8709 -0.127, -1.6417 -0.8709 -0.0394, -1.6417 -0.8709 0.1811, -0.3504 -0.8709 -0.1693, -0.2402 -0.8709 -0.1693, -0.5472 -0.8709 -0.1693, -0.5472 -0.8709 -0.1654, -0.6339 -0.8709 -0.1654, -0.0433 -0.8709 -0.1693, -0.0433 -0.8709 -0.1654, 0.0433 -0.8709 -0.1654, 0.0433 -0.8709 -0.1693, 0.1535 -0.8709 -0.1693, -0.1535 -0.8709 -0.1693, -0.1535 -0.8709 -0.1654, -0.2402 -0.8709 -0.1654, 0.3504 -0.8709 -0.1693, 0.3504 -0.8709 -0.1654, 0.437 -0.8709 -0.1654, 0.437 -0.8709 -0.1693, 0.5472 -0.8709 -0.1693, 0.2402 -0.8709 -0.1693, 0.2402 -0.8709 -0.1654, 0.1535 -0.8709 -0.1654, 0.7441 -0.8709 -0.1693, 0.7441 -0.8709 -0.1654, 0.8307 -0.8709 -0.1654, 0.8307 -0.8709 -0.1693, 0.6339 -0.8709 -0.1693, 0.6339 -0.8709 -0.1654, 0.5472 -0.8709 -0.1654, 0.9409 -0.8709 -0.1654, 1.0276 -0.8709 -0.1654, 0.9409 -0.8709 -0.1693, 1.0276 -0.8709 -0.1693, 1.1378 -0.8709 0.3071, 1.1378 -0.8709 0.311, 1.2579 -0.8709 0.3071, 1.4189 -0.8709 0.5358, 1.2732 -0.8709 0.3051, 1.3356 -0.8709 -0.4232, 1.1378 -0.8709 -0.1693, 1.4189 -0.8709 -0.3941, 1.1378 -0.8709 -0.1654, 1.2579 -0.8709 -0.1654, 1.6319 -0.8709 0.2687, 1.3169 -0.8709 0.248, 1.6027 -0.8709 0.3519, 1.3149 -0.8709 0.2633, 1.5558 -0.8709 0.4266, 1.309 -0.8709 0.2776, 1.4935 -0.8709 0.4889, 1.2996 -0.8709 0.2898, 1.2874 -0.8709 0.2992, -0.7441 -0.8709 0.311, -0.7441 -0.8709 0.3071, -0.8307 -0.8709 0.3071, 1.2732 -0.8709 -0.1633, 1.2874 -0.8709 -0.1574, 1.4935 -0.8709 -0.3472, 1.2996 -0.8709 -0.1481, 1.5558 -0.8709 -0.2848, 1.309 -0.8709 -0.1358, 1.6027 -0.8709 -0.2102, 1.3149 -0.8709 -0.1216, 1.6319 -0.8709 -0.127, 1.3169 -0.8709 -0.1063, 1.6417 -0.8709 -0.0394, 1.6417 -0.8709 0.1811, -0.9409 -0.8709 0.3071, -1.0276 -0.8709 0.3071, -0.9409 -0.8709 0.311, -1.0276 -0.8709 0.311, 1.248 -0.8709 0.5748, 0.9409 -0.8709 0.311, 0.8307 -0.8709 0.311, 1.3356 -0.8709 0.5649, 0.8307 -0.8709 0.3071, 0.7441 -0.8709 0.3071, 0.7441 -0.8709 0.311, 0.6339 -0.8709 0.311, 0.6339 -0.8709 0.3071, 0.5472 -0.8709 0.3071, 0.5472 -0.8709 0.311, 0.437 -0.8709 0.311, 0.437 -0.8709 0.3071, 0.3504 -0.8709 0.3071, 0.3504 -0.8709 0.311, 0.2402 -0.8709 0.311, 0.2402 -0.8709 0.3071, 0.1535 -0.8709 0.3071, 0.1535 -0.8709 0.311, 0.0433 -0.8709 0.311, 0.0433 -0.8709 0.3071, -0.0433 -0.8709 0.3071, -0.0433 -0.8709 0.311, -0.1535 -0.8709 0.311, -0.1535 -0.8709 0.3071, -0.2402 -0.8709 0.3071, -0.2402 -0.8709 0.311, -0.3504 -0.8709 0.311, -0.3504 -0.8709 0.3071, -0.437 -0.8709 0.3071, -0.437 -0.8709 0.311, -0.5472 -0.8709 0.311, -0.5472 -0.8709 0.3071, -0.6339 -0.8709 0.3071, -0.6339 -0.8709 0.311, -0.8307 -0.8709 0.311, -1.3356 -0.8709 0.5649, -1.248 -0.8709 0.5748, -1.2579 0.4677 0.3071, -1.1378 0.3102 0.3071, -1.0276 0.3102 0.3071, -0.8307 0.3102 0.3071, -0.7441 0.3102 0.3071, -0.9409 0.3102 0.3071, 1.2579 0.4677 0.3071, -0.6339 0.3102 0.3071, -0.437 0.3102 0.3071, -0.3504 0.3102 0.3071, -0.2402 0.3102 0.3071, -0.5472 0.3102 0.3071, -0.0433 0.3102 0.3071, 0.0433 0.3102 0.3071, 0.1535 0.3102 0.3071, -0.1535 0.3102 0.3071, 0.3504 0.3102 0.3071, 0.437 0.3102 0.3071, 0.5472 0.3102 0.3071, 0.2402 0.3102 0.3071, 0.7441 0.3102 0.3071, 0.8307 0.3102 0.3071, 0.9409 0.3102 0.3071, 0.6339 0.3102 0.3071, 1.1378 0.3102 0.3071, 1.0276 0.3102 0.3071, 1.2579 0.4677 -0.1654, 1.1378 0.3102 -0.1654, 1.0276 0.3102 -0.1654, -1.2579 0.4677 -0.1654, 0.8307 0.3102 -0.1654, 0.7441 0.3102 -0.1654, 0.6339 0.3102 -0.1654, 0.9409 0.3102 -0.1654, 0.437 0.3102 -0.1654, 0.3504 0.3102 -0.1654, 0.2402 0.3102 -0.1654, 0.5472 0.3102 -0.1654, 0.0433 0.3102 -0.1654, -0.0433 0.3102 -0.1654, -0.1535 0.3102 -0.1654, 0.1535 0.3102 -0.1654, -0.3504 0.3102 -0.1654, -0.437 0.3102 -0.1654, -0.5472 0.3102 -0.1654, -0.2402 0.3102 -0.1654, -0.7441 0.3102 -0.1654, -0.8307 0.3102 -0.1654, -0.9409 0.3102 -0.1654, -0.6339 0.3102 -0.1654, -1.1378 0.3102 -0.1654, -1.0276 0.3102 -0.1654, 1.6417 -1.1268 -0.0394, 1.6417 -1.1268 -0.3307, -1.6417 -1.1268 -0.3307, -1.6417 -1.1268 -0.0394, -1.3356 -1.1268 -0.4232, -1.4189 -1.1268 -0.3941, -1.4935 -1.1268 -0.3472, -1.5558 -1.1268 -0.2848, -1.6027 -1.1268 -0.2102, -1.6319 -1.1268 -0.127, 1.6319 -1.1268 -0.127, 1.6027 -1.1268 -0.2102, 1.5558 -1.1268 -0.2848, 1.4935 -1.1268 -0.3472, 1.4189 -1.1268 -0.3941, 1.3356 -1.1268 -0.4232, 1.3169 0.4677 -0.1063, 1.3169 0.4677 0.248, -1.3169 0.4677 -0.1063, -1.3169 0.4677 0.248, 1.1461 0.8614 0.0055, -1.1461 0.8614 0.0055, 1.1461 0.8614 0.1363, -1.1461 0.8614 0.1363, 1.3169 0.4679 -0.1091, 1.2023 0.8206 0.0055, 1.2023 0.8206 0.1363, 1.3169 0.4679 0.2509, 1.2607 0.4679 0.307, 1.1461 0.8206 0.1924, -1.1461 0.8206 0.1924, -1.2607 0.4679 0.307, -1.2607 0.4679 -0.1653, -1.1461 0.8206 -0.0507, 1.1461 0.8206 -0.0507, 1.2607 0.4679 -0.1653, -1.3169 0.4679 0.2509, -1.2023 0.8206 0.1363, -1.2023 0.8206 0.0055, -1.3169 0.4679 -0.1091, -1.3147 0.4695 0.2633, -1.3144 0.4697 0.2651, -1.3089 0.4708 0.2775, -1.3085 0.4708 0.2784, -1.2996 0.4712 0.2898, -1.2882 0.4708 0.2987, -1.2874 0.4708 0.2991, -1.275 0.4697 0.3046, -1.2731 0.4695 0.3049, -1.2731 0.4695 -0.1631, -1.275 0.4697 -0.1628, -1.2874 0.4708 -0.1573, -1.2882 0.4708 -0.157, -1.2996 0.4712 -0.1481, -1.3085 0.4708 -0.1366, -1.3089 0.4708 -0.1358, -1.3144 0.4697 -0.1234, -1.3147 0.4695 -0.1215, -1.1518 0.822 0.1912, -1.1583 0.8237 0.1898, -1.1598 0.824 0.1894, -1.1667 0.8252 0.1861, -1.1688 0.8256 0.1851, -1.184 0.827 0.1742, -1.1809 0.8268 0.1767, -1.1727 0.8262 0.1832, -1.1855 0.8268 0.1724, -1.1916 0.8263 0.1648, -1.1931 0.8262 0.1629, -1.1988 0.8242 0.151, -1.1993 0.824 0.15, -1.1962 0.8336 0.0055, -1.1962 0.8336 0.1363, -1.1959 0.8339 0.0055, -1.1959 0.8339 0.1363, -1.1867 0.8452 0.0055, -1.1867 0.8452 0.1363, -1.1865 0.8453 0.0055, -1.1865 0.8453 0.1363, -1.1747 0.854 0.0055, -1.1747 0.854 0.1363, -1.1745 0.854 0.0055, -1.1745 0.854 0.1363, -1.1609 0.8595 0.0055, -1.1609 0.8595 0.1363, -1.1608 0.8595 0.0055, -1.1608 0.8595 0.1363, -1.1993 0.824 -0.0083, -1.1988 0.8242 -0.0093, -1.1855 0.8268 -0.0307, -1.1916 0.8263 -0.023, -1.1931 0.8262 -0.0212, -1.184 0.827 -0.0325, -1.1809 0.8268 -0.035, -1.1727 0.8262 -0.0415, -1.1688 0.8256 -0.0434, -1.1667 0.8252 -0.0444, -1.1598 0.824 -0.0477, -1.1518 0.822 -0.0494, -1.1583 0.8237 -0.048, 1.2731 0.4695 0.3049, 1.275 0.4697 0.3046, 1.2874 0.4708 0.2991, 1.2882 0.4708 0.2987, 1.2996 0.4712 0.2898, 1.3085 0.4708 0.2784, 1.3089 0.4708 0.2775, 1.3144 0.4697 0.2651, 1.3147 0.4695 0.2633, -1.1604 0.8577 0.151, -1.1738 0.8523 0.151, -1.1854 0.8438 0.151, -1.1946 0.8327 0.151, -1.1899 0.8297 0.1649, -1.1613 0.8297 0.1863, -1.1539 0.8327 0.1863, -1.1669 0.8398 0.1769, -1.1756 0.8334 0.1769, -1.1816 0.8398 0.1649, -1.1461 0.8336 0.1863, -1.1461 0.8339 0.1861, -1.1568 0.8438 0.1769, -1.1461 0.8452 0.1769, -1.1461 0.8453 0.1767, -1.159 0.8523 0.1649, -1.1461 0.854 0.1649, -1.1461 0.854 0.1647, -1.1711 0.8475 0.1649, -1.1461 0.8595 0.1509, -1.1461 0.8595 0.151, -1.1738 0.8523 -0.0093, -1.1854 0.8438 -0.0093, -1.1899 0.8297 -0.0231, -1.1946 0.8327 -0.0093, -1.1756 0.8334 -0.0351, -1.1816 0.8398 -0.0231, -1.1613 0.8297 -0.0446, -1.1669 0.8398 -0.0351, -1.1461 0.8595 -0.0092, -1.1604 0.8577 -0.0093, -1.1461 0.8595 -0.0093, -1.1461 0.854 -0.023, -1.159 0.8523 -0.0231, -1.1711 0.8475 -0.0231, -1.1461 0.854 -0.0231, -1.1461 0.8453 -0.0349, -1.1568 0.8438 -0.0351, -1.1539 0.8327 -0.0446, -1.1461 0.8336 -0.0446, -1.1461 0.8339 -0.0444, -1.1461 0.8452 -0.0351, 1.3147 0.4695 -0.1215, 1.3144 0.4697 -0.1234, 1.3089 0.4708 -0.1358, 1.3085 0.4708 -0.1366, 1.2996 0.4712 -0.1481, 1.2882 0.4708 -0.157, 1.2874 0.4708 -0.1573, 1.275 0.4697 -0.1628, 1.2731 0.4695 -0.1631, 1.1988 0.8242 0.151, 1.1931 0.8262 0.1629, 1.1993 0.824 0.15, 1.1916 0.8263 0.1648, 1.1855 0.8268 0.1724, 1.184 0.827 0.1742, 1.1809 0.8268 0.1767, 1.1727 0.8262 0.1832, 1.1688 0.8256 0.1851, 1.1667 0.8252 0.1861, 1.1598 0.824 0.1894, 1.1518 0.822 0.1912, 1.1583 0.8237 0.1898, 1.1461 0.8336 0.1863, 1.1461 0.8339 0.1861, 1.1461 0.8452 0.1769, 1.1461 0.8453 0.1767, 1.1461 0.854 0.1649, 1.1461 0.854 0.1647, 1.1461 0.8595 0.151, 1.1461 0.8595 0.1509, 1.1461 0.8336 -0.0446, 1.1461 0.8339 -0.0444, 1.1461 0.8452 -0.0351, 1.1461 0.8453 -0.0349, 1.1461 0.854 -0.0231, 1.1461 0.854 -0.023, 1.1461 0.8595 -0.0093, 1.1461 0.8595 -0.0092, 1.1518 0.822 -0.0494, 1.1583 0.8237 -0.048, 1.1598 0.824 -0.0477, 1.1667 0.8252 -0.0444, 1.1688 0.8256 -0.0434, 1.184 0.827 -0.0325, 1.1809 0.8268 -0.035, 1.1727 0.8262 -0.0415, 1.1855 0.8268 -0.0307, 1.1916 0.8263 -0.023, 1.1931 0.8262 -0.0212, 1.1988 0.8242 -0.0093, 1.1993 0.824 -0.0083, 1.1865 0.8453 0.1363, 1.1747 0.854 0.1363, 1.1738 0.8523 0.151, 1.1899 0.8297 0.1649, 1.1946 0.8327 0.151, 1.1756 0.8334 0.1769, 1.1816 0.8398 0.1649, 1.1613 0.8297 0.1863, 1.1669 0.8398 0.1769, 1.1539 0.8327 0.1863, 1.1568 0.8438 0.1769, 1.159 0.8523 0.1649, 1.1604 0.8577 0.151, 1.1854 0.8438 0.151, 1.1608 0.8595 0.1363, 1.1609 0.8595 0.1363, 1.1745 0.854 0.1363, 1.1711 0.8475 0.1649, 1.1867 0.8452 0.1363, 1.1959 0.8339 0.1363, 1.1962 0.8336 0.1363, 1.1959 0.8339 0.0055, 1.1962 0.8336 0.0055, 1.1946 0.8327 -0.0093, 1.1865 0.8453 0.0055, 1.1867 0.8452 0.0055, 1.1854 0.8438 -0.0093, 1.1745 0.854 0.0055, 1.1747 0.854 0.0055, 1.1738 0.8523 -0.0093, 1.1899 0.8297 -0.0231, 1.1613 0.8297 -0.0446, 1.1539 0.8327 -0.0446, 1.1669 0.8398 -0.0351, 1.1756 0.8334 -0.0351, 1.1816 0.8398 -0.0231, 1.1609 0.8595 0.0055, 1.1604 0.8577 -0.0093, 1.1608 0.8595 0.0055, 1.159 0.8523 -0.0231, 1.1568 0.8438 -0.0351, 1.1711 0.8475 -0.0231, 1.6382 -1.1268 -0.3572, 1.628 -1.1268 -0.3819, 1.5659 -1.1268 -0.4296, 1.5906 -1.1268 -0.4194, 1.6118 -1.1268 -0.4031, -1.6118 -1.1268 -0.4031, -1.5906 -1.1268 -0.4194, -1.5659 -1.1268 -0.4296, -1.6382 -1.1268 -0.3572, -1.628 -1.1268 -0.3819
            ]
        }
        coordIndex [
            0,1,2,-1,2,1,3,-1,2,3,4,-1,5,6,7,-1,8,9,10,-1,6,5,11,-1,11,5,12,-1,11,12,8,-1,10,13,8,-1,8,13,14,-1,8,14,7,-1,7,14,1,-1,7,1,5,-1,5,1,0,-1,5,0,15,-1,8,12,9,-1,9,12,16,-1,9,16,17,-1,17,16,18,-1,17,18,19,-1,20,21,12,-1,12,21,22,-1,12,22,16,-1,23,24,25,-1,24,23,26,-1,26,23,27,-1,26,27,28,-1,29,30,25,-1,25,30,31,-1,25,31,23,-1,29,32,33,-1,34,35,33,-1,33,35,36,-1,32,29,37,-1,37,29,38,-1,37,38,34,-1,34,38,39,-1,34,39,35,-1,36,40,33,-1,33,40,41,-1,33,41,42,-1,42,43,33,-1,33,43,28,-1,33,28,29,-1,29,28,27,-1,29,27,30,-1,44,45,46,-1,47,48,49,-1,49,48,50,-1,51,12,52,-1,52,12,5,-1,52,5,53,-1,53,5,54,-1,15,55,5,-1,5,55,56,-1,5,56,57,-1,57,58,5,-1,5,58,59,-1,5,59,54,-1,60,61,62,-1,62,61,19,-1,62,19,20,-1,20,19,18,-1,20,18,21,-1,63,64,20,-1,20,64,65,-1,20,65,62,-1,66,67,68,-1,68,67,61,-1,68,61,63,-1,63,61,60,-1,63,60,64,-1,69,70,63,-1,63,70,71,-1,63,71,68,-1,72,73,74,-1,74,73,67,-1,74,67,69,-1,69,67,66,-1,69,66,70,-1,75,76,69,-1,69,76,77,-1,69,77,74,-1,75,78,79,-1,78,75,80,-1,80,75,81,-1,80,81,82,-1,82,81,83,-1,82,83,79,-1,79,83,73,-1,79,73,75,-1,75,73,72,-1,75,72,76,-1,84,85,81,-1,81,85,86,-1,81,86,83,-1,83,86,87,-1,88,89,90,-1,91,92,93,-1,81,91,84,-1,84,91,93,-1,84,93,87,-1,87,93,88,-1,87,88,83,-1,83,88,90,-1,94,95,96,-1,96,95,90,-1,96,90,91,-1,91,90,89,-1,91,89,92,-1,97,98,91,-1,91,98,99,-1,91,99,96,-1,100,101,102,-1,102,101,95,-1,102,95,97,-1,97,95,94,-1,97,94,98,-1,103,104,97,-1,97,104,105,-1,97,105,102,-1,106,107,108,-1,108,107,101,-1,108,101,103,-1,103,101,100,-1,103,100,104,-1,109,110,103,-1,103,110,111,-1,103,111,108,-1,112,113,114,-1,114,113,107,-1,114,107,109,-1,109,107,106,-1,109,106,110,-1,115,116,109,-1,109,116,117,-1,109,117,114,-1,118,119,120,-1,120,119,113,-1,120,113,115,-1,115,113,112,-1,115,112,116,-1,121,122,115,-1,115,122,123,-1,115,123,120,-1,121,124,125,-1,124,121,126,-1,126,121,25,-1,126,25,127,-1,127,25,24,-1,127,24,125,-1,125,24,119,-1,125,119,121,-1,121,119,118,-1,121,118,122,-1,47,128,48,-1,48,128,129,-1,48,129,130,-1,130,129,38,-1,130,38,46,-1,46,38,29,-1,46,29,44,-1,44,29,25,-1,44,25,131,-1,131,25,121,-1,131,121,132,-1,132,121,115,-1,132,115,133,-1,133,115,109,-1,133,109,134,-1,134,109,103,-1,134,103,135,-1,135,103,97,-1,135,97,136,-1,136,97,91,-1,136,91,137,-1,137,91,81,-1,137,81,138,-1,138,81,75,-1,138,75,139,-1,139,75,69,-1,139,69,140,-1,140,69,63,-1,140,63,141,-1,141,63,20,-1,141,20,142,-1,142,20,12,-1,142,12,143,-1,143,12,51,-1,143,51,144,-1,145,146,147,-1,148,51,53,-1,130,46,149,-1,149,46,150,-1,149,150,151,-1,151,150,148,-1,147,151,145,-1,145,151,148,-1,145,148,152,-1,152,148,53,-1,153,154,155,-1,156,147,146,-1,156,146,157,-1,157,146,158,-1,157,158,159,-1,160,161,162,-1,162,161,163,-1,164,165,166,-1,167,168,147,-1,169,159,170,-1,170,159,171,-1,170,171,172,-1,172,171,173,-1,172,173,174,-1,174,173,175,-1,174,175,176,-1,166,167,164,-1,164,167,147,-1,164,147,177,-1,177,147,156,-1,177,156,178,-1,178,156,179,-1,163,180,162,-1,162,180,181,-1,162,181,182,-1,182,181,183,-1,182,183,184,-1,184,183,185,-1,184,185,186,-1,186,185,187,-1,186,187,188,-1,188,187,189,-1,190,157,191,-1,191,157,159,-1,191,159,192,-1,192,159,169,-1,193,194,195,-1,175,196,176,-1,176,196,197,-1,176,197,189,-1,189,197,198,-1,189,198,188,-1,199,200,147,-1,195,199,193,-1,193,199,147,-1,193,147,201,-1,201,147,168,-1,201,168,202,-1,202,168,203,-1,204,205,206,-1,207,208,147,-1,206,207,204,-1,204,207,147,-1,204,147,209,-1,209,147,200,-1,209,200,210,-1,210,200,211,-1,212,213,214,-1,215,216,147,-1,214,215,212,-1,212,215,147,-1,212,147,217,-1,217,147,208,-1,217,208,218,-1,218,208,219,-1,220,221,222,-1,222,223,220,-1,220,223,147,-1,220,147,224,-1,224,147,216,-1,224,216,225,-1,225,216,226,-1,227,228,229,-1,229,228,230,-1,231,232,233,-1,233,232,234,-1,233,234,235,-1,223,229,147,-1,147,229,230,-1,147,230,236,-1,236,230,237,-1,236,237,238,-1,238,237,239,-1,238,239,240,-1,241,242,243,-1,243,242,244,-1,243,244,245,-1,245,244,246,-1,245,246,247,-1,247,246,248,-1,247,248,234,-1,234,248,249,-1,234,249,235,-1,250,251,252,-1,240,253,238,-1,238,253,254,-1,238,254,255,-1,255,254,256,-1,255,256,257,-1,257,256,258,-1,257,258,259,-1,259,258,260,-1,259,260,261,-1,261,260,262,-1,261,262,263,-1,263,262,242,-1,263,242,264,-1,264,242,241,-1,265,266,267,-1,267,266,268,-1,269,270,271,-1,155,270,153,-1,153,270,269,-1,153,269,232,-1,232,269,272,-1,232,272,234,-1,273,274,271,-1,271,274,275,-1,271,275,269,-1,269,275,276,-1,277,278,276,-1,276,278,279,-1,276,279,269,-1,269,279,280,-1,281,282,280,-1,280,282,283,-1,280,283,269,-1,269,283,284,-1,285,286,284,-1,284,286,287,-1,284,287,269,-1,269,287,288,-1,289,290,288,-1,288,290,291,-1,288,291,269,-1,269,291,292,-1,293,294,292,-1,292,294,295,-1,292,295,269,-1,269,295,296,-1,297,298,296,-1,296,298,299,-1,296,299,269,-1,269,299,300,-1,301,302,300,-1,300,302,303,-1,300,303,269,-1,269,303,250,-1,269,250,304,-1,304,250,252,-1,162,305,160,-1,160,305,306,-1,160,306,268,-1,268,306,269,-1,268,269,267,-1,267,269,304,-1,163,161,307,-1,307,161,308,-1,307,308,309,-1,252,251,310,-1,310,251,311,-1,266,265,309,-1,309,265,312,-1,309,312,307,-1,307,312,310,-1,307,310,313,-1,313,310,311,-1,313,311,314,-1,315,298,297,-1,316,317,313,-1,297,316,315,-1,315,316,313,-1,315,313,318,-1,318,313,314,-1,318,314,301,-1,301,314,302,-1,319,290,289,-1,320,321,313,-1,289,320,319,-1,319,320,313,-1,319,313,322,-1,322,313,317,-1,322,317,293,-1,293,317,294,-1,323,282,281,-1,324,325,313,-1,281,324,323,-1,323,324,313,-1,323,313,326,-1,326,313,321,-1,326,321,285,-1,285,321,286,-1,327,274,273,-1,328,329,313,-1,273,328,327,-1,327,328,313,-1,327,313,330,-1,330,313,325,-1,330,325,277,-1,277,325,278,-1,231,233,331,-1,331,233,313,-1,331,313,332,-1,332,313,329,-1,332,329,154,-1,154,329,155,-1,333,240,239,-1,239,334,333,-1,333,334,335,-1,333,335,336,-1,337,222,221,-1,338,339,336,-1,221,338,337,-1,337,338,336,-1,337,336,340,-1,340,336,335,-1,340,335,227,-1,227,335,228,-1,341,214,213,-1,342,343,336,-1,213,342,341,-1,341,342,336,-1,341,336,344,-1,344,336,339,-1,344,339,226,-1,226,339,225,-1,345,206,205,-1,346,347,336,-1,205,346,345,-1,345,346,336,-1,345,336,348,-1,348,336,343,-1,348,343,219,-1,219,343,218,-1,349,195,194,-1,350,351,336,-1,194,350,349,-1,349,350,336,-1,349,336,352,-1,352,336,347,-1,352,347,211,-1,211,347,210,-1,353,166,165,-1,354,355,336,-1,165,354,353,-1,353,354,336,-1,353,336,356,-1,356,336,351,-1,356,351,203,-1,203,351,202,-1,190,191,357,-1,357,191,336,-1,357,336,358,-1,358,336,355,-1,358,355,179,-1,179,355,178,-1,263,264,359,-1,359,264,39,-1,359,39,360,-1,360,39,129,-1,269,26,43,-1,269,43,272,-1,272,43,42,-1,272,42,234,-1,234,42,41,-1,234,41,247,-1,247,41,40,-1,247,40,245,-1,245,40,36,-1,245,36,243,-1,243,36,35,-1,243,35,241,-1,241,35,39,-1,241,39,264,-1,306,17,269,-1,269,17,26,-1,198,0,2,-1,198,2,188,-1,188,2,4,-1,188,4,186,-1,186,4,3,-1,186,3,184,-1,184,3,14,-1,184,14,182,-1,182,14,13,-1,182,13,162,-1,162,13,10,-1,162,10,305,-1,305,10,17,-1,305,17,306,-1,361,55,362,-1,362,55,0,-1,362,0,197,-1,197,0,198,-1,146,145,363,-1,146,363,158,-1,158,363,364,-1,158,364,159,-1,159,364,365,-1,159,365,171,-1,171,365,366,-1,171,366,173,-1,173,366,367,-1,173,367,175,-1,175,367,368,-1,175,368,196,-1,196,368,362,-1,196,362,197,-1,263,359,369,-1,263,369,261,-1,261,369,370,-1,261,370,259,-1,259,370,371,-1,259,371,257,-1,257,371,372,-1,257,372,255,-1,255,372,373,-1,255,373,238,-1,238,373,374,-1,238,374,236,-1,236,374,151,-1,236,151,147,-1,375,376,262,-1,262,376,242,-1,176,189,377,-1,377,189,378,-1,379,380,381,-1,381,380,382,-1,375,383,384,-1,375,384,376,-1,376,384,385,-1,376,385,386,-1,313,387,388,-1,313,388,307,-1,307,388,389,-1,307,389,390,-1,391,392,336,-1,336,392,393,-1,336,393,333,-1,333,393,394,-1,378,395,396,-1,378,396,377,-1,377,396,397,-1,377,397,398,-1,378,189,395,-1,395,189,187,-1,395,187,399,-1,399,187,400,-1,400,187,185,-1,400,185,401,-1,401,185,402,-1,402,185,183,-1,402,183,403,-1,403,183,404,-1,404,183,181,-1,404,181,405,-1,405,181,406,-1,406,181,180,-1,406,180,407,-1,163,307,180,-1,180,307,390,-1,180,390,407,-1,336,191,391,-1,391,191,192,-1,391,192,408,-1,408,192,409,-1,409,192,169,-1,409,169,410,-1,410,169,411,-1,411,169,170,-1,411,170,412,-1,412,170,413,-1,413,170,172,-1,413,172,414,-1,414,172,415,-1,415,172,174,-1,415,174,416,-1,176,377,174,-1,174,377,398,-1,174,398,416,-1,407,390,389,-1,389,417,407,-1,407,417,418,-1,407,418,406,-1,418,419,406,-1,406,419,420,-1,406,420,405,-1,405,420,421,-1,405,421,404,-1,422,403,423,-1,423,403,404,-1,423,404,424,-1,424,404,421,-1,422,425,403,-1,403,425,426,-1,403,426,402,-1,402,426,427,-1,402,427,401,-1,401,427,428,-1,401,428,400,-1,400,428,429,-1,400,429,399,-1,399,429,396,-1,399,396,395,-1,397,396,430,-1,430,396,431,-1,430,431,432,-1,432,431,433,-1,432,433,434,-1,434,433,435,-1,434,435,436,-1,436,435,437,-1,436,437,438,-1,438,437,439,-1,438,439,440,-1,440,439,441,-1,440,441,442,-1,442,441,443,-1,442,443,444,-1,443,445,444,-1,444,445,382,-1,444,382,380,-1,446,447,413,-1,413,414,446,-1,446,414,415,-1,446,415,397,-1,397,415,416,-1,397,416,398,-1,448,412,449,-1,449,412,413,-1,449,413,450,-1,450,413,447,-1,448,451,412,-1,412,451,452,-1,412,452,411,-1,411,452,453,-1,411,453,410,-1,453,454,410,-1,410,454,455,-1,410,455,409,-1,409,455,456,-1,409,456,408,-1,457,392,391,-1,408,456,391,-1,391,456,458,-1,391,458,457,-1,313,233,387,-1,387,233,235,-1,387,235,459,-1,459,235,460,-1,460,235,249,-1,460,249,461,-1,461,249,462,-1,462,249,248,-1,462,248,463,-1,463,248,464,-1,464,248,246,-1,464,246,465,-1,465,246,466,-1,466,246,244,-1,466,244,467,-1,242,376,244,-1,244,376,386,-1,244,386,467,-1,445,443,468,-1,441,439,469,-1,437,435,470,-1,433,431,471,-1,427,426,472,-1,419,418,473,-1,474,417,389,-1,475,421,473,-1,473,421,420,-1,473,420,419,-1,476,423,424,-1,423,476,422,-1,422,476,477,-1,422,477,425,-1,427,472,428,-1,428,472,471,-1,428,471,429,-1,429,471,431,-1,429,431,396,-1,389,478,474,-1,474,478,479,-1,474,479,480,-1,479,481,480,-1,480,481,482,-1,480,482,483,-1,482,484,483,-1,483,484,485,-1,483,485,468,-1,435,433,470,-1,470,433,471,-1,470,471,477,-1,477,471,472,-1,477,472,425,-1,425,472,426,-1,439,437,469,-1,469,437,470,-1,469,470,486,-1,486,470,477,-1,486,477,475,-1,475,477,476,-1,475,476,421,-1,421,476,424,-1,443,441,468,-1,468,441,469,-1,468,469,483,-1,483,469,486,-1,483,486,480,-1,480,486,475,-1,480,475,474,-1,474,475,473,-1,474,473,417,-1,417,473,418,-1,382,445,487,-1,487,445,468,-1,487,468,488,-1,488,468,485,-1,436,438,489,-1,432,434,490,-1,451,448,491,-1,397,430,446,-1,446,430,492,-1,448,449,491,-1,491,449,450,-1,491,450,492,-1,492,450,447,-1,492,447,446,-1,454,453,493,-1,493,453,452,-1,493,452,494,-1,458,456,495,-1,495,456,455,-1,495,455,496,-1,380,497,444,-1,444,497,498,-1,444,498,442,-1,442,498,440,-1,430,432,492,-1,492,432,490,-1,492,490,491,-1,491,490,494,-1,491,494,451,-1,451,494,452,-1,497,499,498,-1,498,499,500,-1,498,500,501,-1,434,436,490,-1,490,436,489,-1,490,489,494,-1,494,489,502,-1,494,502,493,-1,493,502,496,-1,493,496,454,-1,454,496,455,-1,500,503,501,-1,501,503,504,-1,501,504,505,-1,438,440,489,-1,489,440,498,-1,489,498,502,-1,502,498,501,-1,502,501,496,-1,496,501,505,-1,496,505,495,-1,495,505,506,-1,495,506,458,-1,458,506,457,-1,392,457,507,-1,507,457,506,-1,507,506,508,-1,508,506,505,-1,508,505,509,-1,509,505,504,-1,375,262,383,-1,383,262,260,-1,383,260,510,-1,510,260,511,-1,511,260,258,-1,511,258,512,-1,512,258,513,-1,513,258,256,-1,513,256,514,-1,514,256,515,-1,515,256,254,-1,515,254,516,-1,516,254,517,-1,517,254,253,-1,517,253,518,-1,240,333,253,-1,253,333,394,-1,253,394,518,-1,519,520,464,-1,519,464,521,-1,464,465,521,-1,521,465,466,-1,521,466,385,-1,385,466,467,-1,385,467,386,-1,520,522,464,-1,464,522,523,-1,464,523,463,-1,523,524,463,-1,463,524,525,-1,463,525,462,-1,462,525,526,-1,462,526,461,-1,526,527,461,-1,461,527,528,-1,461,528,460,-1,460,528,529,-1,460,529,459,-1,530,388,387,-1,459,529,387,-1,387,529,531,-1,387,531,530,-1,389,388,478,-1,478,388,532,-1,478,532,479,-1,479,532,533,-1,479,533,481,-1,481,533,534,-1,481,534,482,-1,482,534,535,-1,482,535,484,-1,484,535,536,-1,484,536,485,-1,485,536,537,-1,485,537,488,-1,488,537,538,-1,488,538,487,-1,538,539,487,-1,487,539,381,-1,487,381,382,-1,393,392,540,-1,540,392,507,-1,540,507,541,-1,541,507,508,-1,541,508,542,-1,542,508,509,-1,542,509,543,-1,543,509,504,-1,543,504,544,-1,544,504,503,-1,544,503,545,-1,545,503,500,-1,545,500,546,-1,546,500,499,-1,546,499,547,-1,499,497,547,-1,547,497,380,-1,547,380,379,-1,518,394,393,-1,393,548,518,-1,518,548,549,-1,518,549,517,-1,517,549,550,-1,517,550,516,-1,550,551,516,-1,516,551,552,-1,516,552,515,-1,553,514,554,-1,554,514,515,-1,554,515,555,-1,555,515,552,-1,553,556,514,-1,514,556,557,-1,514,557,513,-1,513,557,558,-1,513,558,512,-1,512,558,559,-1,512,559,511,-1,511,559,560,-1,511,560,510,-1,510,560,384,-1,510,384,383,-1,561,562,563,-1,524,523,564,-1,523,522,564,-1,564,522,520,-1,564,520,565,-1,565,520,519,-1,565,519,521,-1,527,526,566,-1,566,526,525,-1,566,525,567,-1,531,529,568,-1,568,529,528,-1,568,528,569,-1,388,530,532,-1,532,530,570,-1,532,570,533,-1,533,570,571,-1,572,535,571,-1,571,535,534,-1,571,534,533,-1,539,538,573,-1,573,538,537,-1,573,537,572,-1,572,537,536,-1,572,536,535,-1,525,524,567,-1,567,524,564,-1,567,564,574,-1,574,564,565,-1,381,539,575,-1,575,539,573,-1,575,573,576,-1,576,573,577,-1,562,577,563,-1,563,577,573,-1,563,573,578,-1,578,573,572,-1,578,572,569,-1,569,572,571,-1,569,571,568,-1,568,571,570,-1,568,570,531,-1,531,570,530,-1,579,561,574,-1,574,561,563,-1,574,563,567,-1,567,563,578,-1,567,578,566,-1,566,578,569,-1,566,569,527,-1,527,569,528,-1,579,574,580,-1,580,574,565,-1,580,565,581,-1,581,565,521,-1,581,521,385,-1,582,583,584,-1,585,586,587,-1,588,589,590,-1,558,557,591,-1,550,549,592,-1,593,548,393,-1,594,552,592,-1,592,552,551,-1,592,551,550,-1,595,554,555,-1,554,595,553,-1,553,595,596,-1,553,596,556,-1,558,591,559,-1,559,591,584,-1,559,584,560,-1,560,584,583,-1,560,583,384,-1,597,598,599,-1,599,598,547,-1,599,547,379,-1,600,545,598,-1,598,545,546,-1,598,546,547,-1,586,582,587,-1,587,582,584,-1,587,584,596,-1,596,584,591,-1,596,591,556,-1,556,591,557,-1,601,543,600,-1,600,543,544,-1,600,544,545,-1,589,585,590,-1,590,585,587,-1,590,587,602,-1,602,587,596,-1,602,596,594,-1,594,596,595,-1,594,595,552,-1,552,595,555,-1,393,540,593,-1,593,540,541,-1,593,541,601,-1,601,541,542,-1,601,542,543,-1,597,588,598,-1,598,588,590,-1,598,590,600,-1,600,590,602,-1,600,602,601,-1,601,602,594,-1,601,594,593,-1,593,594,592,-1,593,592,548,-1,548,592,549,-1,385,384,581,-1,581,384,583,-1,581,583,580,-1,580,583,582,-1,580,582,579,-1,579,582,586,-1,579,586,561,-1,561,586,585,-1,561,585,562,-1,562,585,589,-1,562,589,577,-1,577,589,588,-1,577,588,576,-1,576,588,597,-1,576,597,575,-1,597,599,575,-1,575,599,379,-1,575,379,381,-1,369,359,360,-1,371,603,604,-1,151,374,149,-1,149,374,373,-1,149,373,605,-1,605,373,372,-1,605,372,606,-1,606,372,371,-1,606,371,607,-1,607,371,604,-1,603,371,360,-1,360,371,370,-1,360,370,369,-1,365,364,152,-1,152,364,363,-1,152,363,145,-1,608,366,609,-1,609,366,365,-1,609,365,610,-1,610,365,152,-1,362,368,361,-1,361,368,367,-1,361,367,611,-1,611,367,366,-1,611,366,612,-1,612,366,608,-1,130,149,605,-1,130,605,48,-1,48,605,606,-1,48,606,50,-1,50,606,607,-1,50,607,49,-1,49,607,604,-1,49,604,47,-1,47,604,603,-1,47,603,128,-1,128,603,360,-1,128,360,129,-1,55,361,611,-1,55,611,56,-1,56,611,612,-1,56,612,57,-1,57,612,608,-1,57,608,58,-1,58,608,609,-1,58,609,59,-1,59,609,610,-1,59,610,54,-1,54,610,152,-1,54,152,53,-1,
        ]
    }
}
Shape{
    appearance Appearance {
        material  Material 	{
            diffuseColor 0.8313725490196079 0.6705882352941176 0.12941176470588237
            specularColor 0.6666666666666666 0.5372549019607843 0.10196078431372549
            ambientIntensity 0.657
            transparency 0.0
            shininess 0.5
        }
    }
    geometry IndexedFaceSet {
        ccw TRUE
        solid FALSE
        coord DEF co Coordinate {
            point [
                -1.0276 -0.8709 -0.1654, -1.0276 -0.8709 -0.1693, -1.0276 0.3102 -0.1654, -1.0276 0.3102 -0.1693, -1.1378 0.3102 -0.1654, -1.1378 0.3102 -0.1693, -1.1378 -0.8709 -0.1654, -1.1378 -0.8709 -0.1693, -0.8307 -0.8709 -0.1654, -0.8307 -0.8709 -0.1693, -0.8307 0.3102 -0.1654, -0.8307 0.3102 -0.1693, -0.9409 0.3102 -0.1654, -0.9409 0.3102 -0.1693, -0.9409 -0.8709 -0.1654, -0.9409 -0.8709 -0.1693, -0.6339 -0.8709 -0.1654, -0.6339 -0.8709 -0.1693, -0.6339 0.3102 -0.1654, -0.6339 0.3102 -0.1693, -0.7441 0.3102 -0.1654, -0.7441 0.3102 -0.1693, -0.7441 -0.8709 -0.1654, -0.7441 -0.8709 -0.1693, -0.437 -0.8709 -0.1654, -0.437 -0.8709 -0.1693, -0.437 0.3102 -0.1654, -0.437 0.3102 -0.1693, -0.5472 0.3102 -0.1654, -0.5472 0.3102 -0.1693, -0.5472 -0.8709 -0.1654, -0.5472 -0.8709 -0.1693, -0.2402 -0.8709 -0.1654, -0.2402 -0.8709 -0.1693, -0.2402 0.3102 -0.1654, -0.2402 0.3102 -0.1693, -0.3504 0.3102 -0.1654, -0.3504 0.3102 -0.1693, -0.3504 -0.8709 -0.1654, -0.3504 -0.8709 -0.1693, -0.0433 -0.8709 -0.1654, -0.0433 -0.8709 -0.1693, -0.0433 0.3102 -0.1654, -0.0433 0.3102 -0.1693, -0.1535 0.3102 -0.1654, -0.1535 0.3102 -0.1693, -0.1535 -0.8709 -0.1654, -0.1535 -0.8709 -0.1693, 0.1535 -0.8709 -0.1654, 0.1535 -0.8709 -0.1693, 0.1535 0.3102 -0.1654, 0.1535 0.3102 -0.1693, 0.0433 0.3102 -0.1654, 0.0433 0.3102 -0.1693, 0.0433 -0.8709 -0.1654, 0.0433 -0.8709 -0.1693, 0.3504 -0.8709 -0.1654, 0.3504 -0.8709 -0.1693, 0.3504 0.3102 -0.1654, 0.3504 0.3102 -0.1693, 0.2402 0.3102 -0.1654, 0.2402 0.3102 -0.1693, 0.2402 -0.8709 -0.1654, 0.2402 -0.8709 -0.1693, 0.5472 -0.8709 -0.1654, 0.5472 -0.8709 -0.1693, 0.5472 0.3102 -0.1654, 0.5472 0.3102 -0.1693, 0.437 0.3102 -0.1654, 0.437 0.3102 -0.1693, 0.437 -0.8709 -0.1654, 0.437 -0.8709 -0.1693, 0.7441 -0.8709 -0.1654, 0.7441 -0.8709 -0.1693, 0.7441 0.3102 -0.1654, 0.7441 0.3102 -0.1693, 0.6339 0.3102 -0.1654, 0.6339 0.3102 -0.1693, 0.6339 -0.8709 -0.1654, 0.6339 -0.8709 -0.1693, 0.9409 -0.8709 -0.1654, 0.9409 -0.8709 -0.1693, 0.9409 0.3102 -0.1654, 0.9409 0.3102 -0.1693, 0.8307 0.3102 -0.1654, 0.8307 0.3102 -0.1693, 0.8307 -0.8709 -0.1654, 0.8307 -0.8709 -0.1693, 1.1378 -0.8709 -0.1654, 1.1378 -0.8709 -0.1693, 1.1378 0.3102 -0.1654, 1.1378 0.3102 -0.1693, 1.0276 0.3102 -0.1654, 1.0276 0.3102 -0.1693, 1.0276 -0.8709 -0.1654, 1.0276 -0.8709 -0.1693, -0.8307 0.3102 0.3071, -0.8307 0.3102 0.311, -0.8307 -0.8709 0.3071, -0.8307 -0.8709 0.311, -0.9409 -0.8709 0.3071, -0.9409 -0.8709 0.311, -0.9409 0.3102 0.3071, -0.9409 0.3102 0.311, -0.6339 0.3102 0.3071, -0.6339 0.3102 0.311, -0.6339 -0.8709 0.3071, -0.6339 -0.8709 0.311, -0.7441 -0.8709 0.3071, -0.7441 -0.8709 0.311, -0.7441 0.3102 0.3071, -0.7441 0.3102 0.311, -0.437 0.3102 0.3071, -0.437 0.3102 0.311, -0.437 -0.8709 0.3071, -0.437 -0.8709 0.311, -0.5472 -0.8709 0.3071, -0.5472 -0.8709 0.311, -0.5472 0.3102 0.3071, -0.5472 0.3102 0.311, -0.2402 0.3102 0.3071, -0.2402 0.3102 0.311, -0.2402 -0.8709 0.3071, -0.2402 -0.8709 0.311, -0.3504 -0.8709 0.3071, -0.3504 -0.8709 0.311, -0.3504 0.3102 0.3071, -0.3504 0.3102 0.311, -0.0433 0.3102 0.3071, -0.0433 0.3102 0.311, -0.0433 -0.8709 0.3071, -0.0433 -0.8709 0.311, -0.1535 -0.8709 0.3071, -0.1535 -0.8709 0.311, -0.1535 0.3102 0.3071, -0.1535 0.3102 0.311, 0.1535 0.3102 0.3071, 0.1535 0.3102 0.311, 0.1535 -0.8709 0.3071, 0.1535 -0.8709 0.311, 0.0433 -0.8709 0.3071, 0.0433 -0.8709 0.311, 0.0433 0.3102 0.3071, 0.0433 0.3102 0.311, 0.3504 0.3102 0.3071, 0.3504 0.3102 0.311, 0.3504 -0.8709 0.3071, 0.3504 -0.8709 0.311, 0.2402 -0.8709 0.3071, 0.2402 -0.8709 0.311, 0.2402 0.3102 0.3071, 0.2402 0.3102 0.311, 0.5472 0.3102 0.3071, 0.5472 0.3102 0.311, 0.5472 -0.8709 0.3071, 0.5472 -0.8709 0.311, 0.437 -0.8709 0.3071, 0.437 -0.8709 0.311, 0.437 0.3102 0.3071, 0.437 0.3102 0.311, 0.7441 0.3102 0.3071, 0.7441 0.3102 0.311, 0.7441 -0.8709 0.3071, 0.7441 -0.8709 0.311, 0.6339 -0.8709 0.3071, 0.6339 -0.8709 0.311, 0.6339 0.3102 0.3071, 0.6339 0.3102 0.311, 0.9409 0.3102 0.3071, 0.9409 0.3102 0.311, 0.9409 -0.8709 0.3071, 0.9409 -0.8709 0.311, 0.8307 -0.8709 0.3071, 0.8307 -0.8709 0.311, 0.8307 0.3102 0.3071, 0.8307 0.3102 0.311, 1.1378 0.3102 0.3071, 1.1378 0.3102 0.311, 1.1378 -0.8709 0.3071, 1.1378 -0.8709 0.311, 1.0276 -0.8709 0.3071, 1.0276 -0.8709 0.311, 1.0276 0.3102 0.3071, 1.0276 0.3102 0.311, -1.0276 0.3102 0.3071, -1.0276 0.3102 0.311, -1.0276 -0.8709 0.3071, -1.0276 -0.8709 0.311, -1.1378 -0.8709 0.3071, -1.1378 -0.8709 0.311, -1.1378 0.3102 0.3071, -1.1378 0.3102 0.311
            ]
        }
        coordIndex [
            0,1,2,-1,2,1,3,-1,4,5,6,-1,6,5,7,-1,3,5,2,-1,2,5,4,-1,5,3,7,-1,7,3,1,-1,8,9,10,-1,10,9,11,-1,12,13,14,-1,14,13,15,-1,11,13,10,-1,10,13,12,-1,13,11,15,-1,15,11,9,-1,16,17,18,-1,18,17,19,-1,20,21,22,-1,22,21,23,-1,19,21,18,-1,18,21,20,-1,21,19,23,-1,23,19,17,-1,24,25,26,-1,26,25,27,-1,28,29,30,-1,30,29,31,-1,27,29,26,-1,26,29,28,-1,29,27,31,-1,31,27,25,-1,32,33,34,-1,34,33,35,-1,36,37,38,-1,38,37,39,-1,35,37,34,-1,34,37,36,-1,37,35,39,-1,39,35,33,-1,40,41,42,-1,42,41,43,-1,44,45,46,-1,46,45,47,-1,43,45,42,-1,42,45,44,-1,45,43,47,-1,47,43,41,-1,48,49,50,-1,50,49,51,-1,52,53,54,-1,54,53,55,-1,51,53,50,-1,50,53,52,-1,53,51,55,-1,55,51,49,-1,56,57,58,-1,58,57,59,-1,60,61,62,-1,62,61,63,-1,59,61,58,-1,58,61,60,-1,61,59,63,-1,63,59,57,-1,64,65,66,-1,66,65,67,-1,68,69,70,-1,70,69,71,-1,67,69,66,-1,66,69,68,-1,69,67,71,-1,71,67,65,-1,72,73,74,-1,74,73,75,-1,76,77,78,-1,78,77,79,-1,75,77,74,-1,74,77,76,-1,77,75,79,-1,79,75,73,-1,80,81,82,-1,82,81,83,-1,84,85,86,-1,86,85,87,-1,83,85,82,-1,82,85,84,-1,85,83,87,-1,87,83,81,-1,88,89,90,-1,90,89,91,-1,92,93,94,-1,94,93,95,-1,91,93,90,-1,90,93,92,-1,93,91,95,-1,95,91,89,-1,96,97,98,-1,98,97,99,-1,100,101,102,-1,102,101,103,-1,103,97,102,-1,102,97,96,-1,97,103,99,-1,99,103,101,-1,104,105,106,-1,106,105,107,-1,108,109,110,-1,110,109,111,-1,111,105,110,-1,110,105,104,-1,105,111,107,-1,107,111,109,-1,112,113,114,-1,114,113,115,-1,116,117,118,-1,118,117,119,-1,119,113,118,-1,118,113,112,-1,113,119,115,-1,115,119,117,-1,120,121,122,-1,122,121,123,-1,124,125,126,-1,126,125,127,-1,127,121,126,-1,126,121,120,-1,121,127,123,-1,123,127,125,-1,128,129,130,-1,130,129,131,-1,132,133,134,-1,134,133,135,-1,135,129,134,-1,134,129,128,-1,129,135,131,-1,131,135,133,-1,136,137,138,-1,138,137,139,-1,140,141,142,-1,142,141,143,-1,143,137,142,-1,142,137,136,-1,137,143,139,-1,139,143,141,-1,144,145,146,-1,146,145,147,-1,148,149,150,-1,150,149,151,-1,151,145,150,-1,150,145,144,-1,145,151,147,-1,147,151,149,-1,152,153,154,-1,154,153,155,-1,156,157,158,-1,158,157,159,-1,159,153,158,-1,158,153,152,-1,153,159,155,-1,155,159,157,-1,160,161,162,-1,162,161,163,-1,164,165,166,-1,166,165,167,-1,167,161,166,-1,166,161,160,-1,161,167,163,-1,163,167,165,-1,168,169,170,-1,170,169,171,-1,172,173,174,-1,174,173,175,-1,175,169,174,-1,174,169,168,-1,169,175,171,-1,171,175,173,-1,176,177,178,-1,178,177,179,-1,180,181,182,-1,182,181,183,-1,183,177,182,-1,182,177,176,-1,177,183,179,-1,179,183,181,-1,184,185,186,-1,186,185,187,-1,188,189,190,-1,190,189,191,-1,191,185,190,-1,190,185,184,-1,185,191,187,-1,187,191,189,-1,
        ]
    }
}
Shape{
    appearance Appearance {
        material  Material 	{
            diffuseColor 0.17647058823529413 0.17647058823529413 0.17647058823529413
            specularColor 0.011764705882352941 0.011764705882352941 0.011764705882352941
            ambientIntensity 0.251
            transparency 0.0
            shininess 0.5
        }
    }
    geometry IndexedFaceSet {
        ccw TRUE
        solid FALSE
        coord DEF co Coordinate {
            point [
                1.2795 -1.5678 -0.5512, 1.2795 -1.3316 -0.5512, 1.2795 -1.5678 -0.4331, 1.2795 -1.3316 -0.4331, -1.2795 -1.3316 -0.5512, -1.2795 -1.5678 -0.5512, -1.2795 -1.3316 -0.4331, -1.2795 -1.5678 -0.4331
            ]
        }
        coordIndex [
            0,1,2,-1,2,1,3,-1,4,5,6,-1,6,5,7,-1,1,4,3,-1,3,4,6,-1,5,4,0,-1,0,4,1,-1,
        ]
    }
}
Shape{
    appearance Appearance {
        material  Material 	{
            diffuseColor 0.8313725490196079 0.6705882352941176 0.12941176470588237
            specularColor 0.6666666666666666 0.5372549019607843 0.10196078431372549
            ambientIntensity 0.657
            transparency 0.0
            shininess 0.5
        }
    }
    geometry IndexedFaceSet {
        ccw TRUE
        solid FALSE
        coord DEF co Coordinate {
            point [
                1.2697 -1.8552 0.0236, 1.2697 -1.8552 -0.0157, 1.3484 -1.8552 0.0236, 1.3484 -1.8552 -0.0157, 1.2697 -1.5678 -0.0157, 1.2697 -1.5678 0.0236, 1.3484 -1.5678 0.0236, 1.3484 -1.5678 -0.0157, 0.9547 -1.8552 0.0236, 0.9547 -1.8552 -0.0157, 1.0335 -1.8552 0.0236, 1.0335 -1.8552 -0.0157, 0.9547 -1.5678 -0.0157, 0.9547 -1.5678 0.0236, 1.0335 -1.5678 0.0236, 1.0335 -1.5678 -0.0157, 1.1713 -1.8552 0.0236, 1.1713 -1.8552 -0.0157, 1.25 -1.8552 0.0236, 1.25 -1.8552 -0.0157, 1.1713 -1.5678 -0.0157, 1.1713 -1.5678 0.0236, 1.25 -1.5678 0.0236, 1.25 -1.5678 -0.0157, 0.8563 -1.8552 0.0236, 0.8563 -1.8552 -0.0157, 0.935 -1.8552 0.0236, 0.935 -1.8552 -0.0157, 0.8563 -1.5678 -0.0157, 0.8563 -1.5678 0.0236, 0.935 -1.5678 0.0236, 0.935 -1.5678 -0.0157, 0.6496 -1.8552 0.0236, 0.6496 -1.8552 -0.0157, 0.7283 -1.8552 0.0236, 0.7283 -1.8552 -0.0157, 0.6496 -1.5678 -0.0157, 0.6496 -1.5678 0.0236, 0.7283 -1.5678 0.0236, 0.7283 -1.5678 -0.0157, 0.4528 -1.8552 0.0236, 0.4528 -1.8552 -0.0157, 0.5315 -1.8552 0.0236, 0.5315 -1.8552 -0.0157, 0.4528 -1.5678 -0.0157, 0.4528 -1.5678 0.0236, 0.5315 -1.5678 0.0236, 0.5315 -1.5678 -0.0157, 0.0591 -1.8552 0.0236, 0.0591 -1.8552 -0.0157, 0.1378 -1.8552 0.0236, 0.1378 -1.8552 -0.0157, 0.0591 -1.5678 -0.0157, 0.0591 -1.5678 0.0236, 0.1378 -1.5678 0.0236, 0.1378 -1.5678 -0.0157, 0.2559 -1.8552 0.0236, 0.2559 -1.8552 -0.0157, 0.3346 -1.8552 0.0236, 0.3346 -1.8552 -0.0157, 0.2559 -1.5678 -0.0157, 0.2559 -1.5678 0.0236, 0.3346 -1.5678 0.0236, 0.3346 -1.5678 -0.0157, -0.1378 -1.8552 0.0236, -0.1378 -1.8552 -0.0157, -0.0591 -1.8552 0.0236, -0.0591 -1.8552 -0.0157, -0.1378 -1.5678 -0.0157, -0.1378 -1.5678 0.0236, -0.0591 -1.5678 0.0236, -0.0591 -1.5678 -0.0157, -0.3346 -1.8552 0.0236, -0.3346 -1.8552 -0.0157, -0.2559 -1.8552 0.0236, -0.2559 -1.8552 -0.0157, -0.3346 -1.5678 -0.0157, -0.3346 -1.5678 0.0236, -0.2559 -1.5678 0.0236, -0.2559 -1.5678 -0.0157, -0.5315 -1.8552 0.0236, -0.5315 -1.8552 -0.0157, -0.4528 -1.8552 0.0236, -0.4528 -1.8552 -0.0157, -0.5315 -1.5678 -0.0157, -0.5315 -1.5678 0.0236, -0.4528 -1.5678 0.0236, -0.4528 -1.5678 -0.0157, -0.7283 -1.8552 0.0236, -0.7283 -1.8552 -0.0157, -0.6496 -1.8552 0.0236, -0.6496 -1.8552 -0.0157, -0.7283 -1.5678 -0.0157, -0.7283 -1.5678 0.0236, -0.6496 -1.5678 0.0236, -0.6496 -1.5678 -0.0157, -1.0335 -1.8552 0.0236, -1.0335 -1.8552 -0.0157, -0.9547 -1.8552 0.0236, -0.9547 -1.8552 -0.0157, -1.0335 -1.5678 -0.0157, -1.0335 -1.5678 0.0236, -0.9547 -1.5678 0.0236, -0.9547 -1.5678 -0.0157, -0.935 -1.8552 0.0236, -0.935 -1.8552 -0.0157, -0.8563 -1.8552 0.0236, -0.8563 -1.8552 -0.0157, -0.935 -1.5678 -0.0157, -0.935 -1.5678 0.0236, -0.8563 -1.5678 0.0236, -0.8563 -1.5678 -0.0157, -1.25 -1.8552 0.0236, -1.25 -1.8552 -0.0157, -1.1713 -1.8552 0.0236, -1.1713 -1.8552 -0.0157, -1.25 -1.5678 -0.0157, -1.25 -1.5678 0.0236, -1.1713 -1.5678 0.0236, -1.1713 -1.5678 -0.0157, -1.3484 -1.8552 0.0236, -1.3484 -1.8552 -0.0157, -1.2697 -1.8552 0.0236, -1.2697 -1.8552 -0.0157, -1.3484 -1.5678 -0.0157, -1.3484 -1.5678 0.0236, -1.2697 -1.5678 0.0236, -1.2697 -1.5678 -0.0157
            ]
        }
        coordIndex [
            0,1,2,-1,2,1,3,-1,4,1,5,-1,5,1,0,-1,5,0,6,-1,6,0,2,-1,6,2,7,-1,7,2,3,-1,4,7,1,-1,1,7,3,-1,8,9,10,-1,10,9,11,-1,12,9,13,-1,13,9,8,-1,13,8,14,-1,14,8,10,-1,14,10,15,-1,15,10,11,-1,12,15,9,-1,9,15,11,-1,16,17,18,-1,18,17,19,-1,20,17,21,-1,21,17,16,-1,21,16,22,-1,22,16,18,-1,22,18,23,-1,23,18,19,-1,20,23,17,-1,17,23,19,-1,24,25,26,-1,26,25,27,-1,28,25,29,-1,29,25,24,-1,29,24,30,-1,30,24,26,-1,30,26,31,-1,31,26,27,-1,28,31,25,-1,25,31,27,-1,32,33,34,-1,34,33,35,-1,36,33,37,-1,37,33,32,-1,37,32,38,-1,38,32,34,-1,38,34,39,-1,39,34,35,-1,36,39,33,-1,33,39,35,-1,40,41,42,-1,42,41,43,-1,44,41,45,-1,45,41,40,-1,45,40,46,-1,46,40,42,-1,46,42,47,-1,47,42,43,-1,44,47,41,-1,41,47,43,-1,48,49,50,-1,50,49,51,-1,52,49,53,-1,53,49,48,-1,53,48,54,-1,54,48,50,-1,54,50,55,-1,55,50,51,-1,52,55,49,-1,49,55,51,-1,56,57,58,-1,58,57,59,-1,60,57,61,-1,61,57,56,-1,61,56,62,-1,62,56,58,-1,62,58,63,-1,63,58,59,-1,60,63,57,-1,57,63,59,-1,64,65,66,-1,66,65,67,-1,68,65,69,-1,69,65,64,-1,69,64,70,-1,70,64,66,-1,70,66,71,-1,71,66,67,-1,68,71,65,-1,65,71,67,-1,72,73,74,-1,74,73,75,-1,76,73,77,-1,77,73,72,-1,77,72,78,-1,78,72,74,-1,78,74,79,-1,79,74,75,-1,76,79,73,-1,73,79,75,-1,80,81,82,-1,82,81,83,-1,84,81,85,-1,85,81,80,-1,85,80,86,-1,86,80,82,-1,86,82,87,-1,87,82,83,-1,84,87,81,-1,81,87,83,-1,88,89,90,-1,90,89,91,-1,92,89,93,-1,93,89,88,-1,93,88,94,-1,94,88,90,-1,94,90,95,-1,95,90,91,-1,92,95,89,-1,89,95,91,-1,96,97,98,-1,98,97,99,-1,100,97,101,-1,101,97,96,-1,101,96,102,-1,102,96,98,-1,102,98,103,-1,103,98,99,-1,100,103,97,-1,97,103,99,-1,104,105,106,-1,106,105,107,-1,108,105,109,-1,109,105,104,-1,109,104,110,-1,110,104,106,-1,110,106,111,-1,111,106,107,-1,108,111,105,-1,105,111,107,-1,112,113,114,-1,114,113,115,-1,116,113,117,-1,117,113,112,-1,117,112,118,-1,118,112,114,-1,118,114,119,-1,119,114,115,-1,116,119,113,-1,113,119,115,-1,120,121,122,-1,122,121,123,-1,124,121,125,-1,125,121,120,-1,125,120,126,-1,126,120,122,-1,126,122,127,-1,127,122,123,-1,124,127,121,-1,121,127,123,-1,
        ]
    }
}